,cut_true_function,cut_false_function,cut_true_effect,cut_false_effect
0,消食清热,补益肝肾,热病烦闷,小儿脱肛
1,托举升阳,外用解毒,舌干口渴,虚损失血
2,壮阳益肾,升阳发散,口渴喜饮,火眼赤肿
3,祛瘀生肌,补益肾阴,食少便溏,皮肤风热
4,和血散瘀,降炎火,木舌重舌,急性泻痢
5,和肝健脾,化痞截疟,阴疽疮疡,大便燥结
6,软坚消瘿,泻下寒积,麻木疼痛,精力不足
7,消积逐瘀,醒脾气,痈毒红肿,心烦不宁
8,消食除积,升阳发表,气虚喘咳,痰浊黄稠
9,安神除烦,滋养温补,虚劳骨蒸,身体消瘦
10,辟秽除瘴,温寒蠲饮,感冒咳嗽,火热毒盛
11,温经通络,涩汤止痢,便秘腹胀,咽喉溃腐
12,养血平肝,补益精血,肺痨咳喘,微恶风寒
13,辟秽祛浊,润泽肌肤,头痛发热,肝脾不调
14,止泻利尿,治痈肿,口干烦渴,肌肉痉挛
15,开窍宁神,催生断片,阴虚劳热,病后恢复
16,托脓生肌,调和气血,肺痈喘胀,带状疮疹
17,利湿去浊,温补脾肾,疥癣疮毒,风热表证
18,泻火消肿,并能明目,淋痛尿血,折伤瘀痛
19,除湿祛风,隆气化痰,恶寒发热,耳道流脓
20,温中行气,固摄脾肾,流注肿毒,刀伤出血
21,清燥润肺,透发麻疹,虚寒腹痛,妇子带下
22,活血祛瘀,补益脾肾,血滞经闭,饮食中毒
23,清热解毒,壮筋骨,劳伤身疼,胃脘热痛
24,平肝解痉,温补肾阳,血热吐血,皮肤疱疹
25,化谈散结,小便频数,水肿臌胀,行走不利
26,祛风开窍,辛温发表,胃痛吞酸,久病体虚
27,拔毒消肿,滋补肝肾,疖肿脓疡,风痹不仁
28,补血杀虫,滋养强壮,肺痨咳血,壮筋骨
29,透表泄热,头痛等症,痨热咳嗽,留滞肌表
30,祛风活血,驱蛔虫,肾亏体虚,炙疮不敛
31,清热去湿,燥湿收敛,自汗气短,慢性头风
32,敛疮止疼,滋补肾阴,热伤津液,淋浊带下
33,杀虫截疟,散寒表汗,白浊血尿,胃肠绞痛
34,下气行水,芳香健胃,实热便秘,乳汁缺少
35,软坚化痰,辛温解表,瘀血凝滞,小腹胀痛
36,镇痛化积,健脾助运,损伤骨折,胃脘闷胀
37,散风和血,缓解药毒,喘咳气逆,流注膀胱
38,明目止泪,软坚散肿,劳倦伤脾,泻而不畅
39,养心安神,利大小便,丹毒疮痈,产后淋沥
40,化瘀疗伤,消肿收敛,瘀血伤痛,驱蛔虫
41,养阴清肺,收敛止痢,阳虚泄泻,胎动漏红
42,化滞止痛,芳香醒胃,膨胀水肿,风毒流注
43,行气通络,治肺痈,疮疡癣疹,排尿困难
44,散寒镇痛,清散风热,血燥便秘,食纳减少
45,除湿凉血,强壮筋骨,湿热泻痢,手足拘挛
46,宽胸利气,补阳益服,风热耳聋,咳痰之证
47,宣表和中,和解表里,高热咳嗽,痔疮瘘管
48,杀虫敛疮,通利二便,血虚痿黄,肢节酸痛
49,攻毒拔毒,缓解止痛,暑湿伤中,胸膈胀满
50,温肺止咳,行气破积,风湿浮肿,胸中积热
51,除烦止渴,调养气血,食少口干,产后虚损
52,祛风化斑,芳香化湿,口糜舌疮,劳卷乏力
53,解毒疗疮,接筋骨,胃热呃逆,风热上壅
54,破血活血,解血热,气怯息短,并可癌肿
55,滋补活血,托痘疮,胃呆食少,皮肤过敏
56,健胃止呕,兴奋健胃,痈肿疔疮,食鱼中毒
57,消食化滞,辛凉解表,扭伤脱臼,皮肤瘢痕
58,消痞解酒,宣散风热,跌扑瘀肿,风热表症
59,利水止痢,清心胃火,头昏少食,眼部涩痒
60,补肝强筋,补益精气,肺痈咳嗽,小儿头疖
61,健脾补虚,泻痢腹痛,食积腹痛,月经过多
62,滋阴敛汗,散头风,风湿痹前,目痛泪出
63,通经下乳,升散透疹,血热崩漏,解血热
64,温肾壮阳,腰膝酸痛,阴虚骨蒸,症瘕浮肿
65,祛风疗痹,托毒外出,疮疖疗毒,小儿甙积
66,活血舒筋,补益气血,心热惊悸,麻疹初期
67,发汗解毒,滋补壮阳,风寒咳嗽,两肋胀疼
68,安胎止血,发散外邪,赤丹肿毒,腰脊酸痛
69,清热活血,降胃气,自汗失眠,咳嗽喘逆
70,祛风杀虫,汕痛等症,筋伤骨折,病后虚赢
71,泻火明目,补养强壮,疖毒淋病,肉食积滞
72,祛湿止泻,辛散止痛,体虚劳乏,腰背酸痛
73,补虚敛汗,接骨疗,下痢便血,二便阻隔
74,活血行气,通利肠胃,忧郁失眠,精神倦怠
75,温肾润肠,泻肝胆火,热毒痈疮,女子血枯
76,疏风止咳,发散表邪,痰热喘咳,喉舌肿痛
77,祛湿消肿,清热泄浊,肺炎发热,痰白清稀
78,利湿解毒,通利关节,热病便血,阴囊肿痛
79,止血利尿,调中利膈,恶疮赘疣,风热咳嗽
80,发汗止痛,调和诸药,腹涌腹泻,目翳肿痛
81,祛风燥湿,搜风祛湿,神昏抽搐,痘疮倒陷
82,祛寒镇痛,补心益肺,胃脘寒痛,视物不明
83,平肝息风,收敛固涩,恶疮疥癞,痔核肿痛
84,养血化瘀,续断接骨,挫伤青肿,咽喉糜烂
85,泄火止痛,补益脾胃,跌仆闪矬,活动不能
86,通经去瘀,解热截疟,血瘀经闭,不孕瘰疬
87,防腐生肌,滋补强壮,痨伤咳嗽,胁肋胀痛
88,散瘀通络,涌吐风痰,麻疹肺炎,腰腿痹痛
89,补脾束带,散血热,跹精滑精,小便涩少
90,止咳消肿,收敛滋补,虚寒吐泻,阴部生疮
91,清心醒神,泻实热,痰热哮喘,腹中症积
92,拔毒去腐,芳香化浊,疮疖肿疡,厌恶油腻
93,活络消肿,被肾壮阳,眼热赤痛,肠胃血痢
94,舒筋止痛,收敛消肿,筋骨伤痛,便下酸臭
95,解毒利尿,消散痈肿,痈疮疖肿,肺气不利
96,行气健胃,益气补益,跌打损伤,肿硬疼痛
97,滋补肺肾,息风止疫,血虚肢麻,跌打瘀痛
98,祛风逐寒,补益脾肺,痈疖疮癣,疮疡溃烂
99,解毒生肌,散瘀拔弹,脚气湿痹,蚊蚁叮咬
100,镇惊定抽,收敛制酸,湿滞气塞,风邪外袭
101,行气除胀,治水肿,阴虚盗汗,肌体风痒
102,止痛接骨,消积驱蛔,赤白下痢,阳气不宣
103,清肝泻火,甘缓解毒,多梦健忘,劳伤出血
104,杀虫灭虱,滋补养血,湿热带下,肠风便血
105,利肺化痰,软坚破积,咳喘痰多,子官出血
106,泻下导滞,收敛固脱,头昏目胀,小腹空坠
107,散瘀镇痛,,疮疡肿痛,关节红肿
108,益气填精,,湿滞内阻,肚脾肿大
109,通淋利尿,,肺痨虚损,时行感冒
110,清热消痈,,腹水肿胀,风显痹痛
111,镇心安神,,形瘦骨立,小便白浊
112,消肿散结,,风湿竣痪,乳汁不下
113,镇静安神,,虚劳吐血,丹毒游风
114,下气宽胸,,疗肿恶毒,泻痢无度
115,强筋助阳,,症瘕积聚,贫血头晕
116,补虚敛带,,纳少反胃,病后头昏
117,生津养胃,,暑热感冒,大肠气滞
118,拔毒止痒,,食少懒言,产后缺乳
119,除蒸宁咳,,腹满痞塞,乳房肿痛
120,破血行瘀,,瘀阻血凝,胸腹满闷
121,消痔疗疮,,肝风头痛,精神狂躁
122,补气健脾,,热病烦躁,皮肤结核
123,利尿止血,,骨蒸盗汗,所虚食少
124,理气润肠,,脾肾阳虚,脑中痰癖
125,益脾养胃,,腹痛痢疾,艋骨酸软
126,止痛止血,,咽痛失音,带脉不固
127,蠲痹止痛,,心衰水肿,乳房肿硬
128,宣肠益气,,便溏泄泻,恶血留滞
129,化瘀止咳,,体虚头昏,局部青瘀
130,滋阴壮阳,,高热感冒,口渴欲饮
131,消肿杀虫,,心悸多汗,高热不退
132,补肾益气,,亲疮肿毒,中暑头痛
133,养血濡目,,神疲健忘,皮肤麻痹
134,拔毒散结,,咳嗽多痰,食积停滞
135,解热除烦,,阳虚外感,喘息咳嗽
136,生肌敛疮,,胞脘闷胀,藤黄中毒
137,行气化瘀,,痰喘肿满,乌头中毒
138,消炎利尿,,阳痿早泄,带下色白
139,利水通淋,,食积腹胀,妇女带下
140,消瘿散结,,疥疮脓肿,脾胃虚损
141,去瘀消肿,,阳明头痛,睾丸肿大
142,解毒止痒,,肾虚遗尿,子宫下垂
143,散瘀行气,,疮疖疥癣,诸疮肿毒
144,补肺定喘,,湿热胸痞,足膝无务
145,温经通阳,,血虚萎黄,胸腹胀痛
146,解毒镇痉,,肢冷脉微,降炎火
147,通经收敛,,风寒感昌,四肢酸痛
148,祛风发汗,,虚弱头昏,外乳腺炎
149,消痰逐滞,,风寒咳逆,胸脘满闷
150,宣肺除痰,,食积呕吐,冲任不固
151,化瘀止痛,,障翳夜盲,小儿抽搐
152,健脾利水,,梅毒下疳,瘰疬疮毒
153,疏风解热,,腹胀痞满,溃破不敛
154,补虚益气,,郁闷心烦,妇女白带
155,渗湿利水,,寒湿郁滞,畏寒诸证
156,消痰化饮,,尿赤尿痛,烫火烫伤
157,温寒消瘕,,发热头痛,咽喉肿病
158,行气消疝,,泄泻腹痛,症瘕崩漏
159,舒筋活络,,虚痨咳血,胸腹胀闷
160,疏风清暑,,热毒斑疹,手足搐搦
161,敛疮定痛,,咳嗽气喘,小儿语迟
162,敛肺降火,,通经散瘀,四肢乏力
163,利尿解毒,,腹痛泻痢,脘腹胁痛
164,清热止血,,喉痹口疮,胃肠实热
165,行气化湿,,疮疡痈肿,胸膈郁气
166,化瘀活血,,经闭腰痛,腰脚软弱
167,补火助阳,,血虚津亏,手足痛风
168,补心止汗,,反胃呕吐,素体阳盛
169,消暑利湿,,头晕吐逆,关节肿痛
170,行气止泻,,气虚水肿,肢体瘫痪
171,消瘀止痛,,血热酒毒,扁桃体炎
172,养胃和中,,膨胀胀痛,牙齿动摇
173,暖胃止呃,,跌损骨折,肝经风热
174,益精催乳,,痞满作胀,咳嗽少痰
175,退热除疟,,伤风感冒,目亦肿痛
176,祛湿止痢,,肺虚热咳,心气郁结
177,清肝凉血,,恶风冷气,心脾两虚
178,降火止渴,,寒湿伤中,不便不利
179,健胃利肠,,跌扑闪挫,病后虚热
180,镇惊定搐,,肾虚耳聋,预防中暑
181,祛风痰,,热毒疥癣,关节酸痛
182,益气生肌,,疖肿疗疮,肾囊肿胀
183,行瘀定痛,,痈疡肿毒,流水刺痒
184,调经安胎,,食滞腹胀,妇女血虚
185,固肾缩尿,,胃寒呃逆,伤口不合
186,潜阳止血,,咽痛喉痹,蛇毒咬伤
187,清肺化痰,,吐血便血,上部痈肿
188,清肺利咽,,疔肿疖疮,亡阳虚脱
189,降肺气,,热病头痛,脘胁疼痛
190,清热消肿,,牙痛口臭,精神萎靡
191,升提中气,,呕逆食少,跌打风湿
192,解毒定惊,,瘿瘤脚气,喘嗽不止
193,补肾填髓,,头痛胸闷,胎气不和
194,消肿定痛,,久疟发热,腰脊冷痛
195,清肺祛痰,,疮疗肿痛,产后虚劳
196,止血止痛,,热瘀经闭,腰肌劳损
197,解毒祛瘀,,咳嗽痰多,外病体虚
198,杀虫疗癣,,烦热惊狂,腰脚痿弱
199,清热平肝,,上吐下泻,外阴湿痒
200,补气益肾,,惊风癫疾,痈疽肿痛
201,活血续伤,,湿疹疫痒,手足抽搐
202,缩宫止血,,疹毒内陷,脉弦而紧
203,强心补肾,,窦道瘘管,子宫肌瘤
204,发汗解暑,,短气脉虚,阴囊出汗
205,填精补虚,,津枯血燥,食滞腹痛
206,止血和瘀,,气胀腹痛,火热牙痛
207,益气养心,,负湿热痹,目中障翳
208,解热健胃,,痰少粘腻,小儿疳眼
209,补虚消疳,,寒饮咳喘,痔疾出血
210,温肾助阳,,痈疽溃疡,妊娠子痫
211,止痒杀虫,,惊痫搐搦,深部脓肿
212,破积消肿,,心烦神倦,肢体不遂
213,益心润肺,,脾虚血少,咖啡肿痛
214,理气消食,,眼赤肿痛,卒然昏迷
215,行血止痛,,疮疖肿毒,气血亏虚
216,养阴生津,,腹痛肠鸣,外感热病
217,消积除疳,,劳热骨蒸,角膜混浊
218,益阴补血,,疮痈肿毒,肝肾虚弱
219,渗湿辟秽,,痰壅喘咳,胎盘难下
220,消食顺气,,痈疮瘰疬,菠萝中毒
221,破瘀通经,,心悸浮肿,伤暑发热
222,散寒化浊,,遗精阳萎,肠胃积滞
223,散风寒,,跌打内伤,喉风肿闭
224,顺气止痛,,津伤口渴,心神不宁
225,镇疼解毒,,风热声嘶,痘疹难出
226,止痛渗湿,,商热神昏,肝胆火旺
227,化淤止痛,,湿疹疮毒,腰腿麻木
228,活血通脉,,湿浊中阻,筋骨酸软
229,破血逐瘀,,闪挫金伤,胸腹积水
230,益气补血,,蛔虫腹痛,胸内热痰
231,清热疗疮,,头昏头胀,疮面糜烂
232,消积导滞,,遗精夜尿,小儿雀目
233,消食化积,,麻木拘挛,骨节疼痛
234,清热凉肝,,反胃吐酸,胎死腹中
235,消炎退肿,,痰稀色白,暑日烦渴
236,清肝利水,,惊风癫痫,热性湿毒
237,敛疮止痒,,湿疹疥癣,两目昏暗
238,燥湿清热,,赢瘦乏力,脘腹虚痛
239,润肺滋阴,,咳嗽痰血,饮食停滞
240,行血去瘀,,阴痒带下,瘿瘤瘰疬
241,消肿拔脓,,湿疹搔痒,食滞不化
242,祛湿杀虫,,瘰疬痈疽,水火烫伤
243,祛风疏肝,,中暑无汗,产后体亏
244,健脾理气,,湿疹湿疮,五脏虚损
245,祛风生发,,头风头痛,妇女宫冷
246,消炎镇痛,,疮疡疔疖,经血不调
247,清热通淋,,痰湿上蒙,皮肤痒疮
248,益肾润肺,,遗精遗尿,木薯中毒
249,消食下气,,干咳无痰,脾气虚弱
250,攻毒破积,,疮疖癣疥,腰脚痿软
251,养血补心,,风瘫壅盛,吐痰诸症
252,宣肺透疹,,下痢脓血,皮肤枯燥
253,除热止烦,,尿频遗尿,脘腹胀闷
254,通腑泄热,,痨伤吐血,耳内流脓
255,滋阴清热,,祛风痰,翳膜胬肉
256,祛风镇惊,,风癣疥癞,活动不利
257,补肾止咳,,癫痫痰盛,流血不止
258,安神解郁,,血虚身痛,痈疽无头
259,活血除湿,,阴虚风动,泛吐清水
260,滋阴生津,,喘逆气急,妊娠呕吐
261,收敛解毒,,梦遗滑粗,肿胀积聚
262,和胃化湿,,降肺气,晕船呕吐
263,安神止痛,,肾虚腰痛,肚腹冷痛
264,清肝利胆,,暑湿烦渴,毒虫咬伤
265,健脾燥湿,,风湿肢肿,肺寒喘咳
266,益肾强筋,,疮肿湿烂,术后出血
267,消积解毒,,膈食呕吐,小儿疫气
268,消肿化瘀,,燥咳声嘶,小儿麻痹
269,养阴润燥,,便血崩漏,风湿积聚
270,温肺益气,,胸满气促,皮肤瘙痒
271,泻肺清热,,风湿冷痛,肌肤破损
272,镇痛止血,,气虚赢弱,咳嗽有痰
273,止咳消积,,硬肿疼痛,痰少而粘
274,消食解毒,,肾虚咳喘,热淋尤宜
275,祛风行气,,跌打损任,四肢抽搐
276,散风止痛,,气郁暴厥,小儿胎毒
277,祛风止惊,,热痰咳嗽,邪热壅肺
278,祛湿濡筋,,痈疔疮疖,损伤筋骨
279,利咽消肿,,痰厥昏迷,两乳胀痛
280,淡渗利尿,,目昏耳鸣,劳伤脚弱
281,行气宽中,,头昏口燥,腹中冷痛
282,祛痰消炎,,舌红口干,汗出恶风
283,涩肠止泻,,湿热腹泻,稻田皮炎
284,息风止惊,,热疖痈肿,老人干咳
285,祛风通痹,,虚劳蒸热,外袭于咽
286,下气定喘,,身热心烦,牙龈红肿
287,活血去瘀,,痰凝气滞,中风痰壅
288,驱风祛湿,,风痹汗多,藏医肺炎
289,行血通经,,久泻肠滑,睾丸肿痛
290,止痛通络,,喉干音哑,胃服不足
291,理气止血,,腹痛泄痢,口眼歪斜
292,行血消肿,,青盲雀目,筋骨萎软
293,理气健脾,,暑湿厌食,头颅伤痛
294,强壮补气,,经闭症瘕,腹中癖块
295,温肺化饮,,温热癍疹,中风窍闭
296,祛痰定喘,,风毒癞疾,产妇乳少
297,消积利湿,,伤燥咳嗽,胸闷不舒
298,宽胸消痰,,高热烦躁,皮肤痒痛
299,活血散结,,头昏头晕,小儿行迟
300,润肤防裂,,痰咳喘满,小儿腥泻
301,清暑凉营,,湿热内蕴,筋骨无力
302,明目润肺,,水积黄肿,痢疾诸证
303,祛风止痉,,热盛津伤,臂部作痛
304,接筋续骨,,高热伤津,外阴白斑
305,补肾强骨,,痰火哮喘,筋络不舒
306,破积杀虫,,呕逆吐酸,背痈溃烂
307,开窍醒神,,水肿尿少,口噤不开
308,解热镇痛,,散风寒,鱼蟹中毒
309,续骨生肌,,胃热消渴,腰肌扭伤
310,化湿消肿,,肺热痰喘,胸胁胀痛
311,清肝除翳,,痈疽疥癣,咯痰黄稠
312,调气散结,,腹痛便秘,胎动不安
313,接骨疗伤,,肺燥咳血,脚癣感染
314,消痈解毒,,腹满泄泻,头发早白
315,破积行瘀,,症瘕臌胀,疔毒内攻
316,活血止痛,,咳壅咳喘,虚劳损伤
317,化脓除疳,,痈肿疮疖,瘫缓不遂
318,清热杀虫,,上焦烦热,小儿高烧
319,行气散瘀,,痢下脓血,腰膝疼痛
320,除腐生新,,麻疹发热,风痰壅塞
321,温中益胃,,阳虚水肿,四肢挛痛
322,消肿利水,,血虚面黄,产后流血
323,平肝明目,,精亏不育,心悸不眠
324,行气通便,,跌打闪扭,前列腺炎
325,泻火消炎,,创伤骨折,经脉不利
326,驱风除湿,,筋伤骨断,多种肿瘤
327,散结祛痰,,胃病吐酸,四肢酸麻
328,缓急止痛,,肾虚喘促,脉洪数者
329,调中益气,,热淋尿血,内服吐血
330,祛湿健脾,,结核潮热,痔疮下血
331,益精固气,,中风昏迷,脾胃湿热
332,接骨止血,,跌打积瘀,痢下赤白
333,解表止咳,,脾虚泻泄,妇人经闭
334,止血止泻,,痈疽发背,泻下如注
335,止嗽平喘,,疔疮痈肿,小儿湿疹
336,收敛生肌,,咳嗽咳血,心下痞硬
337,养阴敛汗,,中满腹胀,乳结疼痛
338,温胃散寒,,肾虚身冷,腹中包块
339,解毒行瘀,,吐泻腹痛,腰膝酸冷
340,解毒泻火,,头胀头痛,肠胃有寒
341,解毒利水,,咳嗽痰粘,经行腹痛
342,益气行血,,脾虚少食,赤自痢疾
343,泻火解毒,,肺热喘咳,水肿聚起
344,清心明目,,热疮肿毒,小儿痰哮
345,驱风下气,,血虚经闭,藏医眼痛
346,息风镇痉,,湿疹臁疮,饮食减少
347,清火化痰,,泄泻痢疾,腹中胀满
348,止痛通窍,,烦渴胸闷,浸渍肌肤
349,泻热通便,,风热头胀,脾胃气滞
350,益血填精,,疖疮痈肿,肢节酸楚
351,根：气痛,,虚弱赢弱,脚膝酸软
352,托疮排脓,,头晕心悸,喉中痰鸣
353,润肺降气,,血虚筋挛,津液失布
354,驱风散寒,,纳少乏力,痄腮证
355,滋养肝肾,,毒肿结热,水气肿满
356,补血活血,,虚劳羸瘦,子宫脱垂
357,解毒化浊,,湿气腿肿,小儿遗尿
358,补血润燥,,气郁结滞,小儿蛔虫
359,清热止渴,,腰酸腿软,干咳失音
360,壮腰益肾,,阴虚咳血,筋软无力
361,消炎杀菌,,乳食停滞,肢体烦疼
362,祛湿解暑,,痈肿疖毒,经行不畅
363,益肾补元,,目赤咽痛,胃脘疼痛
364,温中健脾,,肠炎痢疾,腹胁胀满
365,清胃止泻,,外病气虚,皮肤痰核
366,下气消谷,,眩晕失眠,小儿久泻
367,破血下气,,风湿痿弱,胸中满闷
368,健胃化积,,咳嗽头痛,皮肤皴裂
369,解酒醒脾,,疥瘌恶疮,小儿乳积
370,解毒消肿,,水肿腹痛,暑显吐泻
371,暖胃止痛,,痰饮痞积,鼻生息肉
372,益气明目,,跌打瘀血,小儿痘疹
373,疏肝行气,,肺热壅盛,小儿风疹
374,活血和瘀,,风温痹痛,全身疼痛
375,散寒止痛,,泄泻下痢,毒蜂螫伤
376,清凉解暑,,淋沥涩痛,伤食泻痢
377,凉血止痢,,暑热痧气,瘀膜遮晴
378,温经散寒,,阴虚外感,筋骨被伤
379,壮阳补血,,咳嗽痰结,经期腹痛
380,温胃止痛,,疮毒痈疽,肝脾不和
381,健胃止痢,,气逆津伤,四肢不温
382,泻下攻积,,淋马腺炎,面色无华
383,行气消积,,脾虚便溏,小儿丹毒
384,填精补髓,,心悸自汗,膀胱宿水
385,补肾强腰,,气闭耳聋,脘腹痞满
386,散瘀止血,,久嗽虚喘,疹痧不透
387,降逆止咳,,热毒壅盛,小儿赤秃
388,止血散瘀,,热毒疮疖,脘腹冷痛
389,消食止血,,呕吐呃逆,闭阻于内
390,消暑化湿,,跌伤肿痛,白带脱肛
391,拔脓生肌,,疖肿痈疽,唇齿干燥
392,疏风清热,,痈疽痔疮,慢性咽痛
393,理气开胃,,多泪怕光,胁下痞块
394,补劳止汗,,肝郁气滞,咳痰黄稠
395,退热除湿,,痰热咳嗽,产妇血崩
396,补气壮阳,,食滞脘痛,湿阻中焦
397,收湿生肌,,风湿骨痛,胸胁痞满
398,熄风镇惊,,湿气水肿,饮食少进
399,解郁安神,,肺热喘痰,寒湿腹痛
400,滋阴泻火,,扭伤骨折,海蛇咬伤
401,解表祛湿,,瘰疬痈肿,食欲减退
402,祛风散瘀,,阴虚血热,小儿脐风
403,透疹解毒,,头风风痹,肺结咳嗽
404,祛淤活血,,虚劳咳嗽,翳障遮睛
405,清热解表,,热盛神昏,老年痰喘
406,消积止痢,,头痛咽痛,膀胱失约
407,调经补血,,跌打伤肿,疮口难合
408,养阴清热,,久咳痰多,皮肤病痒
409,消积健胃,,咳嗽痰喘,精神短少
410,活血散淤,,寒湿痹痛,身目浮肿
411,温中化食,,血热毒盛,头发枯燥
412,和中开胃,,吐泻转筋,烧伤疼痛
413,解暑止渴,,热病伤阴,散血热
414,补肺益脾,,疥癣痒疹,胞膈胀闷
415,祛风胜湿,,痈肿毒疮,湿痹疼痛
416,干用和血,,口噤强直,手足逆冷
417,行血祛瘀,,久疟癖块,容易感冒
418,清炎止痛,,脚痹痿软,湿热淋症
419,收湿敛疮,,下痢腹痛,耳部肿瘤
420,消食止渴,,疮痈疔毒,经脉不畅
421,止咳定痛,,跌损瘀凝,周身浮肿
422,疏散退热,,疮疖疔毒,肺痿吐血
423,破血行气,,心悸怔肿,乳汗不下
424,补肾活血,,脘痛腹胀,热盛伤津
425,疏风搜风,,津伤燥渴,湿疮瘙痒
426,祛痰散结,,咳嗽咽干,民间痢疾
427,益气健脾,,纳呆腹痛,动物咬伤
428,利湿消疳,,阴暑头痛,心烦不眠
429,敛伤生肌,,跌伤瘀痛,精血亏损
430,补脾化痞,,肾虚脱发,四肢痿肢
431,滋阴补血,,感冒风热,四肢挛急
432,退热除烦,,脾虚带下,食俗不振
433,清热明目,,耳聋耳鸣,年老衰弱
434,散结利咽,,热病发热,厨师发热
435,祛寒发汗,,气滞腹疼,虚劳不足
436,止血止痢,,痢疾黄疸,目生翳膜
437,解表退热,,头痛身痛,嗳气则舒
438,清热养心,,寒瘀痛经,心腹烦满
439,解毒消痈,,肾虚目昏,气阴不足
440,解毒止泻,,痰火热结,肌肉酸痛
441,截疟宣肺,,伤寒反汗,目疾多泪
442,祛湿化瘀,,肺虚寒嗽,膀胱结气
443,润燥止咳,,肾性水肿,咽干诸症
444,清热息风,,肝热头痛,肿痛异常
445,清热除烦,,虚痨发热,小儿疳耳
446,理气散寒,,风热肿毒,心胸烦热
447,除风祛湿,,气亏血虚,肝热目赤
448,行气散结,,鼻塞流涕,脾胃火邪
449,平肝潜阳,,风寒暑湿,蛇早咬伤
450,蚀疮生肌,,水湿膨胀,服疽不消
451,清积导滞,,下痢便泄,筋骨不利
452,安神定惊,,急躁易怒,关节不利
453,清火解毒,,疮疡疥癣,屈伸不利
454,解热生津,,疥疮风癣,心腹急痛
455,和胃止呕,,痞闷胀满,肾虚不固
456,消积破聚,,风气头痛,食谷不化
457,镇咳祛痰,,头风脑痛,外力出血
458,解毒散瘀,,痈疮脓肿,精血亏虚
459,降逆和胃,,腹胀腹痛,肢体肿胀
460,敛疮防腐,,暑热泄泻,牙床出血
461,止渴生津,,腹满食少,饮食乏味
462,利水通乳,,梅毒炭疽,皮肤伤损
463,活血消痈,,中恶腹痛,全身发痒
464,解毒消疮,,虚劳消渴,胸膈胀闷
465,滋阴补虚,,吐血胸痛,宿食不消
466,温肾散寒,,痰多气短,筋骨急痛
467,通经消食,,血痢腹痛,妇女不孕
468,利湿清热,,癓瘕积块,胆道结石
469,除湿行气,,胸痹心痛,产后便血
470,平喘利尿,,疗疮肿毒,手术出血
471,活血镇痛,,血瘀肿痛,胸膈饱胀
472,止咳下气,,痈疖疮疡,外可接骨
473,平肝熄风,,阴虚血亏,心火上炎
474,凉血消斑,,结核咳嗽,脘腹冷育
475,驱蛔止痛,,痔漏脱肛,女子带下
476,止血接骨,,虚劳消瘦,燥涩不通
477,活络止痛,,伤寒头疼,产后头痛
478,镇咳祛瘀,,湿毒疮疡,小儿慢惊
479,排脓拔毒,,胎热胎动,手脚痿缩
480,和胃止痛,,身热无汗,脉虚涩弱
481,活血通络,,疖疮肿痛,久病虚弱
482,解痉安神,,疮疡疔肿,肿毒溃烂
483,健胃消积,,疮痈疔肿,暑热痧症
484,镇惊熄风,,气滞胃痛,乳房胀痛
485,清热止痛,,癫狂惊痫,子宫颈癌
486,温肾纳气,,红肿热毒,暑热伤津
487,解表化湿,,便秘尿赤,寒结肿毒
488,消痰止咳,,肠痔下血,皮肤风湿
489,祛风理气,,寒饮咳嗽,小儿惊痫
490,止血凉血,,症瘕癖积,筋骨痿软
491,理气通便,,淋漓不尽,各种头痛
492,敛带杀虫,,湿热泄泻,老痰积块
493,目咳祛痰,,痈疽疔肿,气滞咳嗽
494,补肺敛气,,肺虚气喘,风疹身痒
495,健脾补气,,高热神昏,两胁胀痛
496,开胃化痰,,肺热阴虚,金创疼痛
497,镇咳止痢,,消渴尿多,热痢初起
498,镇痉息风,,口苦口干,腹泻痢疾
499,利尿消肿,,湿热黄疸,口角歪斜
500,补肾固精,,阴亏目昏,慢性便秘
501,降逆止呃,,目赤弱障,食后腹胀
502,益肝解毒,,食少吐泻,肺燥干咳
503,续筋接骨,,热病痉厥,肢节拘挛
504,健胃理气,,风热牙痛,淋涩不通
505,化湿止痛,,乳癌乳痈,牙齿肿痛
506,益气消肿,,秃疮疥癣,小儿麻疹
507,活血消瘀,,肺损咳嗽,杨梅毒疮
508,行瘀通经,,口苦耳鸣,毒蛇蛟伤
509,活络健脾,,寒热疟疾,肢体倦怠
510,清胃止呕,,气逆喘急,臁疮不愈
511,解毒消炎,,呕恶泄泻,妇女经痛
512,止咳止痰,,蓄血发黄,筋骨挛急
513,补肾续骨,,心悸乏力,腹中症瘕
514,温阳益精,,口渴喉干,伤口红肿
515,破积逐水,,霍乱吐利,水肿实证
516,清肝泄热,,食滞胀闷,扁机体炎
517,利湿止痒,,阴虚肺燥,妇女痨病
518,解毒疗咽,,腹水水肿,痞块不消
519,止呕定喘,,痈疖疔疮,遍身瘙痒
520,生肌敛伤,,阴疽痿管,肢节酸疼
521,利尿平喘,,阴寒腹痛,胞衣不下
522,消炎止痢,,目赤昏痛,预防乙脑
523,止血敛带,,通乳黄疸,饮食不节
524,利尿通乳,,活血凉血,疮痈红肿
525,补中缓肝,,瘰疬结核,心脏衰弱
526,利担退黄,,脾虚食积,脾虚不运
527,清热散风,,畏风怯寒,腰伤疼痛
528,滑肠通便,,虚热心烦,湿疹痛痒
529,清热宣肺,,肠鸣便泻,烦热不眠
530,利湿消肿,,目昏目赤,久病及肾
531,温中燥湿,,刀伤跌扑,慢性结核
532,益气养阴,,水肿尿涩,天行热病
533,疏肝和胃,,肺寒咳嗽,小肠疝气
534,逐水利尿,,反胃噎膈,风温初起
535,消食止痛,,体弱乏力,诸风头眩
536,软坚散结,,乳络不通,咳嗽不止
537,清肺解表,,寒湿泄泻,小儿腹胀
538,宣肺利水,,风湿腰痛,酒精中毒
539,益气活血,,留饮结胸,肺气壅实
540,利尿除烦,,惊悸癫狂,脘腹饱胀
541,收涩止痢,,头昏多梦,毛虫刺伤
542,滋阴益肾,,风湿跌打,腰脚酸软
543,心烦失眠,,中暑呕恶,饮食积滞
544,益肾壮阳,,砂淋尿血,腰膝乏力
545,行气调中,,口渴虚烦,风水痛肿
546,清热排脓,,便结腹胀,身目俱黄
547,消肿止带,,气滞胸痛,食滞胀满
548,除烦止咳,,耳鸣目花,泄痢后重
549,理气化痰,,呕吐酸腐,狂犬咬伤
550,益肾补气,,痨伤腰痛,面部雀斑
551,消瘰化瘀,,龋齿牙痛,感冒夹惊
552,调经养血,,瘀热发黄,妇人难产
553,镇惊解毒,,心悸易惊,阴部溃疡
554,利湿祛风,,咯血湿热,关节酸疼
555,温经活络,,痰涎壅滞,胃腹疼痛
556,镇痉熄风,,肝虚目昏,刺伤中毒
557,润肠通便,,食滞胃脘,小儿卵肿
558,健脾开胃,,虚损不育,肌肤皲皱
559,发表顺气,,血淋血尿,皮肤红肿
560,祛寒散滞,,目黄溲黄,聤耳流脓
561,除痰散结,,红肿瘀痛,心火亢盛
562,驱虫止泻,,内痔外痔,皮肤疮疖
563,安神降压,,伤寒阳毒,咽候肿痛
564,清肺泻热,,丹毒疮肿,日久化热
565,益肺止咳,,赢瘦面黄,阴下湿痒
566,补气固表,,挫伤肿痛,筋脉劳伤
567,镇静止痛,,中风惊痫,关节痹痛
568,益气开膈,,血热瘀滞,疳疮痘毒
569,利水软坚,,肺热痰嗽,内外出血
570,抑菌杀菌,,肠燥便难,倦怠无力
571,消炎散肿,,肝炎肠炎,视物模糊
572,疏风退热,,痨热骨蒸,痰火郁结
573,和瘀消肿,,痉挛抽搐,皮肤烫伤
574,益气养血,,食少浮肿,大肠湿热
575,清凉散毒,,风火赤目,外袭皮毛
576,定心安神,,心烦口干,翳膜遮睛
577,健脾养胃,,阴虚肺劳,沥涩不通
578,固经止带,,顽痰积结,咳喘久患
579,解毒疗疖,,噎膈吐食,小便淋浊
580,敛阴安神,,风热体倦,痰饮积聚
581,解毒排脓,,口苦苔腻,脱力黄肿
582,收湿止痒,,干咳少痰,脚趾湿痒
583,补气养血,,疮疖痈疖,肠胃气胀
584,润肤除皲,,遗精消渴,醉酒头痛
585,强心利尿,,胃热脘痛,慢性溃疡
586,生津收敛,,头痛健忘,肺气不降
587,消疳健脾,,虚赢内热,肛门生痔
588,和血调气,,脾虚厌食,大便溏滞
589,疗伤止血,,瘿瘤结核,角膜干燥
590,止血润肠,,健忘多梦,外感热症
591,祛风止咳,,热病燥渴,子宫颈炎
592,杀虫止痛,,疮疥疖肿,毒蜂咬伤
593,敛疮止血,,肾虚作喘,痰饮诸症
594,消肿祛瘀,,霍乱吐逆,胃寒痛胀
595,清热解痉,,骨蒸劳热,脾胃虚寒
596,补气益血,,暑热泻痢,肢节疼痛
597,和络止痛,,目赤障翳,带脉失约
598,止痒止血,,多汗遗精,热毒之证
599,散寒行滞,,骨弱肌萎,痈肿作痛
600,利水除湿,,咽干喉痛,小儿齁咳
601,理气安胎,,胃寒纳少,叶血衄血
602,通阳散结,,头晕耳鸣,阴部痒肿
603,止咳化痰,,流通气血,口腔溃汤
604,通乳催乳,,泻下痢疾,皮肤顽癣
605,强筋活络,,奔豚气逆,胃脘胀满
606,驱虫治疟,,阴毒伤寒,急性肠炎
607,凉血通淋,,肝经热盛,筋骨风痛
608,解热燥湿,,风毒赤眼,饮食不香
609,补肾疗虚,,中风痰厥,风痹疼痛
610,消热解毒,,遗精白浊,脘腹挛痛
611,活血止带,,湿阻气滞,产后腹疼
612,健脾消胀,,热病神昏,感冒夹湿
613,消炎退热,,跌打内瘀,白带过多
614,散风解郁,,高热喘促,疮疖出血
615,和胃安神,,喉痛舌肿,多梦
616,平喘止咳,,食积胀满,热毒病症
617,退热截疟,,跌仆损伤,身疲乏力
618,收涩健胃,,寒疝奔豚,小儿风痫
619,祛湿利胆,,咳喘痰黄,咽喉肿疼
620,止血消瘀,,头风痹痛,疮癣搔痒
621,益肾续骨,,风湿痿痹,皮肤疥癣
622,消食通便,,肾虚水肿,湿润黄疸
623,温中去积,,遗精盗汁,痈疖肿痛
624,清热消痰,,拘挛疼痈,胸胁不舒
625,清热散肿,,内湿骨痛,小便清长
626,祛瘀通经,,疔疮肿疡,小儿疳瘦
627,明目退翳,,顽麻风痹,津液被伤
628,清热降气,,痰饮喘咳,肝肾阴亏
629,养肝滋肾,,喉风喉痹,心火烦躁
630,防腐止痒,,风疹丹毒,恶露不尽
631,生津解渴,,跌打伤痛,角膜云翳
632,清心安神,,胸痛咳血,小儿疰夏
633,健胃杀虫,,咽痛音哑,诸虚劳损
634,清热除蒸,,呃逆饱胀,淋巴肉瘤
635,利水通便,,流注痰核,目生翳障
636,解酒醒神,,肿毒恶疮,眼脸赤烂
637,行气化痰,,不育不孕,烦躁不安
638,健脾止带,,热滞泄泻,胸脘胀痛
639,解毒利咽,,月经衍期,全身黄肿
640,强骨定痛,,体虚乏力,关节疹痛
641,补虚止咳,,津伤烦渴,小儿积食
642,健脾和中,,湿疹癣疮,胃脘气痛
643,和解退热,,肾虚尿频,发热不退
644,消炎解表,,痔漏便毒,疮荡肿毒
645,益肝明目,,肺热鼻衄,肺痨咳嗽
646,燥湿止泻,,泻下急迫,癫狂谵语
647,宽胸补气,,湿热泻疾,肢体痿痹
648,回阳通脉,,阴虚燥咳,烂弦风眼
649,清肺养阴,,肝炎水肿,水炎烫伤
650,降气定痛,,高热惊痫,肌肤干燥
651,调经活血,,肢麻拘挛,骨哽咽喉
652,强精滋肾,,咳喘多痰,小儿疳渴
653,滋阴养血,,瘟疫发热,乳汁缺乏
654,解毒疗痈,,发热胸痛,妇女虚劳
655,明目安神,,疖疥疥癣,肠炎腹痛
656,去积消肿,,疮疖痈痛,痰黄且稠
657,泻下通便,,感冒关痛,口渴少津
658,止痛消炎,,热病痰多,不思饮食
659,下气通络,,呕逆腹痛,目翳遮晴
660,清热祛风,,感冒发热,经络不通
661,祛湿排脓,,湿邪内蕴,皮肤疥癞
662,温中散寒,,恶心欲吐,妇女闭经
663,温阳降逆,,虚损劳热,邪气惊狂
664,除烦生津,,咳喘痰嗽,暴赤火眼
665,燥湿除疣,,头风目眩,精神抑郁
666,舒肝理气,,血淋涩痛,青盲翳障
667,舒肝散结,,疔疮丹毒,水草中毒
668,温中理气,,食积脘胀,刀枪外伤
669,凉血安胎,,头痛目眩,产后血崩
670,止咳止血,,痰火咳血,气虚诸症
671,益气固脱,,虚弱劳怯,大便不通
672,舒肝和胃,,蛊毒下血,胃肠胀气
673,清热泻火,,湿热水肿,产后血虚
674,清凉解毒,,目赤口疮,病后体弱
675,逐寒祛湿,,散风逐寒,膀胱虚冷
676,接骨镇痛,,疝气腹痛,瘀热心烦
677,祛风止痛,,目昏翳障,四肢倦怠
678,安神明目,,痰热咳喘,久疮不愈
679,消痈排脓,,肺热咯血,小儿烦躁
680,清热散毒,,风痒湿疹,亦白带下
681,止血清肺,,虚劳赢瘦,腹痛拒按
682,强腰补肾,,疮疖痈疽,瘰疬初起
683,散寒发表,,痈疽疔疖,白秃诸疮
684,化湿通络,,跌伤红肿,胞腹胀痛
685,解表散热,,胃寒气痛,扁挑体炎
686,祛风定痛,,肾虚喘咳,小儿惊癎
687,疗癣解毒,,痈疮疔疡,内伤咯血
688,固肾助阳,,骨湿痹痛,虚喘不止
689,化瘀止血,,烦热头痛,咽喉江肿
690,散寒止嗽,,劳伤身痛,口疮糜烂
691,宽中理气,,衰弱无力,肌肤不泽
692,清热理肺,,虚寒咳嗽,心胃冷痛
693,消水消肿,,吐血咯血,寒湿久痹
694,养阴明目,,青盲目暗,胸痹绞痛
695,清肺解毒,,目赤烂弦,病后虚羸
696,驱风逐湿,,血热吐衄,全身瘙痒
697,养阴清胃,,潮热骨蒸,中鱼蟹毒
698,明目消翳,,湿热毒蕴,病气疼痛
699,解毒敛疮,,伤食腹泻,肠胃湿热
700,消食化气,,血虚乳少,接筋骨
701,和解少阳,,脾虚久泄,胁肋疼痛
702,强筋壮骨,,喉痹目翳,夏月感冒
703,开胃消食,,眩晕心悸,肢体沉重
704,消食健脾,,风热鼻塞,阴囊湿疹
705,清心除烦,,疼痛青紫,肝肾不足
706,凉血散瘀,,暑湿呕吐,皮肤疮毒
707,抑菌消炎,,腥胀腹泻,无汗而喘
708,祛风除臭,,阴伤便秘,疠风瘙痒
709,健胃补肾,,痰滞气逆,手足无力
710,解毒和胃,,食滞胃疼,小儿血痢
711,滋阴补肾,,食滞泄泻,筋骨不舒
712,痈肿发背,,疮毒疔肿,皮肤痊痒
713,滋阴润燥,,风热感冒,胃寒疼痛
714,泄火解毒,,虚损咳喘,脉滑数者
715,拔毒排脓,,疥癣痒疮,外感无汗
716,杀虫疗疮,,淋漏下血,胝肋胀痛
717,镇静解痉,,风湿痹痛,腰腿疼痛
718,补虚强筋,,暑热烦渴,噤口不食
719,温肾止痛,,疮痈癣癞,风火牙痛
720,清热润肺,,痈肿瘰疬,胆囊结石
721,补血止血,,瘀血经闭,小儿惊风
722,解毒除湿,,疔毒疮肿,牙龈脓肿
723,散瘀利湿,,肠燥便秘,乳法不足
724,散寒解表,,顽癣疥疮,蛇虫螫伤
725,泻下逐水,,咳嗽气急,痔疮肿痛
726,化毒消肿,,梦遗虚滑,小便失禁
727,活血通淋,,痰涎壅塞,可疗肾虚
728,补脾益气,,神萎懒言,筋骨酸楚
729,活血生肌,,心腹卒痛,产后风虚
730,安神定喘,,湿热黄疳,咽喉不利
731,杀虫攻毒,,食滞吐泻,小儿口疳
732,消肿疗疮,,寒湿白带,外痢脱肛
733,滋阴补肺,,湿疮疥癣,咳声短促
734,益气复脉,,瘰疬溃疡,腰痛酸软
735,驱风解热,,水肿疮毒,痈疖红肿
736,行气止疼,,痈疽肿毒,小便淋漓
737,通脉解毒,,腥胀腹痛,久年哮喘
738,养肝明目,,烂喉丹痧,面色不华
739,醒脾消食,,食少反胃,腰腿酸痛
740,泻肝祛热,,痛疽肿毒,泻实热
741,消积杀虫,,胀饱满闷,精神倦乏
742,祛湿止淋,,水饮停肺,肝硬腹水
743,润肺抗痨,,咽干口燥,火眼肿痛
744,降压利尿,,虚寒呃逆,大便不畅
745,温脾安胎,,呕吐泄泻,预防水泻
746,利水化湿,,阴伤目暗,日晡潮热
747,拨刺消肿,,头风眩晕,腰肌酸痛
748,清血止血,,神疲乏力,肺痈痰多
749,化痰理气,,温病口渴,扁桃腺炎
750,润肺清燥,,风寒呕吐,产后红崩
751,豁痰开窍,,苔黄脉数,胸中烦热
752,除湿利水,,水肿腹大,筋肌疼痛
753,除湿利尿,,湿热毒疮,刀枪损伤
754,补虚调肝,,阴疽瘰疬,关节骨痛
755,理气调中,,瘰疬恶疮,肾孟肾炎
756,发汗利水,,壮热惊痫,痰结瘿瘤
757,杀虫解毒,,痔疮便秘,肾阳虚寒
758,利尿止汗,,骨折疼痛,胃脘胀痛
759,宣壅逐湿,,中风偏竣,久咳不止
760,行气和胃,,心悸怔神,小腹胀满
761,安神调经,,风湿毒疮,金创出血
762,消积化痰,,寒湿吐泻,孕妇劳热
763,温阳散寒,,呕逆反胃,足膝疼痛
764,润肺养阴,,痰多色黄,痢疾腹泻
765,凉肝止血,,暑气霍乱,脾运不健
766,通淋解毒,,崩中漏下,痔疮止血
767,健胃养阴,,瘀滞经闭,小便癃闭
768,利尿止带,,血虚眩晕,血尿带下
769,利水散瘀,,热病伤津,皮肝瘙痒
770,破血止血,,风热疮癣,皮肤风痒
771,养血柔筋,,脚气攻心,腰脚不遂
772,清热去腐,,劳嗽咳血,眼赤疼痛
773,益气解毒,,肝热惊痫,手脚麻木
774,宣肺理气,,高热咳喘,痰火瘰疬
775,化痰截疟,,尿血便血,精神恍惚
776,祛瘀止痛,,疮疡肿毒,小儿菌痢
777,厚肠止痢,,疮痈溃疡,脚气肿毒
778,解毒祛湿,,瘀滞疼痛,水湿上注
779,疏风活血,,疮毒溃烂,恶露不下
780,解毒疗疹,,虫积腹痛,创伤出血
781,生肌敛创,,水肿腹满,筋骨扭伤
782,润肠解毒,,尿少水肿,嗳气频频
783,补中解毒,,风湿肿痛,五痔湿热
784,补气摄血,,肝热止赤,小腹冷痛
785,疗疮止血,,顽痰咳喘,腹腔症块
786,补虚强身,,舌淡脉细,下肢疖肿
787,理气活血,,脾虚腹泻,出血量多
788,杀虫止痒,,喉痹咽痛,痈疽难溃
789,消积散结,,湿热身肿,胃热呕逆
790,健脾止泻,,湿热浮肿,肠胃实热
791,祛风镇痛,,血痢尿血,蜈蚣咬伤
792,降火生津,,体倦乏力,筋骨挛缩
793,补肾纳气,,青盲障翳,肺肾二虚
794,益气和胃,,体虚头晕,久痢不愈
795,清肺降气,,遗精滑泄,饮酒过度
796,消瘰疗疮,,噎食积块,历节疼痛
797,祛风消肿,,虚劳失精,全身酸痛
798,利胆退黄,,梦遗失精,创伤肿痛
799,解毒利湿,,肠痈下血,痘疹不出
800,退热消暑,,症瘕经闭,产后血闭
801,平肝泻火,,肾虚腹泻,急性湿疹
802,消痈肿,,贫血虚弱,胸隔烦热
803,清肝息风,,肠寒泄泻,蜂蝎刺螫
804,止血安胎,,胸闷喘息,五脏气虚
805,行气止血,,胃寒腹痛,带下阴痒
806,散结解毒,,痰壅喘逆,感受暑邪
807,行气消食,,风火眼痛,翳膜内障
808,排脓止咳,,跌仆闪扭,精血不足
809,温中止痛,,崩漏黄疸,胞脘胀闷
810,利咽开音,,金疮肿毒,胸脘胀满
811,补脾胃,,肺痨久嗽,大便脓血
812,通络止痛,,耳鸣眼花,慢性肾炎
813,收敛止血,,疔疮痈疽,口唇糜烂
814,补气安神,,疮疡湿疹,乳汁不畅
815,发表解毒,,体虚水肿,下痢后重
816,托毒生肌,,劳累咳嗽,胃肠出血
817,滋阴止血,,脚气转筋,口腔溃烂
818,祛风散寒,,目赤肿痛,皮肤癣证
819,升阳举陷,,阴虚烦热,妇女感寒
820,消风明目,,感冒无汗,皮肤瘀斑
821,排脓解毒,,疖疔痈肿,肺气不宣
822,除湿止痛,,眦烂多泪,大便下血
823,杀虫消痈,,疔疮疖肿,身体衰弱
824,降气消暑,,吐酸嗳腐,热性胃痛
825,清积杀虫,,腹痛下痢,神经衰弱
826,搜风胜湿,,痰热惊厥,下痢清稀
827,调气和血,,痈肿疮疡,砒霜中毒
828,健脾益气,,热毒泄泻,视力减退
829,活血益气,,衄血便血,恶寒诸症
830,解毒止痢,,烦渴久泄,托痘疮
831,止痒消肿,,胞膈痞满,目生云翳
832,活血解毒,,血虚便秘,流汁黄臭
833,疏肝解热,,肾虚滑精,伤口不愈
834,补肾壮腰,,湿毒脚气,病后体虚
835,消食导滞,,疏风除湿,肝气郁结
836,补脾和胃,,失眠多梦,瘀血肿胀
837,凉血祛瘀,,咳嗽口渴,疮疹痒痛
838,降逆调中,,阴虚阳亢,小儿疳症
839,调经止痛,,痢疾腹痛,流涕诸症
840,舒筋散瘀,,少寐多梦,心气不足
841,清热截疟,,盘脉拘挛,疯狗咬伤
842,消食宽中,,伤暑头痛,无名肿痛
843,散寒止咳,,肝炎黄疸,精气不固
844,温肾健脾,,水肿病茎,赤白带下
845,消肿止痛,,津少口干,小儿瘰疬
846,消积止痛,,肺炎黄疸,虚热外浮
847,疏肝解郁,,胃痛呕吐,腰膝不利
848,涩肠固精,,眼花目眩,肛门肿瘤
849,清热通便,,白带崩漏,肝阳头痛
850,祛湿止痒,,脱肛泻血,淋马结炎
851,平肝清热,,体虚资汗,金创肿痛
852,祛瘀解毒,,疮疖癣癞,下焦寒冷
853,发表散寒,,虚热咳嗽,水饮内停
854,利尿托毒,,风热目昏,心经有热
855,利水化痰,,惊风抽搐,诸虫咬伤
856,调中补虚,,气滞积聚,身体虚弱
857,润肺化痰,,虚赢血痢,脱肛不收
858,消疳化积,,血凝气滞,心下胀满
859,泻热止痢,,肺痨发热,少腹冷痛
860,活血逐瘀,,热咳痰稠,产后失血
861,行气和中,,腹胀腹泻,胆道感染
862,解毒散结,,神疲肢倦,头目眩晕
863,攻毒蚀疮,,久痢脓血,肌肤瘙痒
864,壮阳强骨,,虚羸寒热,赤眼疼痛
865,补精养血,,虚瘤发热,乳汁郁积
866,理气祛风,,肺痨咯血,风寒痹症
867,化积疗疳,,痛肿疮毒,身热不退
868,养血润燥,,肠热痔血,夜眠不安
869,行气祛瘀,,表虚自汗,脘腹胀痛
870,理气宽中,,舌红脉数,肺阴亏虚
871,疏散风热,,食少化迟,风热外袭
872,退热消炎,,头痛鼻塞,肾气不足
873,活血养心,,中风语蹇,脚气湿肿
874,利水消肿,,湿浊吐利,腰胁疼痛
875,发汗祛风,,瘀滞胁痛,胆囊积石
876,益脑清心,,风寒痹痛,胸腹刺痛
877,补气益肺,,脾虚下痢,郁滞肌表
878,活血祛风,,打扑伤损,肢体困倦
879,平喘化痰,,目赤火眼,胃痛隐隐
880,利尿散结,,癫痫抽搐,小便不通
881,除湿止痒,,湿阻痞满,大便干结
882,破瘀消肿,,胃痛吐泻,蛇毒螫伤
883,杀虫驱虫,,泻痢食少,乳房作胀
884,温肺定喘,,脾虚泄泻,胃腹胀满
885,散寒祛湿,,麻风疥癣,下肠痈疡
886,收敛凉血,,咽干口渴,跌打扭伤
887,补虚通乳,,脾虚食少,脾胃湿滞
888,解毒疗伤,,血滞痛经,虫蚊咬伤
889,宽筋活血,,跌打吐血,脾气不升
890,活血破瘀,,胸膈气胀,产后中风
891,宣肺发表,,食积胀痛,四肢疼痛
892,利咽消瘿,,劳伤脱力,阴囊肿大
893,透疹止痒,,忧郁痞闷,产后血瘀
894,清肺泻火,,肿毒疮疡,肢气水肿
895,清热利咽,,腰痛脚弱,气血虚亏
896,消炎解毒,,虚寒喘咳,目赤胀痛
897,益脾除疳,,﻿头晕烦热,斑疹不透
898,渗湿利尿,,热毒疮痈,肺胃出血
899,破瘀定痛,,阳萎精冷,少腹作痛
900,益气延年,,呕逆纳呆,喉痹不通
901,镇痛镇静,,头晕目眩,胃阴虚证
902,驱邪截疟,,血虚风毒,口角生疮
903,清温解热,,腰酸遗精,小便黄赤
904,生肌收敛,,血冷不孕,胬肉遮睛
905,涌吐解毒,,风热眼痛,移于小肠
906,去湿止痛,,疖肿疔疮,小儿疳热
907,养筋接骨,,口苦咽干,肾阳亏损
908,润肤助颜,,咳逆痰多,腰膝软弱
909,收敛杀虫,,湿困胸闷,下肢无力
910,通便止痢,,痈疮疔疖,血痢诸证
911,除风和血,,红崩白带,水呛咳嗽
912,解痉止痛,,肺虚燥咳,痈疽不溃
913,收敛止泻,,气滞腹胀,久病衰弱
914,镇痛祛风,,呕吐食少,疮疡脓肿
915,祛痰解毒,,癫痫惊风,乳癌初起
916,行瘀消肿,,风温滑痛,下肢水肿
917,宽肠消胀,,肾虚阴缩,湿热淋病
918,通络下乳,,虚喘劳嗽,大便不爽
919,行瘀破滞,,痈疮疔肿,七情内伤
920,通经止痛,,内热腹痛,腰膝痿软
921,消肿疗痔,,肺痛吐脓,风湿痹症
922,濡筋续骨,,血瘀疼痛,小儿多动
923,止带缩尿,,烦热口渴,聤耳出脓
924,调经健胃,,腰痛腿软,痔疮肿毒
925,祛风除湿,,气滞胀痛,小便淋涩
926,止血祛瘀,,损伤瘀肿,关节扭伤
927,行气通淋,,咳喘气逆,皮肤干燥
928,消痰软坚,,气虚乏力,胸胁痞气
929,疏风利湿,,气逆喘促,小儿疥疮
930,止咳平喘,,痰湿咳嗽,盯耳出脓
931,健胃行气,,咳逆胸闷,疮痔疼痛
932,凉血降压,,瘀血阻滞,口舌糜烂
933,理气消积,,肺热痰壅,食饮不振
934,化痰镇痉,,痨肺发热,大风癞疮
935,祛风镇静,,跌打挫伤,气血虚弱
936,生肌长肉,,虚热口渴,前裂腺炎
937,补肾利水,,损伤骨析,腰腿劳损
938,和中止呕,,血痢肠风,肝郁不舒
939,消肿散瘀,,痈疽疮疖,恶露不净
940,驱虫解毒,,痰壅气喘,乳汁稀少
941,燥湿化痰,,食少呕吐,局部红肿
942,解毒截疟,,肺虚痨嗽,时行热病
943,疏风定痛,,湿热痧气,小儿吐乳
944,健脾化湿,,遗精白带,牙疳出血
945,益肾补阳,,中暑烦渴,乳汗不行
946,健胃消食,,高热惊厥,疮疖红肿
947,补益气阴,,痰湿积滞,痛疮肿毒
948,散结消肿,,脾虚泻痢,眵多赤烂
949,疗癣生肌,,醉酒烦渴,皮肤风疹
950,催吐解毒,,胸满胁痛,宫颈糜烂
951,除湿杀虫,,利尿心悸,劳力过度
952,祛风理湿,,肺劳咳嗽,中焦湿热
953,补中健脾,,体虚赢弱,麻痘疹毒
954,祛痰开郁,,霍乱转筋,脘腹寒痛
955,散风透疹,,温毒发斑,皮肤游风
956,燥湿止痢,,湿盛脾虚,大头瘟疫
957,息风止痛,,湿热痹痛,呕吐食物
958,祛痰生新,,霍乱痢疾,水谷不消
959,益肾止遗,,心悸盗汗,牙齿浮动
960,杀虫化积,,痈肿疗疮,邪气结块
961,燥湿敛疮,,痈疽疮肿,皮肤疮疡
962,利水渗湿,,热结便秘,焮红肿痛
963,清凉解表,,风湿寒痹,神志昏迷
964,补虚益损,,腹胀纳呆,妊娠下痢
965,敛疮生肌,,惊风癫癎,恶疮肿毒
966,补脾生津,,痼冷腹痛,肺热吐血
967,消痞散结,,痈疖疮肿,乳痈红肿
968,消炎止痛,,阳萎早泄,妇人崩中
969,清热排石,,痰饮积食,肌肤失润
970,凉血息风,,湿热下痢,心腹胀病
971,清热解暑,,毒肿疮疡,肺痨吐血
972,安神宁心,,肠风下血,小便混浊
973,利尿止痛,,耳鸣重听,鱼口便毒
974,清肠消痔,,水肿腹胀,疮痈肿痛
975,疏肝止痛,,咳逆喘满,日哺潮热
976,补肾助阳,,哮喘痰嗽,热积于内
977,续伤接骨,,呕吐热病,月经量多
978,下气止吐,,风热目疾,痈肿丹毒
979,除湿消肿,,热病烦渴,虚劳之症
980,行水消肿,,食积臌胀,腰肋疼痛
981,益肾养髓,,瘤型麻风,久疟不止
982,温补助阳,,胃寒泄泻,脘腹疼痛
983,和中利湿,,湿癣疥癞,脾肾两虚
984,凉血解毒,,白带淋浊,虎火牙痛
985,利咽生津,,肝火头痛,产妇血晕
986,清热利水,,痈肿溃疡,小儿疝气
987,益肾健骨,,鼻渊头痛,脓水淋滔
988,宣肺通鼻,,暑热外感,妊娠胎漏
989,息风定惊,,腹胀食呆,蛇犬咬伤
990,祛风明目,,淋症水肿,刀伤感染
991,祛寒止痛,,肾虚牙痛,寒性胃痛
992,益髓填精,,暑热眩晕,小便短赤
993,活血顺气,,膀胱湿热,胃气不和
994,舒肝止痛,,腹痛便泄,妇人产难
995,解表祛风,,痈疮癣癞,肝胃气痛
996,清咽利喉,,金疮折伤,腰脊酸疼
997,散寒润肺,,赤痢腹痛,形体赢瘦
998,清热利肺,,神疲眩晕,蜘蛛咬伤
999,调中和胃,,肝虚目眩,中虚腹痛
1000,祛风清热,,风热湿疮,眼底出血
1001,去翳明目,,痰粘胸闷,久病体弱
1002,消肿镇痛,,风虚眩晕,精神失常
1003,调气活血,,阳痿阴冷,腰脚冷痹
1004,消肿利喉,,热病蓄血,院腹冷痛
1005,健胃益脾,,久泻玖痢,小儿夜哭
1006,抗癌镇痛,,腹痛腹泻,阴囊湿痒
1007,舒筋散结,,湿热身痒,腹中冷育
1008,固肾止遗,,溃烂流脓,鼻渊脓血
1009,宜肺止咳,,阳痿宫冷,火眼疼痛
1010,祛风止血,,痈疮疔毒,痰涎清薄
1011,健胃和中,,寒湿泻痢,手脚浮肿
1012,补虚下乳,,消渴多饮,泄泻日久
1013,除热止渴,,腹痛积块,两胁作胀
1014,燥湿除热,,头晕腰痛,产伤血痢
1015,接骨止痛,,暴发火眼,阴囊湿肿
1016,补肾平肝,,肺寒久嗽,胸腹气胀
1017,降逆止痛,,气滞脘胀,全草风湿
1018,散结通络,,痘疮血热,瘙痒流汁
1019,宣肺止嗽,,胸闷气短,脚膝痿软
1020,散结活瘀,,风热惊痫,耳后湿疮
1021,疏风止痒,,崩漏带下,伤口出血
1022,固精止带,,暑湿中阻,喉风肿痛
1023,顺气化痰,,胃寒气滞,牙龈溃烂
1024,排脓生肌,,头晕头胀,肝肾专虚
1025,泄热通腑,,麻木瘫痪,身热不解
1026,散瘀解毒,,风热隐痨,腹脘胀满
1027,收湿杀虫,,淋下尿血,腰膝酸软
1028,泄热安神,,燥邪伤肺,食少无力
1029,温经止血,,虚风内动,健忘不寐
1030,止咳祛痰,,痰迷惊痫,瘀血积滞
1031,益肝除黄,,肺热咳嗽,四肢瘫痪
1032,明目去翳,,感冒风寒,惊悸不安
1033,散结止痛,,黄疸便结,麻疹不透
1034,补肾摄精,,风湿疼痛,肝阳上亢
1035,解毒杀虫,,肠风泻血,急慢惊风
1036,去翳止血,,腹痛泻泄,腰腿酸楚
1037,清热退蒸,,肾虚精专,寒嗽为宜
1038,息风止痉,,腹满便秘,小儿疳疮
1039,行血痛经,,疮癣结核,皮肤温痒
1040,舒筋活血,,虚劳赢弱,表气郁闭
1041,利湿消滞,,咏嗽痰喘,四肢无力
1042,养血调经,,虚劳咯血,疮口坚硬
1043,行气消胀,,胞闷腹胀,皮肤热疹
1044,除湿疗疮,,劳嗽咯血,咯痰不爽
1045,和中止痛,,热疖疔疮,食滞胃肠
1046,清热凉血,,痈疽疮疔,瘀血作痛
1047,益精养血,,血燥津枯,多种癌肿
1048,调经解毒,,胃寒呕逆,胸脘胀闷
1049,解热抗疟,,骨痈流脓,肝脾虚弱
1050,镇痛安神,,火眼目赤,形体虚弱
1051,祛风利湿,,消痈肿,肿毒初起
1052,清热止呕,,阴虚劳嗽,慢性肾火
1053,化痰清热,,反胃吐食,寒气腹痛
1054,宽胸开胃,,宫冷不孕,脘腹痞疼
1055,除邪镇惊,,泄痢脓血,关节脱臼
1056,祛瘀生新,,胃热吐血,癌肿出血
1057,补肾益脑,,消渴淋浊,皮肤癣癞
1058,强腰健肾,,暑湿泄泻,嗜酒无度
1059,清热化痰,,热淋涩痛,肝肾亏虚
1060,解表解毒,,脾虚食滞,脘痞不饥
1061,除湿解毒,,湿疹疮疖,脚气痿痹
1062,破血散结,,补脾胃,心风发狂
1063,散瘀消肿,,头昏目眩,宿食癖积
1064,健脾利湿,,虚劳目暗,症积疼痛
1065,止渴除烦,,风湿麻痛,咽干诸证
1066,清热止咳,,暑湿吐泻,脾虚生湿
1067,调胃止泻,,症瘕痃癖,鹅口诸疮
1068,去瘀止痛,,口疮龈肿,溃疡红肿
1069,散毒消肿,,疮疗肿毒,心悸不安
1070,活血排脓,,湿痰流注,溃疡出血
1071,醒酒怡神,,痈疮疗肿,淋巴腺炎
1072,去腐生肌,,肾炎浮肿,视力模糊
1073,镇咳平喘,,跌仆肿痛,胃阴不足
1074,祛内活血,,烦闷多梦,四肢麻痹
1075,祛风解毒,,惊悸怔忡,麻木不仁
1076,调补脾胃,,寒喘咳嗽,尿少色黄
1077,益气生津,,火热毒邪,心胃疼痛
1078,行血调经,,寒湿痿痹,皮毛憔悴
1079,消食化痰,,咳嗽上气,疔疮结核
1080,利水排石,,顽癣疮毒,皮肤疮疥
1081,除臭杀虫,,耳聋耳肿,咳则气短
1082,疏风利咽,,痰涎壅肺,四肢痿软
1083,健脾益肾,,热盛动风,胺腹冷痛
1084,燥湿解毒,,胃痛吐血,小儿腹泻
1085,解暑化湿,,痨伤盗汗,产后瘀血
1086,消积除胀,,疮毒疖肿,蝎子螫伤
1087,蚀肉疗疮,,虚劳羸弱,中风痰迷
1088,消坚破瘀,,盗汗久疟,肌肉挛急
1089,发汗解表,,湿热癃闭,乳汁不足
1090,活血行瘀,,跌打骨折,治痈肿
1091,清热泻下,,疮疡痔瘘,疝气偏坠
1092,催产下胎,,健忘失眠,女子宫冷
1093,破血调经,,风湿咳嗽,胃痛泛酸
1094,调经止血,,食滞胃痛,痈疖脓肿
1095,涩脾止痢,,寒热温疟,四肢顽痹
1096,散寒祛邪,,胸隔痞满,皮肤疡痒
1097,消痰散结,,虚咳久嗽,小便短涩
1098,活血止痒,,麻疹水肿,偏正头痛
1099,清暑解渴,,气逆奔豚,骨疽不愈
1100,化湿开胃,,神疲懒言,乳汁难下
1101,消痈散肿,,风湿头痛,羞明多泪
1102,养血除风,,闪挫扭伤,睾丸脓肿
1103,健脾安胎,,痧症发热,溃疡不敛
1104,清胃止痛,,痃癖症瘕,大肠下血
1105,镇痛止泻,,中暑发痧,皮肤出血
1106,止咳散结,,体弱血虚,肝阴不足
1107,清热祛痰,,水肿胀痛,头面热毒
1108,补气平喘,,健脾暖胃,肌肉坏死
1109,养血消瘀,,扑损瘀血,带状疱疹
1110,通经利尿,,气滞食积,痰火内扰
1111,化痰散积,,气郁胃痛,疮疡不敛
1112,止血消炎,,感冒寒热,劳伤盘骨
1113,接骨续筋,,肢倦无力,大便热秘
1114,活血破痰,,倦怠乏力,关节肿胀
1115,和中结湿,,寒湿骨痛,淋巴结核
1116,理气和中,,虚劳嗽血,水化不良
1117,温中和胃,,瘀阻肿痛,口鼻出血
1118,杀虫灭鼠,,暑热烦闷,脾胃湿浊
1119,补益强壮,,痰涎壅盛,咳嗽痰少
1120,止血化痰,,腹胀水肿,小儿癎病
1121,利湿止痛,,疔痈疖肿,热证皆可
1122,消食理气,,湿毒疮疹,关风眩晕
1123,止血敛伤,,发热品干,妇人红崩
1124,舒筋接骨,,跌打劳伤,肩周疼痛
1125,化痰平喘,,瘀血腹痛,夏月伤暑
1126,通便泻下,,疥癣湿疮,胃脘冷痛
1127,祛湿利水,,头昏目弦,精神疾病
1128,凉血消痈,,疥癞疮癣,扁桃体癌
1129,疏表清热,,症瘕结块,步履无力
1130,调中理气,,崩中带下,腋下狐臭
1131,清热驱风,,血虚黄肿,经脉拘挛
1132,和脾利水,,湿热发黄,瘙痒难忍
1133,镇静利尿,,痈疮肿毒,痰核瘿瘤
1134,发汗透疹,,肾虚腰酸,肢气肿痛
1135,下痰止嗽,,臁疮湿疹,急性热病
1136,补肾安胎,,湿浊内阻,涩滞不通
1137,散淤止痛,,赤白痢疾,肺卫不宣
1138,清热祛湿,,阴伤津亏,胸腹胁痛
1139,涤痰除垢,,痈肿恶疮,角膜白斑
1140,镇惊定癎,,呕吐腹痛,眼生白膜
1141,接骨散瘀,,瘀肿疼痛,关节痛风
1142,消积化滞,,疔肿痈毒,胃级不足
1143,和中益肾,,痰食虫积,头面风肿
1144,潜阳纳气,,热毒疮疡,陷疹瘙痒
1145,理气止痛,,瘿瘤痰核,蛇犬蛟伤
1146,理肺止咳,,食少干呕,冻疮溃破
1147,聪耳益智,,风痰喉痹,急性肺炎
1148,壮阳补肾,,寒凝气滞,男子下疳
1149,养阴除热,,痰结食积,胸胁痞痛
1150,熄风止惊,,烦躁胸闷,肝肾两虚
1151,开窍通络,,神昏谵语,腹中痞块
1152,解毒收敛,,湿热疹痒,不欲饮食
1153,下气平喘,,烧伤烫伤,目暗不明
1154,行气止痛,,头痛眩晕,烫火烧伤
1155,祛邪截疟,,痰多气逆,瘀血肿痛
1156,托毒排脓,,疮疡肿疖,肾阳虚衰
1157,散结消积,,气滞风壅,伤处瘀肿
1158,补脾去湿,,腰酸背痛,痧气作痛
1159,麻醉止痛,,痔疮便血,小便疼痛
1160,通淋利水,,血虚头晕,尿路结石
1161,安胎止痛,,肾炎血尿,骨节酸痛
1162,清热除湿,,风虫牙痛,体质虚弱
1163,拔毒生肌,,黄疸肝炎,积滞下消
1164,生肌愈疮,,口燥口苦,麻疹难透
1165,顺气宽中,,肺热燥咳,血热出血
1166,杀疥疗癣,,热泻热痢,筋骨痹痛
1167,润肤去斑,,里急腹痛,咳痰寒证
1168,通经活络,,汗出脉微,腹部肿块
1169,化湿行气,,痈肿湿疮,焮红肿大
1170,清血解毒,,久咳虚喘,面部褐斑
1171,补肾束带,,泪多眵多,两足软弱
1172,止咳定喘,,夏伤暑湿,小儿寒证
1173,补血益气,,骨蒸烦热,活动受限
1174,温中止呕,,痛疮疔肿,实症腹水
1175,平肝降压,,虚损劳伤,五心烦热
1176,退热止痛,,症瘕积块,小便滞涩
1177,清心醒脑,,虚损赢弱,小儿惊啼
1178,驱蛔杀虫,,损伤出血,脓成不溃
1179,清热养阴,,痈疽疮毒,白秃头疮
1180,补脾养胃,,瘀积肿痛,胸肋胀痛
1181,生肌利湿,,胃热烦渴,肌腱挛缩
1182,清热生津,,走马牙疳,小儿惊厥
1183,消肿止漏,,高热头痛,泄泻诸证
1184,消肿利尿,,麻疹内陷,便下脓血
1185,益气愈疮,,疥癣疮肿,妇女干痨
1186,养血止血,,高热发狂,胃寒胀痛
1187,镇痛消痈,,水肿脚气,手臂不仁
1188,凉血清热,,跌打焮肿,肌肤麻木
1189,清热退烧,,阳痿滑精,皮肤糜烂
1190,化瘀消肿,,梅毒恶疮,妊娠下血
1191,收涩止泄,,骨折筋断,亡阳欲脱
1192,解表清热,,脾虚水肿,蛇咬伤
1193,健脾益胃,,目赤头痛,胸膈痞塞
1194,宣肺止咳,,胃痛腹胀,阴血亏虚
1195,清肝利湿,,积滞内停,白秃风屑
1196,养颜泽发,,风疹篷痒,兼有发热
1197,补精固气,,嗳气吞酸,治水肿
1198,清热熄风,,痰火喘嗽,精神不振
1199,温肾止遗,,遗精腰酸,肠胃胀气
1200,行气调经,,目暗生翳,普中带血
1201,止血敛疮,,湿疮疥瘌,虚弱萎症
1202,利尿祛湿,,目赤红肿,正气衰弱
1203,补肾强身,,流感发热,脘胁冷痛
1204,消食健胃,,寒湿痢疾,头目昏花
1205,解毒凉血,,热毒痢疾,胃肠寒痛
1206,清热化湿,,烦闷消渴,下肢溃烂
1207,祛湿退黄,,虚火上炎,腹部痞块
1208,收涩固脱,,胃痛腹泻,小儿热疮
1209,解毒清热,,风毒疮痒,产后少乳
1210,补脾益血,,大风疬疾,胃脘不舒
1211,消肿止痈,,抽搐痉挛,时行热毒
1212,养心止血,,脾虚久泻,无名肿毒
1213,接骨生肌,,风弦烂眼,急性肝炎
1214,行瘀止痛,,筋断骨折,寒热往来
1215,清热消炎,,湿胜久泻,疥癫瘙痒
1216,清热透疹,,阳痿气乏,排尿涩痛
1217,清暑止渴,,湿疹瘙痒,疼痛甚剧
1218,凉血调经,,咳喘痰盛,疮疡溃破
1219,清热止泻,,湿热黄疽,心腹疼痛
1220,平肝疏肝,,实火便闭,食物中毒
1221,消肿止痒,,热病口干,脘腹疼痈
1222,消肿散热,,肢软乏力,外感风热
1223,舒肝解郁,,虚弱劳损,癥瘕积聚
1224,祛瘀活血,,胸膈烦热,肢节痿痹
1225,通经束带,,胸满痞闷,气血瘀滞
1226,补肾涩精,,阴虚久咳,皮肤皲皱
1227,解毒散肿,,失眠心悸,大风疾证
1228,利尿通便,,目赤青盲,脖腹冷痛
1229,拔脓消肿,,热毒疮疥,酒毒伤脾
1230,利湿活络,,暑热吐泻,皮肤湿疮
1231,消炎止血,,血热便血,出血不止
1232,凉血散结,,痞胀腹痛,关节冷痛
1233,和胃止渴,,舌干少津,肝火目赤
1234,养血润肤,,咳嗽咯血,眼睑裂伤
1235,调理脾胃,,内蒸痨热,行经腹痛
1236,重镇安神,,肺痨赢瘦,产后腰痛
1237,祛风寒,,食积胃痛,术后疼痛
1238,祛痰止咳,,寒热头痛,筋脉痿弱
1239,蚀疮去腐,,风癞癣疾,历节痹痛
1240,利尿通淋,,风疹湿疮,死胎不下
1241,养阴清肠,,乳痈肿痛,肝火上炎
1242,补肺生肌,,烦躁口渴,暑湿内蕴
1243,润肤杀虫,,血虚感冒,痰多而黄
1244,和中健脾,,带下目昏,胁下胀痛
1245,养阴补虚,,热涩淋痛,皮肤湿烂
1246,滋肾养阴,,中虚脘痛,萎弱无力
1247,散热消肿,,肺痨低热,疮疹瘙痒
1248,收涩止血,,口苦潮热,全身浮肿
1249,宁神降压,,烦热惊悸,咳痰带血
1250,滋补催乳,,寒湿水臌,食欲不振
1251,攻毒杀虫,,恶毒风疮,虚肿不消
1252,养血生肌,,高热下泻,产后抽风
1253,敛汗涩精,,疮疖溃疡,咳嗽吐血
1254,理气镇痛,,寒瘀经闭,肝胆之热
1255,温肺化痰,,崩带淋浊,胃脘胀闷
1256,通经活血,,头痛脘痞,小儿疳疾
1257,破血散瘀,,湿痹拘挛,产后腹痛
1258,益气举陷,,痈疮红肿,乳闭不通
1259,活血理气,,疔疖痈肿,目生星翳
1260,清热止痉,,血虚心悸,项下气瘿
1261,消肿止血,,疔肿疮毒,疼痛挛急
1262,疏风散热,,腹痛转筋,风疹瘙痒
1263,止呕安胎,,阃疬结核,二便不通
1264,生津润燥,,历节风痈,风热袭表
1265,逐水退肿,,疖疮肿毒,生漆过敏
1266,镇静熄风,,体虚赢瘦,四肢肿痛
1267,祛瘀调经,,热毒便血,妇人无乳
1268,清热澡湿,,苔腻胸闷,胃寒作痛
1269,行气活血,,食滞脘痞,下肢痿软
1270,托疮生肌,,疝气坠痛,气血不行
1271,杀虫消肿,,虚劳体弱,小便黄少
1272,行气消痰,,胞腹胀闷,痔漏出血
1273,疏风透表,,风热目痛,虫兽咬伤
1274,解毒透疹,,惊悸心烦,妇妇崩漏
1275,润肺除燥,,骨折红肿,疖痈肿毒
1276,息风止痒,,短气自汗,症瘕肿块
1277,温肺散寒,,痈肿疖疮,食魨中毒
1278,清热安神,,食积气滞,胃火上炎
1279,止血消肿,,肾炎水肿,胸胁胀满
1280,解毒润肠,,温病发斑,小儿疳积
1281,敛肺止咳,,食积便秘,脾胃虚弱
1282,温寒止泄,,久痢久泻,外科麻醉
1283,止痛止泻,,暑热高烧,脚膝痿弱
1284,化痞消症,,食少痞胀,午后微热
1285,利湿退黄,,发热咳嗽,目涩昏花
1286,镇肝熄风,,发热烦渴,疥癣风痒
1287,解暑利尿,,虚肿水肿,妊娠恶阴
1288,平补肝肾,,食减纳呆,脘腹虫痛
1289,止血定痛,,津伤口干,膀胱结石
1290,驳骨消肿,,食积饮胀,痔漏下血
1291,益阴清热,,热病惊劂,头风遗尿
1292,固涩止泻,,咳嗽胸痛,胸腹疼痛
1293,行气利湿,,粘滞不爽,胃中湿热
1294,收敛止痒,,热淋石淋,小儿热惊
1295,消食醒神,,肾虚阴痿,恶露不止
1296,滋肾填精,,疖肿疮毒,伏热咽痛
1297,燥湿疗疮,,虚痨咳嗽,腰膝痿弱
1298,益肾助阳,,内热口渴,食欲饱胀
1299,益肾缩溺,,泄泻浮肿,膈症胸满
1300,催产助生,,苔腻脉滑,风寒外袭
1301,活血化瘀,,疗疮肿痛,疔疮肿痛
1302,去瘀止血,,玉茎涩痛,两乳胀疼
1303,凉肝熄风,,崩漏下血,痰黄而稠
1304,润肌养肤,,畏寒神疲,肺气失宣
1305,润肺止咳,,水肿膨胀,寒热痿痹
1306,补虚益肾,,暑湿霍乱,眼生云翳
1307,补肺养阴,,晦暗紫黑,各种疼痛
1308,截疟杀虫,,呕吐痰涎,中暑自汗
1309,止痒退疹,,疱疹疮疖,尿道涩痛
1310,除湿消积,,体弱遗精,痈疮肿痛
1311,固脾止泻,,目涩昏暗,心胃气痛
1312,收敛止痛,,胎漏下血,外感高热
1313,消肿敛疮,,风毒痈肿,目珠疼痛
1314,活血消肿,,呕吐腹泻,疮痈焮红
1315,燥湿止痒,,虚热烦渴,角膜充血
1316,益气止血,,湿热便血,男子阳萎
1317,解毒消积,,胃热伤津,声哑不谙
1318,滋阴清肺,,红肿热病,经络不舒
1319,镇惊息风,,痈疽疔毒,关节挛缩
1320,除垢止痛,,倒睫目翳,食积本品
1321,消痈散结,,血瘀崩漏,色红瘙痒
1322,益卫固表,,气损阴伤,疮毒肿痛
1323,散瘀生肌,,感冒高烧,眼弦赤烂
1324,消肿排脓,,热痹疼痛,头身恶痛
1325,补肝益肾,,惊痫闭证,脓出不畅
1326,敛伤止血,,痰迷心窍,虫咬高热
1327,补虚安神,,疥疮顽癣,金刃创伤
1328,利尿杀虫,,瘙痒流水,火毒炽盛
1329,润肺通便,,目赤涩痒,脘膈膨胀
1330,清肝明目,,气虚下陷,艋骨痿软
1331,行气破血,,头痛头风,心腹刺痛
1332,散瘀解热,,虚劳喘咳,小儿泄泻
1333,入肝补血,,痈疖疔肿,胸脘痞满
1334,健脾补肾,,湿疮湿疹,疮疖化腔
1335,调经利尿,,血枯阳痿,气虚失运
1336,益清明目,,疮疡湿烂,麻风结节
1337,祛湿强筋,,嗳气呕恶,手足痿软
1338,疗伤止痛,,头昏眩晕,久痢脱肛
1339,熄风止痉,,疗疮痈肿,疮疖化脓
1340,破血祛瘀,,痈疡温肿,肢体拘挛
1341,散风止痒,,阴虚心烦,痰多之证
1342,化痰止咳,,痧症腹痛,颈项强直
1343,活血祛淤,,湿毒臁疮,大便出血
1344,解毒止痉,,脚气疼痛,咽喉肿毒
1345,厚肠止泻,,咽燥痰结,郁闭肺卫
1346,活血接骨,,虚赢乏力,痈疽溃脓
1347,健胃利湿,,劳伤乏力,鼻血不止
1348,养阴补肾,,血枯经闭,清利肝胆
1349,敛血止泻,,心烦易怒,疔疮肿毒
1350,宁心安神,,鼠瘘疮毒,皮脸瘙痒
1351,止血调经,,少气懒言,妇人崩漏
1352,消痰化瘀,,红崩带下,口舌生疮
1353,明目止痛,,吐血衄血,疥癣奇痒
1354,降气平喘,,寒气奔豚,急性肠火
1355,破瘀止痛,,伤寒高热,尿路感染
1356,疏肝理气,,阴疽肿毒,阴茎生疮
1357,泻热消肿,,身热口干,腹胀便秘
1358,清肺止咳,,湿热腹痛,外感暑湿
1359,行气导滞,,中风湿痹,久溃不收
1360,祛瘀活络,,高热惊风,中气下陷
1361,去瘀生新,,口干呕哕,午后骨蒸
1362,催产止血,,肺痛咳血,汤火灼伤
1363,利咽止痛,,浸淫湿疮,小儿高热
1364,疏肝清热,,胸满腹痛,产后虚烦
1365,和胃舒筋,,痔疮痿管,疮肠肿毒
1366,益胃生津,,痢疾牙痛,下肢浮肿
1367,生肌止血,,伤暑感冒,瘰疬未溃
1368,祛除风湿,,肢麻瘫痪,带下赤白
1369,解郁调经,,温病发热,产后无乳
1370,益精温肾,,疮癣疥癞,乳痈初起
1371,健胃止痛,,劳伤虚损,肠胃寒痛
1372,止痛止痒,,虚劳出血,小便余沥
1373,健胃调中,,痰热惊搐,食积于胃
1374,祛热解毒,,风湿久痹,口噤不语
1375,温肾固缩,,阴虚痨热,关节拘挛
1376,祛风解表,,水肿蛊胀,肠热出血
1377,健脾行水,,心烦尿赤,疔疮初起
1378,补肾益肝,,暑湿腹泻,乳房肿块
1379,散瘀疗伤,,瘘管窦道,肝气郁滞
1380,固表止汗,,虚寒带下,久泻不止
1381,疏风发表,,发热咽痛,皮肤癣疾
1382,祛湿止痛,,食滞中焦,热性腹泻
1383,消瘀散肿,,心烦神昏,胸闷不饥
1384,健脾利尿,,寒疝疼痛,肝气不舒
1385,涩肠固脱,,虎劳久嗽,蛇虫啼伤
1386,祛风利尿,,疮疖疔肿,痈疽疼痛
1387,益气补虚,,痹痛麻木,肛门肿痛
1388,理气和血,,经闭痛经,眼睛发黄
1389,﻿清热利湿,,肺燥久咳,肿胀不消
1390,止痛生肌,,筋伤疼痛,食少不运
1391,祛风解热,,腹痛疝气,湿热痹证
1392,凉血化瘀,,咳嗽吐痰,夏季感冒
1393,行气开胃,,脾虚白带,疝气疼痛
1394,平肝散结,,虚火牙痛,妇女倒经
1395,豁痰镇咳,,肾虚阳萎,咳嗽虚喘
1396,理气和胃,,伤食吐泻,冷性脓肿
1397,安神补气,,清热发乳,痹证日久
1398,补血调经,,咽燥口渴,胸脘刺痛
1399,透疹通淋,,咳嗽哮喘,腰膝寒痛
1400,祛风通络,,鼻衄咳血,胸腹气痛
1401,平喘疗疮,,风湿劳伤,肺炎咳嗽
1402,补气升阳,,疥癣癞疮,齿龈出血
1403,和中下气,,头痛目赤,足膝痿弱
1404,败毒消痈,,失眠健忘,中风不语
1405,发散解表,,瘰疬瘿瘤,腰膝酸楚
1406,明目镇惊,,腹泻下痢,外伤瘀血
1407,除湿止痢,,肝炎腹胀,膀胱结热
1408,养血和营,,风热咽疼,疔毒走黄
1409,散瘀止痛,,恶疮痈肿,脚生皲裂
1410,润燥滑肠,,疮疖脓肿,肌肤不仁
1411,和血止血,,瘟疫内热,疮毒内陷
1412,利水止汗,,暑邪痧气,齿龈红肿
1413,利湿行水,,湿热火毒,小儿五迟
1414,散毒生肌,,恶毒癞疮,产后血晕
1415,清热止痒,,寒痰哮喘,小便淋沥
1416,疗疮止痛,,骨折损伤,眼目昏糊
1417,益肾补肺,,食滞腹满,寒积腹痛
1418,滋阴潜阳,,阴虚津亏,邪热伤肺
1419,凉肝息风,,风热外感,老年干咳
1420,敛阴止汗,,疮疡痈疽,闪挫腰痛
1421,祛瘀散结,,胃虚呕吐,疮疡不愈
1422,温中止血,,痨伤咳血,中暑热狂
1423,养血祛风,,湿疮流水,肝气犯胃
1424,泄肺行水,,肺热咳血,脘腹绞痛
1425,祛风解痉,,肺热喘急,风湿肢气
1426,化湿和胃,,热病发斑,赘瘤息肉
1427,化痰宽胸,,风湿水肿,低热不退
1428,解毒止痛,,耳鸣耳聋,手足麻痹
1429,镇静退热,,肺劳咳血,肾囊出汗
1430,温中醒脾,,胸闷白带,产后出血
1431,行血解毒,,食少纳呆,肢体无力
1432,益肾涩尿,,胀满泄泻,气血不足
1433,镇静健脾,,肺病热咳,偏正关痛
1434,活血祛痰,,肺热痰咳,大便冷秘
1435,催产助产,,胸膈结热,老年便秘
1436,补肾强筋,,积滞腹胀,气郁不舒
1437,消食止泻,,流泪多眵,脾肺气虚
1438,散寒止疼,,水肿浮气,皮肤干裂
1439,祛风舒筋,,风热瘙痒,咳嗽咯痰
1440,润肺生津,,目赤云翳,心中烦热
1441,舒经活络,,气滞经闭,风水浮肿
1442,利水退肿,,遗精滑精,小儿瘫痪
1443,养血通乳,,肠炎腹泻,妊娠尿血
1444,祛风通窃,,喘咳痰多,壅于肌表
1445,疏风散寒,,痛疽溃疡,小儿急惊
1446,续伤止血,,痈疽丹毒,久痢不止
1447,凉血补血,,痈疽疮疡,副睾结核
1448,健脾消积,,疥疮癣癞,盘骨软弱
1449,壮腰补肾,,肺痈胸痛,肺气虚弱
1450,益肝健脾,,消瘦乏力,肺胃阴伤
1451,﻿祛风热,,淋沥癃闭,腰膝肿痛
1452,化瘀利尿,,跌打伤疼,降胃气
1453,止血收敛,,胸痹疼痛,出血较多
1454,强筋健骨,,肺热咳痰,面色萎黄
1455,补脾益肾,,产后风痉,中风昏倒
1456,宣肺解表,,头晕头痛,大腹水肿
1457,健脾导滞,,多泪多眵,小肠气痛
1458,接骨续伤,,肠鸣腹泻,昏暗不明
1459,清肠止痢,,疮肿痈疖,痈疮衩起
1460,降气化痰,,肾盂肾炎,胁腹症积
1461,祛风活络,,虚劳嬴瘦,热病发狂
1462,开胃生津,,热病斑疹,止生翳膜
1463,逐瘀破血,,中焦气滞,肢体痿弱
1464,清胃泻火,,头痛头晕,痛肿疔毒
1465,驱风解表,,风热咳喘,痰火咳嗽
1466,止痛消肿,,惊痫抽搐,两胁不舒
1467,清痰健胃,,肺痨久咳,眼红痒痛
1468,泻肺平喘,,疮毒痈肿,牙龈肿痛
1469,温寒止痛,,肠鸣泄泻,咽喉肿烂
1470,生津止渴,,气滞腹痛,手指麻木
1471,散风热,,神昏痉厥,跌扑肿痛
1472,解表利水,,遗精早泄,心腹冷痛
1473,开痰下气,,头眩目眩,腹痛隐隐
1474,和胃安胎,,腰痛膝软,创伤感染
1475,燥湿祛寒,,胸闷咳喘,小儿消渴
1476,消食和中,,恶肿疮瘘,药物中毒
1477,祛痰利咽,,湿烂痒痛,虚热不退
1478,凉血止血,,气滞便秘,障翳胬肉
1479,滋阴强壮,,痈疽疖肿,女子崩漏
1480,解毒疗疳,,中风口歪,小儿发热
1481,活血经瘀,,肺虚久咳,肠风泄泻
1482,清热止痢,,风湿脚痛,食积不化
1483,通经破血,,气虚自汗,周身疼痛
1484,利水涩精,,骨碎筋断,妇女血亏
1485,补肾壮阳,,痞满胀痛,膀胱气痛
1486,温中止泻,,结气咳逆,肝胆实热
1487,固崩止漏,,惊厥抽搐,腰腿无力
1488,涩肠止痢,,感冒高热,肚腹胀满
1489,补肾调经,,肺热痰郁,腰脊酸软
1490,补气血,,肢体偏枯,咳嗽喘息
1491,平肝镇惊,,水湿胀满,伤口发炎
1492,续筋骨,,虚劳咳喘,小腿转筋
1493,疏风凉血,,疮毒疥癣,气阴两伤
1494,解毒疔疮,,劳瘵咳嗽,汤火烫伤
1495,杀虫补血,,肝虚眩晕,风湿痹病
1496,养心定惊,,食滞饱胀,可疗经闭
1497,补脾缓肝,,喉炎喉痛,风瘙瘾疹
1498,理气解郁,,发热恶寒,腰脚酸痛
1499,杀虫疗伤,,虚损腰酸,妇女阴痒
1500,固精缩尿,,尿赤尿闭,发为丹毒
1501,清肺和胃,,赤痢便血,风炎牙痛
1502,健脾补肺,,暑热心烦,叹息不舒
1503,补肾健脾,,跌扑损伤,小便不得
1504,清暑解热,,中暑发热,冻疮破溃
1505,消炎收敛,,痰咳气喘,目昏不明
1506,凉血止痛,,目眦赤烂,肢体麻本
1507,补脾利湿,,感冒暑湿,神经障碍
1508,消结散瘿,,梦遗滑精,大便溏薄
1509,镇肝潜阳,,阴证疮疡,泄泻脓血
1510,利湿通络,,胞满胁痛,水湿停聚
1511,活血止血,,形瘦乏力,齿槽脓肿
1512,托毒消肿,,肾虚阳毒,眼部炎症
1513,滋阴止渴,,疖毒疔疮,肝经有热
1514,温经止痛,,伤风咳嗽,行经不畅
1515,理气化湿,,疟疾寒热,心律失常
1516,润肺清心,,脾虚冷痢,胃热疼痛
1517,补虚活血,,气虚头昏,小便深黄
1518,补肺止咳,,胸痛胀闷,筋骨麻木
1519,清火散结,,食积腹疼,肉食中毒
1520,活血散瘀,,盗汗自汗,虚人便秘
1521,温中止痢,,经闭腹痛,水儿惊风
1522,燥湿止带,,肢冷畏寒,虚赢不足
1523,疏风解毒,,头痛齿痛,表气不透
1524,行水利尿,,口渴心烦,眼目障翳
1525,醒脾解酒,,痔疮痈肿,翼状胬肉
1526,除烦解渴,,虚劳咳血,腰脊疼痛
1527,散热解毒,,冷积腹痛,咳声无力
1528,温中补脾,,腰酸腿痛,醒脾气
1529,解表散寒,,劳伤腰痛,脚气肿痛
1530,发汗清暑,,疟疾发热,小儿疽积
1531,清热降火,,中暑发烧,腰胁气胀
1532,活血调经,,肠风痔漏,肝血不足
1533,散血消瘀,,麻风溃疡,湿癣瘙痒
1534,壮腰健肾,,胸闷胸痛,肺痈咳血
1535,利湿通淋,,耳鸣目暗,筋骨骨折
1536,祛暑解表,,无汗身重,脾积痞块
1537,敛阴平肝,,内伤胸胀,食积不消
1538,补阳益阴,,咳嗽咽痛,口腔糜烂
1539,祛痰开窍,,目赤淋浊,疮疡初起
1540,解毒止咳,,肺热喘闷,新久咳嗽
1541,回阳救逆,,跌打伤折,小儿疮癣
1542,健脾祛湿,,痰喘咳嗽,宿滞不消
1543,制酸止痛,,肾虚遗泄,溃破日久
1544,利湿化痰,,燥咳声哑,脘胁胀痛
1545,利湿止带,,拘挛疼痛,疼痛不溃
1546,止痛截疟,,腰酸尿频,烦燥不眠
1547,祛痰平喘,,咳喘气急,乳汁不多
1548,散寒行气,,惊痫痰迷,身面浮肿
1549,敛肺涩肠,,恶疮疥癣,妇人闭经
1550,壮腰止痛,,温病烦渴,腰膝酸疼
1551,杀虫驱蛔,,口燥咽干,脾气虚寒
1552,祛风止痒,,风湿顽痹,脓水淋漓
1553,温中健胃,,血瘀痛经,皮肤疮痈
1554,润肝止咳,,痰壅气逆,气血两亏
1555,暖宫调经,,中风偏瘫,皮肤搔痒
1556,利尿排石,,痈疖肿毒,寒性脓疡
1557,益肾补虚,,里急后重,各种水肿
1558,活血定痛,,眩晕心烦,齿舌出血
1559,发表透疹,,痨伤疼痛,蜂蝎螫伤
1560,接骨拔脓,,脾虚赢瘦,眼目肿痛
1561,舒筋镇痛,,瘰疬症瘕,脘腹不舒
1562,利湿止泻,,痃癖腹痛,小儿盐哮
1563,利尿降压,,跌损呕血,皮肤皲裂
1564,补肺益气,,麻疹热毒,疗痹寒湿
1565,祛寒除湿,,痰饮眩晕,急性胃炎
1566,消食截疟,,跌扑骨折,热痢初期
1567,养血安神,,内热消渴,动即喘促
1568,除风散寒,,阴虚发热,两胁作痛
1569,清热散结,,噎膈反胃,乳汗不通
1570,凉血止咳,,眩晕止赤,痰咳不止
1571,祛寒通经,,疮痈疖肿,遗精带浊
1572,清肺定喘,,风毒疥癞,止赤肿痛
1573,和胃疏肝,,目翳多泪,表虚感冒
1574,止咳除烦,,疖痈疮疡,食欲一振
1575,祛湿敛疮,,瘰疬痰核,膈中气逆
1576,活血通经,,气逆喘满,筋胃疼痛
1577,解表发汗,,疮痒肿毒,筋骨痹弱
1578,生肌长骨,,喘息烦满,筋骨折伤
1579,消食和胃,,衄血尿血,白带漏下
1580,健脾止痢,,带下刀伤,咽喉疼痛
1581,解表透疹,,疮疡热毒,产后口渴
1582,缓急解毒,,胸隔满闷,红斑狼疮
1583,活血化积,,肿胀焮红,膀胱热壅
1584,通经调经,,湿疮流汁,肺结核病
1585,避秽驱虫,,斑疹伤寒,劳伤虚弱
1586,镇痛麻醉,,中恶昏迷,产后感染
1587,祛风通闭,,胁痛口苦,动则气短
1588,消肿解毒,,风痰眩晕,脏腑枯涩
1589,温寒调经,,阳虚遗精,胸腹闷胀
1590,祛瘀通络,,血虚劳倦,脾虚诸症
1591,养胃生津,,劳伤咳血,小儿疳痢
1592,通络除湿,,阴肿阴痒,无论寒热
1593,消瘀化症,,久咳气喘,腹中痞积
1594,止血清热,,头昏耳鸣,中风偏废
1595,润肺利咽,,脚气肿满,皮肤消毒
1596,分清利湿,,胸满喘咳,内外痈疡
1597,祛瘀止血,,恶疮痈疽,呕吐清水
1598,安蛔杀虫,,劳伤久咳,肠道积滞
1599,清咽解毒,,食积腹泻,胃酸过多
1600,清热通络,,内伤吐血,疳积虫痛
1601,散风通窍,,心悸气短,心腹暴痛
1602,化积除湿,,头痛身疼,手足麻木
1603,凉血止痒,,口燥烟干,外病虚损
1604,利水解毒,,心慌怔忡,蝮蛇咬伤
1605,补肾填精,,虚劳骨弱,疖毒溃烂
1606,发汗除湿,,噎膈噫气,小便血淋
1607,调经止带,,口渴咽干,中暑伤冷
1608,解毒驱虫,,羞明流泪,胁下痞满
1609,固崩止带,,阴虚低热,四肢不遂
1610,清热渗湿,,劳伤瘀血,牙周脓肿
1611,催乳解毒,,邪热亢盛,小儿风热
1612,祛风散热,,中风口噤,湿温初起
1613,泻火通便,,咽痛口渴,产后血闷
1614,杀虫消积,,肾虚体弱,无名中毒
1615,固涩止带,,咳喘胸闷,腰膝瘦弱
1616,祛腐生肌,,血瘀刺痛,起坐困难
1617,温寒补虚,,痨伤血瘀,已溃未溃
1618,益气升阳,,尿频余沥,皮肤痒疹
1619,补脾健胃,,厥阴头痛,伤口溃烂
1620,散淤消肿,,跌仆伤痛,慢性肝炎
1621,淡渗利水,,肿胀疼痛,淋巴结肿
1622,降逆止呕,,虚劳气怯,腹部胀痛
1623,健脾和胃,,发痧肚痛,腰肢冷痛
1624,解毒止血,,津伤便秘,口鼻生疮
1625,止痛止咳,,寒湿带下,接骨疗
1626,祛风化痰,,瘀血内结,麻疹痘毒
1627,养心除烦,,胃痛吐酸,金疮出血
1628,利水肖肿,,头昏乏力,肺阴虚嗽
1629,消肿拔毒,,脚气水肿,带下清稀
1630,温中下气,,天泡湿疮,寒热夹杂
1631,护肤剑疮,,自汗盗汗,内外翳障
1632,益肾固精,,风热湿痹,湿阻脾胃
1633,顺气活血,,肿打损伤,痰滞不散
1634,生肌止痛,,解热凉血,赤白漏下
1635,补肾壮骨,,久泻脱肛,各种恶疮
1636,止血止带,,热毒血痢,头风热痛
1637,散瘀活血,,腹胀食少,留滞肤表
1638,定惊止痉,,久咳失音,酗酒过度
1639,疏肝调经,,劳伤吐血,月经不凋
1640,敛汗涩肠,,时疫温病,中风瘫痪
1641,化湿消暑,,跌打抽伤,四肢拘挛
1642,解毒燥湿,,血虚头昏,男子阳痿
1643,清热镇惊,,风热痘毒,产后瘀痛
1644,行气消滞,,跌打肿痛,慢性湿疹
1645,散寒除痹,,风毒脚气,头疮白秃
1646,宽胸利膈,,风瘙身痒,慢性鼻炎
1647,散寒除湿,,虚劳精亏,大小便闭
1648,止血解毒,,胞闷气喘,疥癣湿痒
1649,舒肝利胆,,阳萎不孕,痰少且稠
1650,祛风定惊,,多眵多泪,热病后期
1651,消暑止渴,,畏寒肢冷,胃肠气胀
1652,消热明目,,虚劳久嗽,视物不清
1653,调经行血,,神疲多眠,热毒病证
1654,理血祛风,,食积痞胀,感受风寒
1655,补肺益肾,,目赤目翳,四肢酸软
1656,行气理血,,神疲畏寒,口腔疾病
1657,散风除湿,,跌打瘀积,筋骨挛痛
1658,益阴退热,,风火上炎,筋骨软弱
1659,补心安神,,肺病咳嗽,暑热口渴
1660,止咳解毒,,风湿脚肿,虚烦不寤
1661,健脾消食,,痰饮喘促,蚊虫咬伤
1662,除痰开噤,,脾虚泄痢,夏季伤暑
1663,健脾化积,,祛风寒,胸脘痞闷
1664,泻热利尿,,肝胆湿热,脾胃气虚
1665,清热利胆,,气短喘急,疝瘕积聚
1666,镇痛解痉,,疮疖肿痛,产后体虚
1667,和胃健脾,,头晕心慌,烦燥不安
1668,补肾益精,,阴虚口渴,小儿咳喘
1669,健脾理湿,,肾虚耳鸣,神昏不语
1670,宽中下气,,疥疮身痒,男子遗精
1671,镇惊安神,,疔疮痈毒,湿热淋证
1672,消滞和中,,久咳喘息,脚气湿烂
1673,抗菌消炎,,痈疖疥疮,呼吸不利
1674,宣肺散热,,伤酒口渴,外疗疥癣
1675,滋阴除热,,风热声哑,胃脘妨闷
1676,止血生肌,,血虚烦热,蕲蛇咬伤
1677,调经化瘀,,咽痛咳嗽,产后瘀滞
1678,补血行血,,风火赤眼,乳房结块
1679,祛风去湿,,潮热咯血,角膜翳障
1680,滋阴润肺,,中暑高热,食滞纳呆
1681,活血透疹,,癥瘕痞块,目晴伤损
1682,凉血泻肝,,虚风眩晕,痰中带血
1683,滋阴润操,,阴疽肿痛,两目干涩
1684,息风安神,,多悸怔忡,肢体拘急
1685,解表截疟,,身热斑疹,毒之咬伤
1686,理气活络,,跌打创伤,传化失常
1687,润肺祛痰,,痈疖疮毒,胸背疼痛
1688,补脾止泻,,惊癫抽搐,漏疮生管
1689,解热消炎,,血气心痛,寒痰咳喘
1690,疏风宣肺,,胸膈痞胀,阴部搔痒
1691,疏风解表,,风热瘾疹,一般疮毒
1692,强心消肿,,肝虚目暗,视物昏暗
1693,杀虫排脓,,瘀积疼痛,皮肤湿痒
1694,凉肝明目,,头痛无汗,月经不谳
1695,疏风透疹,,脘闷腹痛,抑郁不欢
1696,化痰软坚,,心慌气短,心神不安
1697,降气止咳,,暑湿下痢,肝胃不和
1698,清痰止咳,,阳虚内寒,斑疹隐隐
1699,滋肾养肝,,风湿脚气,刀伤金创
1700,泻火行水,,面黄肌瘦,脘腹胀育
1701,利尿化瘀,,疮痈疖疽,头目昏眩
1702,凉血散毒,,尿淋涩痛,烦热不安
1703,理气消肿,,泻痢下重,心性水肿
1704,泻肺降气,,胃逆呕吐,虚烦不眠
1705,舒肝健胃,,尿频尿多,大便溏泻
1706,清暑利湿,,热结腹痛,目赤疼痛
1707,补中益气,,赤白久痢,女子不孕
1708,发汗利尿,,惊痫癫狂,耳目不聪
1709,驱风理气,,大风瘌疾,中风偏枯
1710,消炎利水,,风痹筋挛,内伤于湿
1711,清热解渴,,喉闭口噤,小儿解颅
1712,润肺滋肾,,疔疮痈疖,小儿失音
1713,疏风祛湿,,风湿感冒,小儿肺炎
1714,止血化瘀,,肺痈吐脓,发为崩漏
1715,续伤止痛,,湿热疮毒,女子经闭
1716,健脾消疳,,虚伤赢瘦,四肢浮肿
1717,利气消痰,,胸闷胁胀,目亦羞明
1718,通淋杀虫,,肾虚腰冷,水气浮肿
1719,清热燥湿,,丹毒水肿,小便淋痛
1720,镇吐理气,,中恶猝倒,白带增多
1721,接骨消肿,,酸软乏力,疼的疖肿
1722,驱风除温,,血热衄血,汗出不止
1723,舒筋通络,,疮疖痈肿,久热不退
1724,利尿止泻,,咳嗽咳痰,厌食油腻
1725,益气止汗,,淋浊白带,虫积不化
1726,温中消积,,舌淡苔白,斑痧热症
1727,化痰散结,,瘾疹热疮,小肠湿热
1728,温脾止泻,,遗尿尿频,水肿初起
1729,清热利尿,,热毒痈肿,小便涩痛
1730,复脉固脱,,劳嗽痰血,肢体麻痹
1731,凉血活血,,火眼目翳,胃痛出血
1732,清热敛疮,,腰酸耳鸣,小儿虫积
1733,祛瘀消肿,,皮炎湿疹,两胁胀满
1734,排痈消肿,,痰饮喘满,夜卧不安
1735,温阳利水,,口干舌燥,大便带血
1736,养阴止咳,,血热鼻衄,咯痰带血
1737,燥湿杀虫,,咳嗽胸闷,胎动下血
1738,养阴润肺,,头晕眼花,子宫虚冷
1739,辛凉透疹,,伤食胸痞,赤游丹毒
1740,泻火退热,,风湿红肿,眼睑缘炎
1741,续伤消肿,,便血尿血,胃腹胀痛
1742,,,食滞中脘,痰黄稠粘
1743,,,驱虫蛔虫,慢性疮疡
1744,,,肺痰吐血,胸腹瘀痛
1745,,,阴虚便秘,阻痹气血
1746,,,风湿痹痈,咳痰不利
1747,,,扭伤肿痛,肉积不消
1748,,,风热头痛,皮肤感染
1749,,,劳伤发热,胎热不安
1750,,,肾虚精亏,脚气肿胀
1751,,,喘咳气急,目暗昏糊
1752,,,亡阳厥逆,中气不足
1753,,,胸闷腹胀,肿毒疮疥
1754,,,肠炎泄泻,麻疹不出
1755,,,胃寒呕吐,产后体弱
1756,,,早泄阳痿,瘀滞作痛
1757,,,疥疮湿癣,食欲不佳
1758,,,目赤肿毒,宿食不化
1759,,,胸闷气结,急性肾炎
1760,,,哮喘痰咳,癫痫发狂
1761,,,痰多气喘,咯血诸证
1762,,,阳盛阴虚,肝胆疼痛
1763,,,疮痈疽疔,癣疮瘙痒
1764,,,吐血气痈,痘疮不起
1765,,,中寒胃痛,散头风
1766,,,热病心烦,咽喉干燥
1767,,,肚痛腹泻,耳内疼痛
1768,,,肠风痔疾,心腹热渴
1769,,,泄泻带下,肾阴不足
1770,,,头痛发烧,劳倦乏力
1771,,,水肿胀满,妇人劳损
1772,,,疮癣疮疡,热毒而肿
1773,,,气滞疼痛,小儿癣疮
1774,,,阳痿遗精,脾气下陷
1775,,,肝病腹水,伤及肾气
1776,,,眩晕头痛,大便虚秘
1777,,,肺热咳喘,生气加重
1778,,,口干咽燥,风火眼疾
1779,,,血虚体弱,中脘腹痛
1780,,,上气烦满,痢疾初起
1781,,,咳嗽痰壅,产后脚肿
1782,,,干湿癣疮,肝肾服虚
1783,,,肺痿肺痈,先兆流产
1784,,,烦躁失眠,肺病吐血
1785,,,面红目赤,带下疳积
1786,,,阴虚潮热,嗽逆上气
1787,,,厌食腹胀,内痔便血
1788,,,骨折肿痛,盗汗遗精
1789,,,肠热下血,疮疹湿痒
1790,,,肺虚咳嗽,皮肤麻木
1791,,,痢疾泄泻,蛇虫出血
1792,,,跌打瘀肿,寒性咳嗽
1793,,,胸闷痰多,伤外出血
1794,,,风热赤眼,中风口僻
1795,,,扭挫损伤,腹内症瘕
1796,,,风疹疥癣,热病惊痫
1797,,,盗汗瘰疬,产后气滞
1798,,,热邪伤津,腹部冷痛
1799,,,发痧气痛,症见头痛
1800,,,痨伤久咳,胃纳不佳
1801,,,胸膈满闷,萎痹不仁
1802,,,烫伤烧伤,唾腺肿瘤
1803,,,疔毒恶疮,产后发热
1804,,,跌仆闪挫,肌肉不仁
1805,,,胃热呕呃,小便短亦
1806,,,风炎赤眼,眼目青盲
1807,,,痈疮湿疹,酒后口渴
1808,,,骨蒸劳嗽,子官脱垂
1809,,,燥热咳嗽,无名毒疮
1810,,,肝热目糊,痈疮溃烂
1811,,,蕴结中焦,腰膝酸重
1812,,,痈疡疮疖,肠风痢疾
1813,,,虚弱头晕,眼生翳膜
1814,,,胸胁满闷,腹痛后重
1815,,,跌打肿伤,预防麻疹
1816,,,阴虚内热,胃肠冷痛
1817,,,虚劳潮热,慢性风湿
1818,,,恶疮肿痛,孕妇腹痛
1819,,,感冒发烧,皮肤热毒
1820,,,泻痢脱肛,蛇虫犬咬
1821,,,肠滑久泻,动即加重
1822,,,温病高热,骨节烦疼
1823,,,瘀血疼痛,水道不利
1824,,,肺热气逆,肺脾气虚
1825,,,虚弱干瘦,肚胃气痛
1826,,,痰热惊痫,内痔出血
1827,,,风眼烂弦,风眼流泪
1828,,,肺病咳喘,妊娠热病
1829,,,痈肿疔毒,肿痒疼痛
1830,,,水泻腹痛,肋骨疼痛
1831,,,湿热蕴阻,产后浮肿
1832,,,反胃呕逆,肝阳上讥
1833,,,牙痛口糜,伤酒热渴
1834,,,寒湿水肿,风眼赤烂
1835,,,胸闷疼痛,关节疼痛
1836,,,咽肿喉痹,乳汁滞少
1837,,,谵语发狂,肢体疼痛
1838,,,失眠头昏,热邪袭表
1839,,,瘰疬疖肿,筋肉挛急
1840,,,红肿疼痛,跌年伤痛
1841,,,暑湿泻痢,巅顶头痛
1842,,,气郁胸闷,虚汗不止
1843,,,吐血尿血,甘肃麻疹
1844,,,疖泻痢疾,农药中毒
1845,,,气虚下痢,肝火燔灼
1846,,,肺痈咯血,热结膀胱
1847,,,虚劳肺痿,胞胁胀满
1848,,,中暑呕吐,冻疮流水
1849,,,中风面瘫,心律不齐
1850,,,疮疡疮癣,温痹酸痛
1851,,,气滞心痛,皮肤溃疡
1852,,,疳积发热,腰膝无力
1853,,,气虚血亏,胞胁胀痛
1854,,,翻胃吐食,筋脉拘孪
1855,,,积食饱胀,腰腿酸软
1856,,,霍乱叶泻,直肠出血
1857,,,时疹疮毒,疹出不畅
1858,,,伏饮痰喘,月经量少
1859,,,肠痈腹痛,血虎萎黄
1860,,,痰饮胸水,大便不利
1861,,,呕吐泻痢,咳嗽或喘
1862,,,跌打腰痛,阴部疳疮
1863,,,胸闷肋痛,头身悉痛
1864,,,痰热温疟,疲乏无力
1865,,,疮疽痔瘘,内脏下垂
1866,,,瘢痕疙瘩,胸前饱胀
1867,,,脾虚腹胀,小便短少
1868,,,跌扑瘀血,皮肤疾病
1869,,,遗精阳痿,中焦虚寒
1870,,,祛暑生津,体虚浮肿
1871,,,消渴引饮,虫蛇咬伤
1872,,,脾虚浮肿,小儿皮炎
1873,,,疥癞癣疮,蜂虫刺咬
1874,,,胸闷脘痞,皮肤痈疽
1875,,,高热烦渴,筋骨损伤
1876,,,温热斑疹,损伤呕血
1877,,,劳瘦骨蒸,胃酸缺乏
1878,,,不孕少乳,咽部肿痛
1879,,,头晕气短,刀伤止血
1880,,,肾虚骨蒸,病后贫血
1881,,,痈疽恶疮,风湿痹证
1882,,,内伤瘀血,皮肤紫癜
1883,,,疥癣疮疡,肢麻拘孪
1884,,,胸闷郁结,火眼赤痛
1885,,,纳呆食少,目中生翳
1886,,,疔痈疮毒,妇女虚痨
1887,,,痈疮热疖,老年体衰
1888,,,耳热瘙痒,四肢不爽
1889,,,疖肿疮疡,周身麻木
1890,,,麻疹肿毒,心烦不安
1891,,,乏力食少,粘膜发炎
1892,,,湿热留滞,听觉减退
1893,,,目赤目昏,腹痛不适
1894,,,风热目赤,皮肤裂痛
1895,,,痈疮溃疡,半身不遂
1896,,,气短心悸,产后风痛
1897,,,口臭苔腻,挛急疼痛
1898,,,虚寒泄泻,外感风寒
1899,,,嗳腐吞酸,下肢溃疡
1900,,,血瘀腹痛,历节风痛
1901,,,焮红肿胀,咽喉红肿
1902,,,症瘕痞块,肿热咳嗽
1903,,,劳伤疲乏,痘疹不透
1904,,,肾亏阳痿,肝经湿热
1905,,,咽肿口疮,胃炎疼痛
1906,,,湿热淋痛,肢体痹痛
1907,,,头晕乏力,头风眩痛
1908,,,尿频遗溺,少腹蓄血
1909,,,冷气腹痛,目赤涩痛
1910,,,寒饮喘咳,胃气不舒
1911,,,显热泻痢,皮肤癌痒
1912,,,感冒身热,小儿肝热
1913,,,疔肿恶疮,筋脉拘急
1914,,,湿热吐泻,小便赤涩
1915,,,麻疹高烧,癌症初起
1916,,,肺虚劳嗽,胆经热病
1917,,,血热瘙痒,咳嗽音哑
1918,,,益气宜脾,流汁绵绵
1919,,,痧气腹痛,夜寐不安
1920,,,壮热烦渴,腹中积聚
1921,,,热症牙痛,内服腹泻
1922,,,骨蒸潮热,肛门坠痛
1923,,,目赤翳障,妇女崩漏
1924,,,痈肿热毒,脚膝肿痛
1925,,,外伤感染,麻疹不诱
1926,,,牙疳口疮,实热积滞
1927,,,肺寒咳喘,胸胁苦满
1928,,,木舌舌胀,胸中痞闷
1929,,,目赤羞明,可疗淋病
1930,,,恶心呕吐,毒菇中毒
1931,,,外咳气喘,脾气虚损
1932,,,冷痢赤白,寒湿脚气
1933,,,目赤翳膜,水田皮炎
1934,,,骨折伤痛,龄齿疼痛
1935,,,湿热下注,食后饱胀
1936,,,痰少咽燥,痔疮漏管
1937,,,咳嗽痰稠,小儿伤食
1938,,,瘀血头痛,小儿咳嗽
1939,,,久泻久痢,牙龈出血
1940,,,胃火牙痛,脘腹满痛
1941,,,咯血鼻衄,小腹暴痛
1942,,,水臌腹胀,大便久泻
1943,,,痈疖恶疮,纳后腹胀
1944,,,脘胀腹痛,水火汤伤
1945,,,疮毒痈疖,兼以发热
1946,,,中寒腹痛,关节结核
1947,,,惊悸失眠,腹生结块
1948,,,胃寒作吐,面赤肿痛
1949,,,痈肿疔疖,泻痢后重
1950,,,疥癣癣疮,二便秘涩
1951,,,疫毒黄疸,痰多咳嗽
1952,,,高热关痛,疲劳过度
1953,,,下疳阴疮,手足不遂
1954,,,瘰疬黄疸,痔疮脱肛
1955,,,中风头眩,羞明怕光
1956,,,热病谵妄,疮溃不敛
1957,,,津少口渴,疮面腐烂
1958,,,瘫痪麻木,子宫脱出
1959,,,鼻渊流涕,小儿头疮
1960,,,气喘痰多,痔瘘下血
1961,,,扭伤瘀痛,腰部扭伤
1962,,,癫痫惊狂,风寒湿痹
1963,,,风湿麻木,夏令伤暑
1964,,,实热便闭,形体消瘦
1965,,,肾虚赢瘦,痛经诸证
1966,,,咳嗽气逆,咳嗽无力
1967,,,体虚多汗,风痰闭窍
1968,,,痒痛疥癣,脚丫湿烂
1969,,,顽癣恶疥,心腹胀痛
1970,,,肝热抽搐,小便不畅
1971,,,麻疹高热,热病消渴
1972,,,红肿热痛,风寒痹证
1973,,,﻿祛风热,头风白屑
1974,,,热病大渴,风寒表证
1975,,,疔疮疥癣,瘰疬溃烂
1976,,,发斑发疹,七窍出血
1977,,,宫寒不孕,热甚昏迷
1978,,,瘀血阻络,脘腹冷积
1979,,,呕吐吞酸,并可灭蛆
1980,,,外障目翳,水谷不化
1981,,,心烦口渴,远视不明
1982,,,蛔厥腹痛,噎膈初起
1983,,,腹胀疳积,腰脚无力
1984,,,脾虚肿满,迫血妄行
1985,,,乳痈瘰疬,恢复疲劳
1986,,,气虚体弱,头身疼痛
1987,,,热病抽搐,小便赤赤
1988,,,心悸惊痫,肌肤粗裂
1989,,,湿疮肿毒,各种出血
1990,,,中暑腹痛,恶疮疔毒
1991,,,散风热,停留胃中
1992,,,夜梦遗精,面部紫肿
1993,,,头晕失眠,带下及钩
1994,,,胸膈气滞,肌肉缺损
1995,,,外感咳嗽,风寒袭肺
1996,,,头晕目昏,筋骨痞软
1997,,,白癞头疮,外伤肿痛
1998,,,扭伤痈肿,疮疡化脓
1999,,,痈肿疮瘘,乳汁不通
2000,,,暴热烦渴,肌肤枯涩
2001,,,吞酸反胃,产后风瘫
2002,,,痰喘气壅,瘀血留聚
2003,,,暑湿胸闷,熏蒸肝胆
2004,,,口臭纳差,妇女痛经
2005,,,虚弱赢瘦,产后乳少
2006,,,口疮乳痈,腰背疼痛
2007,,,阴虚久嗽,症瘕诸症
2008,,,风火烂眼,肝肾阴虚
2009,,,消瘦神悴,风疹搔痒
2010,,,虚寒泻痢,肢体僵硬
2011,,,风湿热痹,慢性肠炎
2012,,,目赤流泪,寒喘皆之
2013,,,肾虚劳损,小便淋病
2014,,,风热客表,流感初期
2015,,,补气血,营养不良
2016,,,肺热干咳,不能伸缩
2017,,,疮疹顽癣,风寒之邪
2018,,,疥癣瘰疬,大便溏泄
2019,,,阴虚咳嗽,乳房硬肿
2020,,,续筋骨,风痰咳嗽
2021,,,胸膈饱满,腹部疼痛
2022,,,热病烦满,可外疥疮
2023,,,肠热便秘,日久不止
2024,,,气痞腹痛,产后虚赢
2025,,,风湿瘫痪,治肺痈
2026,,,干咳痰少,脘腹不适
2027,,,风热癍疹,全身悉痛
2028,,,痈疽疔疮,温病初起
2029,,,寒疝腹痛,肠道出血
2030,,,劳倦内伤,腰脚冷痛
2031,,,跌扑伤痛,感冒头痛
2032,,,刀伤金疮,肝郁化火
2033,,,痛疽恶疮,胸部刺痛
2034,,,湿热痒疮,体虚自汗
2035,,,虚烦口渴,脚膝疼痛
2036,,,疔疮瘰疬,胃有食积
2037,,,头晕脑胀,伤暑腹胀
2038,,,胸闷腹痛,胃气疼痛
2039,,,咳嗽喘满,筋脉挛痛
2040,,,胃热津伤,枪炮创伤
2041,,,淤血肿痛,皮肤湿疹
2042,,,水肿尿水,无论内服
2043,,,寒疝气痛,疲惫乏力
2044,,,湿毒疥疮,脘腹痞胀
2045,,,痈毒疮疖,肝肾亏损
2046,,,痈肿疥癣,瘾疹瘙痒
2047,,,心热烦躁,腹部胀满
2048,,,跌打疼痛,青盲内障
2049,,,胀满喘急,肌肉消瘦
2050,,,吐逆反胃,脚气浮肿
2051,,,脾虚久痢,手足心热
2052,,,泄泻久痢,肛门湿烂
2053,,,头昏头痛,毒峰螫伤
2054,,,风寒头痛,寒性吐泻
2055,,,疮疡疖肠,往来寒热
2056,,,发热关痛,手臂酸麻
2057,,,血疼腰痛,脘腹气痛
2058,,,心痛滞气,小儿口疮
2059,,,湿疹疥瘌,肝胃气滞
2060,,,风热发疹,带下不止
2061,,,下焦气虚,暑热腹泻
2062,,,肾亏腰痛,身发斑痧
2063,,,虚证白喉,孕妇水肿
2064,,,肝郁胁痛,苦瓠中毒
2065,,,阳痿精寒,月经不调
2066,,,少气失精,腰肌痨损
2067,,,燥咳无痰,腰膝冷痹
2068,,,疳积腹胀,胃寒冷痛
2069,,,疝气瘰疬,劳伤无力
2070,,,疟母癓瘕,麻疹初起
2071,,,瘀滞肿痛,腰痛绵绵
2072,,,肺炎咳喘,蛇伤诸症
2073,,,形赢面白,神倦欲眠
2074,,,疥癣虫疮,痱子瘙痒
2075,,,虚劳腰痛,面足浮肿
2076,,,腹痛便溏,疥癣瘙痒
2077,,,痧胀吐泻,脑转耳鸣
2078,,,势痹肿痛,外阴瘙痒
2079,,,疮肿湿毒,水温肿满
2080,,,瘀滞痛经,气血两虚
2081,,,血热生风,慢性咳喘
2082,,,血虚肾亏,蛔早腹痛
2083,,,胃热呕吐,四肢不仁
2084,,,惊风撮口,精神郁闷
2085,,,气滞血瘀,胃腹冷痛
2086,,,霍乱吐泻,腹脏风壅
2087,,,骨折筋伤,留滞经络
2088,,,疳积疟疾,胎漏难产
2089,,,气逆胸满,痹症疼痛
2090,,,肾亏不育,早期癌症
2091,,,咳吐脓血,乳少不畅
2092,,,阴痒肿痛,眼目赤痛
2093,,,跌打红肿,眼起星翳
2094,,,痰饮咳嗽,蝎蜂螫伤
2095,,,脘痞吐泻,四肢痹痛
2096,,,虚劳发热,两肋胀满
2097,,,脚弱无力,能宣肺气
2098,,,黏稠难咯,中风头痛
2099,,,肺痨体虚,钩吻中毒
2100,,,血结胸痛,内脏出血
2101,,,小儿食积,皮肤疖肿
2102,,,痰饮咳逆,疹发不透
2103,,,肾虎腰痛,纳减嗳腐
2104,,,痰饮喘息,久溃不敛
2105,,,食积泻痢,妇人白带
2106,,,胸闷心烦,喉中痰壅
2107,,,腹痛泄泻,喉痹肿痛
2108,,,风湿疥癣,四肢厥冷
2109,,,疮肿疔毒,瘀滞得去
2110,,,阴疽痰核,疥疮瘙痒
2111,,,虚热乏力,及咽喉炎
2112,,,口苦目赤,风癞疬疡
2113,,,署湿泄泻,皮肤疮痒
2114,,,痈疽疮癣,小便不禁
2115,,,劳伤咯血,纳少胀痛
2116,,,发背肿毒,肾脚痿弱
2117,,,热毒泻痢,筋脉拘挛
2118,,,跌仆晕厥,纳谷不香
2119,,,胆汁瘀积,神志失常
2120,,,疮疡疖肿,伤及阴络
2121,,,伤寒发热,妊娠腹痛
2122,,,痈肿折伤,胃火头痛
2123,,,流感发烧,妇女血崩
2124,,,虚劳内伤,夏令感冒
2125,,,胃寒脘痛,胸胁疼痛
2126,,,疮疡疥痔,慢性腹泻
2127,,,下痢赤白,胁肋胀满
2128,,,金创刀伤,消化不良
2129,,,化脓疮疡,视物昏花
2130,,,血少经闭,小二疳积
2131,,,劳伤咳嗽,眼生翳障
2132,,,中暑吐泻,经前腹痛
2133,,,外咳虚喘,痈疽溃烂
2134,,,水湿肿满,昏迷不醒
2135,,,结热胸痞,急性菌痢
2136,,,寒湿腹泻,脾胃不和
2137,,,胃痛食少,妊娠恶阻
2138,,,虚喘久咳,须发早白
2139,,,神疲头昏,肩背酸痛
2140,,,跌打闪挫,痰粘难咯
2141,,,口干便秘,咯痰黄调
2142,,,疮肿溃烂,头风疼痛
2143,,,热毒疮肿,心经郁热
2144,,,高热抽搐,妊娠水肿
2145,,,瘀血闭经,妇女经闭
2146,,,跌打刀伤,目赤痒痛
2147,,,痧秽中毒,创伤化脓
2148,,,烦满咳逆,眼目昏花
2149,,,眼花目赤,病后虚弱
2150,,,肾虚遗精,化脓感染
2151,,,烦渴引饮,肾部衰弱
2152,,,拘挛麻木,风寒外束
2153,,,疔毒痈肿,肢气肿毒
2154,,,跌扑创伤,齿龈溃烂
2155,,,壮热神昏,头目昏痛
2156,,,食积痞满,湿疹篷痒
2157,,,温热时病,创伤红肿
2158,,,消肿吐血,癫痫狂乱
2159,,,瘟疫发疹,前列腺癌
2160,,,热咳失音,小儿斑疹
2161,,,阴虚肺热,四肢痿痹
2162,,,眩晕昏仆,草药中毒
2163,,,喘促痰多,疮口不敛
2164,,,痰火痹疬,筋骨痿弱
2165,,,热病烦燥,腰骨酸痛
2166,,,脱力劳伤,产后虚弱
2167,,,内伤瘀痛,肢体麻木
2168,,,疔疮发热,腰背冷痛
2169,,,祛湿瘙痒,咽喉肿痹
2170,,,积食腹胀,手足皲裂
2171,,,肝炎胁痛,脘腹胀满
2172,,,热毒乳痈,腰部冷痈
2173,,,胃热口苦,无明中毒
2174,,,心悸怔忡,迎风流泪
2175,,,青紫瘀痛,慢性咽炎
2176,,,肝热头晕,无明肿毒
2177,,,热病口渴,五脏劳损
2178,,,咳逆上气,手足顽麻
2179,,,脚气疝气,不得平卧
2180,,,湿阴脾胃,龋齿疼痛
2181,,,湿热痢疾,胸膈痞闷
2182,,,气虚浮肿,外感风邪
2183,,,肺痿咳嗽,宿食症瘕
2184,,,疔痈疮疹,毒疮溃烂
2185,,,热毒目翳,神志不安
2186,,,癫狂痰壅,胎衣不下
2187,,,痰多咳喘,筋骨酸痛
2188,,,痈肿疼痛,外伤疼痛
2189,,,久疟体虚,下元虚冷
2190,,,喘咳痰嗽,痈肿初起
2191,,,目昏多泪,肢体瘦弱
2192,,,惊悸怔仲,脾胃虚热
2193,,,疥癞顽癣,风湿麻痹
2194,,,症瘕结聚,泌乳障碍
2195,,,眩晕乏力,腰酸无力
2196,,,虚寒久泻,血虚诸证
2197,,,痨嗽痰血,手足厥冷
2198,,,血虚气弱,口舌麋烂
2199,,,体倦身沉,胸膈痰结
2200,,,头昏眼花,食积气胀
2201,,,瘀滞腹痛,肝经郁热
2202,,,趺打损伤,胸胁作痛
2203,,,湿热淋浊,齿龈肿痛
2204,,,恶露腹痛,泻痢不止
2205,,,跌损失血,鼻塞不通
2206,,,胎毒疮疹,四肢拘缓
2207,,,胃热口渴,肢节肿痛
2208,,,肾虚阳痿,阴部湿痒
2209,,,伤暑叶泻,疮毒生蛆
2210,,,伤寒热狂,久泻不愈
2211,,,疮痈疥癣,膀胱热结
2212,,,疮病疖肿,心腹气痛
2213,,,眩晕耳聋,肾精不足
2214,,,肺热外感,蜂虫螫伤
2215,,,虚热内灼,风湿曾痛
2216,,,热毒喉痹,足癣湿烂
2217,,,咯血吐衄,局部肿胀
2218,,,肺虚劳咳,外伤出血
2219,,,淋浊癃闭,脾胃亏损
2220,,,痈肿疮毒,喉咙疼痛
2221,,,骨蒸发热,耳鸣诸证
2222,,,顽痰咳嗽,常下黄稠
2223,,,顽癣恶疮,发多油腻
2224,,,昏暗羞明,老人尿频
2225,,,体弱消瘦,小儿府积
2226,,,呕吐反胃,蚊虫叮咬
2227,,,发热口干,精神疲乏
2228,,,泄泻虚滑,梅疮溃烂
2229,,,腹胀症积,筋脉挛急
2230,,,谵语抽搐,对口发背
2231,,,胸闷纳呆,月经停闭
2232,,,挫伤扭伤,两胁疼痛
2233,,,白浊带下,外感发热
2234,,,跌打外伤,小便赤痛
2235,,,头晕耳聋,乳房胀育
2236,,,肺胀喘急,二便不利
2237,,,虫积胃痛,肾阳不足
2238,,,烦热阳厥,口腔溃疡
2239,,,目赤黄疸,小便浑浊
2240,,,骨蒸痨热,眉棱骨痛
2241,,,虚烦失眠,风寒外感
2242,,,病疮肿毒,心阴不足
2243,,,暑湿发热,耳目肿痛
2244,,,寒湿腰痛,肺肾虚弱
2245,,,烦渴呕恶,小儿盗汗
2246,,,瘀滞崩漏,耳尖流脓
2247,,,胞闷咳喘,大腹胀满
2248,,,中风失音,头部外伤
2249,,,水肿便秘,小便热痛
2250,,,虚损赢瘦,尿道结石
2251,,,伤食纳少,鼓膜红肿
2252,,,怔忡烦乱,皮肤肿块
2253,,,热淋尿闭,肝风内动
2254,,,院腹胀痛,小腹疼痛
2255,,,肾虚头晕,耳内肿痛
2256,,,脾虚气弱,尿络结石
2257,,,淋痛溺血,云翳障目
2258,,,痈毒恶疮,妇女小产
2259,,,淋漓涩痛,外伤红肿
2260,,,潮热盗汗,毒索咬伤
2261,,,湿疹痒痛,神志恍惚
2262,,,麻疹痢疾,妇人乳少
2263,,,阴寒水肿,蜂虫鳌伤
2264,,,症瘕腹痛,四肢软弱
2265,,,虚烦惊悸,里寒腹痛
2266,,,暑中伏热,月经延期
2267,,,久嗽久喘,小便不利
2268,,,脾虚气虚,脾脏肿大
2269,,,气虚头晕,脉弦数者
2270,,,喉痹乳蛾,下肢拘挛
2271,,,体虚气弱,小便水利
2272,,,倦怠食少,阴囊肿胀
2273,,,舌红少苔,急性咽炎
2274,,,热痢下血,疮毒脓肿
2275,,,疥癣秃疮,四肢麻木
2276,,,虚劳久咳,各种脓肿
2277,,,短气乏力,红白痢疾
2278,,,胸闷呕吐,癌性疼痛
2279,,,发背恶疮,伤口化脓
2280,,,恶疮瘜肉,内伤出血
2281,,,热毒下痢,两目不清
2282,,,虚寒血淋,筋骨拘挛
2283,,,风热咽痛,云翳遮睛
2284,,,风寒温痹,痢疾后重
2285,,,口干燥渴,咽喉干痛
2286,,,虚寒咳喘,急性皮炎
2287,,,食少腹胀,虚人赢弱
2288,,,暑热水泻,眼睑糜烂
2289,,,气虚耳鸣,牙龈肿烂
2290,,,腹痛腹胀,毒虫螫伤
2291,,,血热风痒,尿道感染
2292,,,湿热痢利,痈疽初起
2293,,,寒热无汗,中阳不足
2294,,,金疮痛疡,大便稀溏
2295,,,不便淋涌,脾胃阳脱
2296,,,风寒感冒,小儿夜啼
2297,,,久咳痰血,全身悉黄
2298,,,神倦乏力,湿疮糜烂
2299,,,扭挫伤折,遍身拘痛
2300,,,妇人阴蚀,大便泄泻
2301,,,反胃不舒,骨折诸症
2302,,,痰黄质稠,单双乳蛾
2303,,,痞满呕逆,小儿喘咳
2304,,,胃痛干呕,男子阴肿
2305,,,寒湿内蕴,并可淋病
2306,,,疮疖顽癣,消渴便数
2307,,,风寒咳喘,胞腹胁痛
2308,,,痰热喘嗽,滴漓不尽
2309,,,身痛体痛,多种出血
2310,,,虚寒胃痛,口唇燥痛
2311,,,四肢逆冷,瘙痒无度
2312,,,伤寒热病,皮肤潮红
2313,,,肺燥咳嗽,腰膝冷痛
2314,,,尿频尿急,历节痛风
2315,,,失眠梦多,孕期呕吐
2316,,,膝痛脚弱,手臂酸痛
2317,,,食积痞滞,蛇虫蛟伤
2318,,,热病高热,心肺积热
2319,,,惊悸健忘,皮疹瘙痒
2320,,,发热烦躁,白癞顽痒
2321,,,风肿瘙痒,预防感冒
2322,,,阳痿腰酸,血热妄行
2323,,,痰核瘰疬,赤痢后重
2324,,,气滞胁痛,恶性疟疾
2325,,,肠风血痢,妇女崩中
2326,,,热痰喘嗽,慢性痢疾
2327,,,水肿腹水,鱼口疮毒
2328,,,肺虚咳喘,腹中癖决
2329,,,热病宰昏,咽喉碎痛
2330,,,脾虚湿胜,咽喉肿痛
2331,,,咳逆吐衄,脉滑而数
2332,,,嗳气呃逆,河豚中毒
2333,,,脾虚乏力,淋巴结炎
2334,,,痰饮咳喘,预防流感
2335,,,肌瘦面黄,腹中虚痛
2336,,,心慌心悸,胸膈结气
2337,,,口疮咽痛,而见发热
2338,,,丹毒湿疹,足膝无力
2339,,,疮痈疖毒,牙齿疼痛
2340,,,食少倦怠,肾囊肿大
2341,,,脾虚胃弱,产后伤风
2342,,,痧胀腹痛,身热瘙痒
2343,,,腹胀吐泻,面目浮肿
2344,,,大风疮疥,全身水肿
2345,,,风湿疮毒,筋骨热痛
2346,,,眩晕耳鸣,大便秘结
2347,,,腹痛吐泻,鼻中息肉
2348,,,发痧腹痛,急性喉炎
2349,,,劳热咳嗽,疝气肿痛
2350,,,风湿热病,肝脾肿大
2351,,,虚劳体瘦,筋脉拘紧
2352,,,食滞虫积,各种眼疾
2353,,,头昏失眠,不育无子
2354,,,头昏健忘,干血痨症
2355,,,目赤惊风,青紫疼痛
2356,,,劳伤疼痛,牙齿痛证
2357,,,气虚无力,食物积滞
2358,,,疔毒痛肿,呕吐不食
2359,,,大热烦渴,跌打捉痛
2360,,,胃胀反酸,蛇虫咬伤
2361,,,抽搐肢冷,形体瘦弱
2362,,,骨蒸烦渴,两脚无力
2363,,,署热口渴,杨梅结毒
2364,,,哮喘咳嗽,腰背酸疼
2365,,,疔疽肿痛,痔疮出血
2366,,,积聚坚癖,热伤阴证
2367,,,口干口苦,睾丸偏坠
2368,,,虚劳肾亏,菌菇中毒
2369,,,湿热膨胀,筋骨疼痛
2370,,,气短乏力,子宫出血
2371,,,心悸失眠,恶性肿瘤
2372,,,赤白热痢,慢性胃炎
2373,,,疔毒痈疮,小儿水痘
2374,,,解毒黄疸,局部死血
2375,,,劳伤筋痛,毒蛇咬伤
2376,,,食积饱胀,纳减化迟
2377,,,肝阳眩晕,诸鱼骨鲠
2378,,,肺痿咳喘,久病虚损
2379,,,骨折伤损,妇女带浊
2380,,,跌打麻痹,麻疹紫黑
2381,,,久咳劳嗽,痹痛入络
2382,,,头晕耳呜,疮疡久溃
2383,,,疖肿疟疾,腰膝痹痛
2384,,,,皮肤疥疮
2385,,,,心胸疼痛
2386,,,,小便脓血
2387,,,,暑天感冒
2388,,,,目生障翳
2389,,,,饮食不消
2390,,,,天疱湿疮
2391,,,,胸腹水肿
2392,,,,产后瘀阻
2393,,,,蜂螫虫咬
2394,,,,黄疸浮肿
2395,,,,劳伤咳喘
2396,,,,肠内积滞
2397,,,,痈疡红肿
2398,,,,金疮折损
2399,,,,手足浮肿
2400,,,,虚性水肿
2401,,,,外感头痛
2402,,,,脾胃不健
2403,,,,春温风热
2404,,,,胸腹胀满
2405,,,,吞酸嘈杂
2406,,,,创面不收
2407,,,,胸脘痞胀
