NER_diseases,NER_pattern,NER_treat,NER_symptom
产后风热,,,大便秘涩
产后下痢,,,身面虚肿
产后大便不通,,,
,,,大便秘涩不通、脐腹坚痛
产后大便不通,,,
,,,少腹结块、痛不可忍
,,,口面?僻
血块、恶露不尽,,,攻筑疼痛
血块,,,
风寒湿痹,,,舌强、反张、身体强痛
产后血气、血块,,,脐腹痛
,,,柔风
血块攻刺,,,脐胁疼痛、冲心烦闷
产后虚羸,,,面色萎黄、恶血不尽、脐腹冷痛
产后血气不利、气逆,,,心腹急痛
产后中风、拘急,,,筋节掣痛
产后血露不断,,,
产后血气、血块,,,疼痛不可忍
产后中风、偏风,,,声音不利、筋脉挛急
产后恶露不断,,,
产后血气攻冲,,,心腹冷痛、烦满、不食
,,下血,
产后中风、拘急,,,言语不利
产后血气不散,,,心腹刺痛、胀满、气喘
产后中风,,,
,,,柔风
拘急,,,口面?斜、语涩
产后中风、头痛,,,汗多、困乏、体热
血不止,,,
产后血气,,,(疒丂)刺痛
血块、心腹痛,,,
产后血气、血块,,,攻筑疼痛
产后恶露下不绝,,,
产后恶血,,,腹内(疒丂)痛
产后恶露过多、无力,,,心闷、气短、不能食
渴燥、头痛,,,发热
产后血气、血块、恶露不尽,,,攻筑刺痛
产后中风、拘急、中风,,,言语謇涩
产后中风,,,
中风,,,腹中坚硬、两胁满胀、手足厥冷、心中烦热、干呕
产后恶露不绝,,,
产后恶露不绝,,,气急
,,,身背拘挛
血块、心腹痛,,,
心腹痛、血气,,,
产后血气、血块,,,
,,,言语不爽、惚恍多忘、体热、倦怠
,,,心腹疼痛
,,,血下不止
产后血气、心腹痛,,,
,,,恶露下不绝
产后伤风、血气,,,心腹疼痛、头目昏重
,,,舌强
产后中风,,,言语不利、手足不随
产后血气、血块、心腹痛,,,
产后恶露下多,,,心烦、气短、食少、多倦
产后血气虚冷、心腹痛,,,
产后血露不断,,,
,,,口面?僻、语涩不利
产后虚冷、血结,,,
产后血气壅滞、拘急,,,心腹疼痛
产后风痉、中风,,,
产后中风、拘急,,,烦热、头目昏痛
产后中风,,,口眼喎斜、筋脉不利
产后余血不尽,,,结聚成块、坚硬疼痛、腹肋胀满
产后余血不尽,,,结块上冲、心烦
产后血气不利、心腹痛,,,肢体虚冷、胸膈不快
产后中风,,,口面喎斜、手足不随、语涩昏昧
产后恶露下多,,,短气、乏力
,,,里急、气短、头目昏痛、体热
产后中风,,,口面?斜
小儿痫候胎寒,,,舌下聚唾、夜啼不止
惊痫,,,体冷、面青、筋急反张
小儿胎风,,,
小儿胎风、惊痫,,,
小儿胎风,,,
小儿胎风,,,
小儿胎风,,,慢惊眼涩、多睡
小儿胎风,,,壮热
小儿胎风、惊痫,,,心热
小儿胎风,,,发惊
小儿胎寒,,,腹中疼痛
小儿胎寒,,,躽啼
小儿胎寒,,,大便青、不欲食
胎寒腹痛,,,躽啼、上视
小儿胎寒、痫证,,,
小儿疳痢,,,面黄肌瘦、发热
瘰疬、瘘疮、干癣、奶癣、肾癣、难产、胎死腹中,血气冲心,,疮肿、风肿、发鬓、发脑、恶疮
头痛、妇人血气、癣疮,,,恶疮、疖毒、赤眼、眼涩
瘰疬、痈疽发背、阴疮,,,恶疮
金疮,,,
血晕,,,出血不止
风毒、风瘙、风气、走注、肾脏风、拘急、女人血风、肾脏风、脚气,,,头面虚肿、骨肉疼痛、攻刺、热疼、脚手干小、涩泪赤肿、钻刺、四肢瞤麻、头疼
痈疽、发眉、乳痈,,,恶疮、发背
中恶、胎衣不下、痈肿,气结,,鬼疟、痰癖、血出、惊魇
惊痫、产妇血运、客热,,,筋挛、胸停
瘀结、经水不利,血瘀,,
无疮,,,
妇人血风、不思饮食、寒热、头痛,虚劳,,肢节疼倦、口苦、舌干、虚汗不止
风虚劳冷、经水不匀,,,头目昏眩、肢体痠痛、脐腹冷疼、饮食不化
妇人血风、劳气,,,
妇人血风、拘急、经水不利,虚劳,,身体骨节疼痛、胸胁胀满、心烦热躁
妇人血风,,,肢体疼痛
妇人血风、走注,,,
妇人血风、经候不匀,,,头旋、睛痛、头目昏、怔忪、手足热疼、吃食减少、或多便利
,,,半身不随、肌肉偏枯、言语微涩、口眼微?、举动艰辛
,风邪,,惊悸不定
妇人血风、寒热、月事不时下,,,百骨节痛
妇人血风、经脉不调,,,四肢疼痛、心腹胀满、吐逆、面无颜色
,,,角弓反张、腰背反折、筋脉挛急、心神烦闷、言语不利
中风、失音不语,,,头目昏疼、烦躁、喘粗、汗出、恶风、口吐涎沫、四肢不随
中风、风证,,,
,,,口面?斜
中风偏枯、无力,,,皮肤冷痹
,,,筋脉挛急、肢体疼痛、行履艰难、神识昏冒、语言不利
,,,身如角弓、筋脉抽掣疼痛
中风不语,风热,,心闷恍惚、四肢不举
妇人血风、劳气,,,壮热恶寒、肢节痠痛、饮食无味、日渐羸瘦
妇人血风、劳气、头痛、拘急、无力,气注,,筋脉骨节痛、心烦悸、腰腿、肌肉瘦悴
妇人血风、无力,,,烦躁、口干、咳嗽、多卧少起、百节疼痛、心热、恍惚忧俱、头目昏重、夜多虚汗
妇人血风、走注,,,皮肤瘙痒、筋脉肌肉疼痛
妇人血风、无力、拘急,,,劳倦、头目昏眩、骨节痠痛
中风偏枯,,,手足不随
妇人血风劳气、拘急、无力、经候不调,气满,,头目昏眩、四肢痠痛、心躁、烦热
妇人血风、拘急、寒热、经脉不调,,,身体疼痛、手足？？痹
妇人血风、经脉不调,荣卫气涩,,皮肤不泽、肢体烦热、头目昏眩、骨节痠疼
妇人血风劳气、寒热,,,肢体羸瘦、饮食减少、疼痛
,心气怯弱、风邪,,惊悸不安
妇人血风、伤寒,,,头目昏眩、身体疼痛、心忪烦躁、手足心热
,,,角弓反张、口噤
妇人血风劳气、四肢少力、月候不调,,,脐腹疼痛
血风、拘急,,,四肢麻木瘙痒、神情倦怠
妇人血风、劳气、拘急、经水不利,,,百节疼痛、身体烦热
,,,偏枯、半身疼痹、举动不随
,,,腰背反折、角弓弯状、筋脉急痛
风虚劳冷、经水不调,,,四肢困倦、面色萎黄、饮食减少
妇人血风、劳气、寒热、不思饮食,,,骨节疼痛、腰脚沉重、手足麻木、呕逆恶心、头旋、目晕、瘦瘁
妇人血风、经水不利,风滞,,骨节疼痛、瘀血不散、四肢痠痛
,心气虚弱、风邪,,惊悸不定
妇人血风劳气,,,恍惚烦闷、饮食减少、日渐羸瘦
妇人血风、不思饮食,,,四肢疼痛
妇人血风,,,
妇人血风,,,攻心烦闷、腹内疼痛
妇人血风、劳气、经脉不行,,,气块攻心、日渐黄瘦
妇人血风、走注,,,头目昏重、遍身刺痛
妇人血风,,,身体发歇疼痛
中风偏枯、无力,,,
妇人血风,,,身体劳倦、骨节疼痛
妇人血风,,,身体骨节发歇疼痛
,,,角弓反张、筋脉偏急、言语謇涩
拘急,,,言语謇涩
妇人血风、痛疹,,,痒痛、细疮
,,,惊悸
妇人血风、走注,,,上焦不利、头目昏重、少力、多倦、浑身刺痛、四肢麻木
,,,角弓反张、心膈烦闷、言语不利
风虚劳冷、月经不匀,气血凝涩、脾胃气弱,,肢体疼倦
妇人血风、寒热,,,身体骨节疼痛、头目昏眩、口苦、舌干、多困少力
拘急,虚劳,,头目昏眩、骨节烦疼、或寒或热
妇人血风、拘急、气痛、月水不调,虚劳、血积,,身体骨节疼痛、手足烦热、胸膈不利、大肠结燥
妇人血风、走注,,,浑身疼痛、心忪恍惚、头目昏眩
妇人血风劳气、寒热,心虚,,骨节疼痛、头眩、恍惚、惊悸
风虚劳冷、经脉不匀,,,日渐羸瘦、血气攻刺
妇人血风劳气、无力、不思饮食,,,身体疼痛、面色萎黄、大便秘涩、口苦、舌干
妇人血风、不思饮食、骨痹,,,腹胁刺痛、筋挛、手足麻木、皮肤瘙痒
拘急,,,言语不利、头目昏眩、发热
妇人血风、走注,,,头目昏眩、四肢疼痛、皮肤瘾疹
拘急,,,不能语、不知痛处、不得转侧
妇人血风、经脉不利,,,身体百节疼痛、乍寒乍热、日渐羸瘦
妇人血风、劳气、无力、经脉不调,,,筋急疼痛、咽喉干、脐腹痛
妇人血风、走注、月候不调,,,气冷、四肢烦热、头面虚肿
,,,身强、口噤、四肢不利、精神昏冒
血风,,,肌体羸瘦、面无颜色
妇人血风、劳气,,,上攻
,,,偏枯、手足或冷
拘急,,,肢体疼痛、言语不利、精神冒闷
妇人血风、走注、寒热,,,燥涩麻木
中风,,,腰背反张、语涩、壅闷
妇人血风、走注,,,
妇人血风、走注,,,
妇人血风、不思饮食,,,腰背疼痛、呕逆、吞酸、日渐羸瘦、面色萎黄、手足麻痹
妇人血风、劳气,,,身体疼痛
无力,,,偏枯、半身不收、痿弱
,心气不足,,惊悸
妇人血风、经候不调、八风十二痹、妊娠胎动不安、子死腹中、产后诸疾,血海虚,,肌肤黄瘦
,,,风邪惊悸、恍惚不安
妇人血风劳气、寒热、盗汗,,,肌瘦、咳嗽、减食
风虚劳冷、拘急,气滞,,肢体烦疼、肠胃不快
,气血壅滞,,生疮瘙痒
胞衣不下,,,堕胎、昏闷、喘急
血露,,,堕胎、心腹疼痛
妊娠、胞衣不出,,,堕胎
,,下血,堕胎
,气血壅滞,,
,,,堕胎、血不出、心痛
妊娠、胞衣不出,,,堕胎
妊娠疮疥,,,烦热瘙痒
寒热,,,堕胎、血出不止、心腹满痛
,血气壅滞,,身体生疮、心神不宁
风热,气盛,,身体生疮、皮肤燥涩、大便结滞
妊娠、胞衣不出,,,堕胎
,,,气壅、生疮
寒热,,,堕胎、血不出
妊娠、胞衣不出,,,堕胎
,,,堕胎、血不出、奔心闷绝、不识人
,体虚,,堕胎、血出不止
,,,堕胎、血不出
妊娠、胞衣不出,,,堕胎
,,,堕胎、血出不止
妊娠诸疮,,,
,,,坠胎、血出
,,,堕胎、血出不止
妊娠、胞衣不出,,,堕胎
风气,,,头目不利、身体生疮
,,,堕胎、恶血不出
胞衣不下,,,堕胎
妊娠、胞衣不出,,,堕胎
妊娠诸疮,,,
无力、血病,,,堕胎、恶血不出、体热、心胸满闷
,,,堕胎、血出不止
,,,堕胎、血不出、腹中(疒丂)痛不可忍
经血不止,,,五色不定
,,,
,,,
月候过多、血伤、漏下,,,
血伤,,,
淋沥,,,
经血不止,,,
经血不止,,,心多惊恐
,,,漏下黄色
漏下赤白,,,淋漓不断
漏下,,,先多后少、日久不断
,,,带下白色
无力,,,面黄、体瘦、腰重
带下,,,
漏下赤白,,,
虚损,,,带下赤白
月经不调,,,
,,,
,,,
,,下血,脐下(疒丂)痛
经血不止,,,
经候不利、赤白带下,血海久虚、气冲心,,多发刺痛、四肢困烦
淋沥,,,
经血不止,,,下五色、脐腹痛
,,,
,,,面黄、体瘦、绕脐冷痛
,,下血,
经血下不止,下虚,,
血伤、无力,,,腰脚痠重、心烦、渴燥、面目虚浮
带下,,,久不愈
带下,,,
经血暴下,,,
经血下不止,,,
经血不止,,,脐腹撮痛、烦渴
,,,日久不止
漏下赤白,,,
,血海虚,,
,,,
血漏、经脉不断,,下血,日久不止
经血不止,血脏虚冷,,五色相杂
,,,带下五色
月经过多,,,血伤、成片
,,,五色带下
经血不止,,,
难产、胞衣不下,,,坠胎
子死腹中,,,
产后胞衣不出,,,
,,,
难产,,,
子死腹中,,,
产难气,,,横生
,,,腹痛
胞衣不出,,,
胎死腹中、胞衣不下,,,腰背痛
,,,
,,,腹痛频并
胞衣不出,,,
难产,,,横倒不出、垂死
恶产,,,
胞衣不出,,,
难产,,,
热病、子死腹中,,,
产难,,,
难产,,,
宫气寒、胎血、子死腹中,,,
难产、子死腹中、胞衣不下,,,气欲绝
胞衣不出,,,
产难、胞衣不下、心腹痛,,,
难产、血疾,,,横逆
难产,,,
胞衣不下,气血冲心,,迷闷欲死
妇人血气、月闭不通、难产,,,心腹（疒丂）痛
产难、子死腹中不下,,,
胞衣不出,,,
子死腹中、胎血、死子难下,气寒,,少气、不语
胞衣不出,,,
难产,,,
难产,,,
难产,,,
产难,,,
产后胞衣不下,,,脉浮、头重、腹中切痛
产后胎衣不下、风寒,血气凝涩,,
胎衣不出,,,腹中不出
难产,,,
颠扑、子死腹中,,,
胞衣不出,,,
难产,,,
难产,,,
子死腹中、血气上冲,,,著脊不下
子死腹中、血气上冲,,,著脊不下
,,,
难产,,,
胞衣不出、淋血,,,
难产,,,
难产,,,
胎毙腹中,,,
难产,,,横生倒产、困顿、不省人事
子死腹中、胎衣不下,,,横生倒产
伤寒、热病、疟疾、邪毒、子死不出,,,
难产,,,
胞衣不出,,,恶血不行
,,,
难产,,,
产难,,,垂困
,,,虚闷、四肢疼痛、不睡
妊娠咳嗽,,,
妊娠子淋,,,
妊娠下痢,,,里急
,,,痰逆
妊娠伤寒,,,发热、恶寒、身体疼痛
不思饮食,痰饮,,胸膈不利
妊娠子淋,,,
妊娠咳嗽,,,痰盛、喘逆
,,,虚烦、手足烦倦
妊娠咳嗽,,,胸满、气急、减食
妊娠伤寒、头痛,,,憎寒壮热、体疼
,,,虚烦
痰壅,,,咳嗽、头目昏痛
,,,虚烦、心中闷乱、头运重、呕逆、四肢倦怠
妊娠下痢、水泻、米谷不消,,,
,,,痰盛、呕逆恶心、头目旋晕
妊娠下痢,,,脐腹撮痛
妊娠呕逆,,,不下食
不思饮食,痰饮,,
妊娠伤寒、头痛,,,壮热
妊娠伤寒、头痛,,,恶寒、壮热
妊娠伤寒,,,头疼、壮热
妊娠伤寒、头痛,,,憎寒发热、身疼
妊娠呕逆,,,不下食饮
,,,虚烦
妊娠下痢,,,
妊娠呕逆,,,不下食、心腹满闷、胁肋疼痛
妊娠下痢,,,脐腹撮痛
妊娠咳嗽,,,
不思饮食,,,痰逆
妊娠下痢,,,冷热相攻、赤白相杂、日夜不止
妊娠呕逆,,,不下食
妊娠子淋,,,小便涩少
妊娠下痢,,,
妊娠下痢,,,脓血不止、腹中（疒丂）痛
,痰饮,,呕逆恶心
妊娠咳嗽,,,喘满、短气
妊娠下痢、脾虚,,,
不思饮食,痰饮,,呕逆
,,,
妊娠伤寒、头痛,,,体疼
妊娠子淋,,,
,,,热躁
妊娠咳嗽,,,痰盛、呕逆
妊娠伤寒,,,壮热、憎寒、头疼、体痛
妊娠子淋,,,小便频涩痛
妊娠呕逆,,,不下食
妊娠下痢,,,
妊娠呕逆,,不下饮食,胸膈痞闷
,,,痰盛
妊娠子淋,,,日夜频数涩痛
妊娠伤寒,,,
妊娠子淋,,,
不思饮食,痰饮,,呕逆
,痰饮,,膈脘痞闷、呕逆恶心
不思饮食,,,痰盛、膈脘
妊娠下痢,,,
,痰饮,,目运、头旋
妊娠咳嗽,,,
妊娠呕逆,,,不下食
,,,痰盛
妊娠呕吐,,,恶食
妊娠咳嗽,,,
,,,
,,,小便涩
妊娠小便不禁,,,脐腹疼痛
半产,,,胸中气短、腹胁(疒丂)痛、余血不尽、烦满、闷乱
,,,
,,,大便不通、大小便不通
,,,小便不通利
妊娠小便不通,,,心神闷乱、少腹急痛
,,,
,,,小便涩
,,,
,血气不足、子脏夹寒,,
,,,大便不通
,,,少腹疼痛、小便利多
妊娠小便利,,,
半产,,,
,,,小便不通、脐下硬痛
,,,遍身虚肿
妊娠小便利,,,
,,,大便不通、腹胁坚胀
妊娠胎动,,,
拘急,,,四肢肿
,热结,,大小便不通
,,,堕胎、虚烦、困倦
水气,子满,,体肿
,,,大小便不通、脐腹胀痛
,,,大小便不通、心腹胀闷
,,,大便结塞不通、脐腹硬胀、不能安卧、喘逆
,,,大小便不通、结闷、气急、胀满
,,,
,,,
子宫久冷、妊娠,,,堕胎
妊娠小便利多,,,
,,,堕胎
,,,堕胎、心腹疼痛
子宫久冷、妊娠,,,堕胎
遗尿,,,
半产、恶露,,,
,,,
妇人血气,,,风冷
,气血衰,,堕胎
,,,
妊娠小便利,,,少腹急痛
半产、恶露,,,心闷、气短
,血海冷惫,,不能养胎
,,,小便涩、热淋、小便不利、急痛
,,,大小便俱不通
子淋,,,小便不通
,,,大小便不通
妊娠小便不通,,,小腹胀痛
妊娠子淋,,,小便涩不通、小腹急、热痛
,,,大小便不通
妊娠小便不通,,,脐下满痛
,,,大小便不通
妊娠小便不通,,,脐下胀痛
妊娠子淋,,,小便不通
半产、过多,,,体颤、脐腹虚胀
月事不来,气衰,,血枯不荣
血分,,,身体浮肿、烦热、心闷
水分、经水不通,,,肿满
血伤、赤白带下不止,,,
水分、经脉不利,,,浮肿不退
瘀血,,,经络痞涩、疼痛不可忍
水分、经水不利,,,遍身浮肿、烦闷、喘渴
带下,,,脐腹冷痛、腰脚酸疼、肢体倦怠、心烦渴躁
血伤、带下,,,
经血暴下,,,带下赤白不止
血伤,,,劳疾
血伤、赤白带下,,,
经水先断、血分,,,身体浮肿、烦闷
血块,血积,,疼痛不可忍
,,进饮食,疼痛不可忍、呕吐、面黄、怠惰
水病肿满、经水断绝,,,小便涩
,,,带下经久不止
月水不通,,,气攻疼痛、积聚成块
月水不利、血结,,,气攻疼痛
经水或通或止,血积成瘀,,
无子,,,断绪
带下、目眩,,,头旋、心烦、身热、腰脚痠重、肢体瘦瘁
经候不行,血积,,心腹(疒丂)痛、气刺、少腹攻筑、肢节烦疼、痰逆、癖块
胎寒、绝产、无子,,,
,,,伤中血下脐下痛
血分,,,身体浮肿、心腹烦满
冷癖、血块、月经不调,,,虚胀、瘦弱、不能食、面无颜色
,,,四肢浮肿
心腹痛,血积,,吐逆、不下食、四肢逆冷
妇人血气,,,
血伤,虚羸,,带下不断、困倦
无子,,,
带下、经水过多,,,暴下片血
赤白带下,,,
血块、月经不调,,,腹内冷、虚胀、瘦弱、不能食、面无颜色、状如传尸
妇人血气、不思饮食,血积,,
无子,,,断绪
,,,带下不止
水气、经水不通,,,皮肤浮肿
血伤,,,带下不止
经水断绝、水病,,,
脱血带下,诸虚,,血海冷败
水分,,,面目身体浮肿、胸满、短气、小便不利
经水不调,血积,,攻刺疼痛、面黄、体瘦
血伤、赤白带下,,,
血分,,,头面浮肿、腹胁妨闷、四肢烦疼
目眩,,进饮食,胸胁支满、闻腥躁气、唾血、血不已、血枯燥
经血暴下,,,带下积久不愈、面目萎黄、困倦羸瘦
血癖,血积,,脐腹（？？）痛、心膈满闷、四肢烦疼、口苦、舌干、饮食减少、劳瘦
不思饮食,血积,,血脏久冷、呕逆、痰涎
月水不调,血积,,脐下结块、痛如锥刺、下赤白、腰背痛
血块,血积,,虚冷
月水不调、血结,血积,,成块
经血暴下,冲任气虚,,
月事不来,血枯,,燥干
血伤、带下,,,
水分、经水断绝,,,四肢浮肿
经血暴下、赤白带下,,,
赤白带下,,,血伤不止
经血暴下,,,
经血暴伤,,,带下久不止
血伤、赤白带下,,,
血伤,,,带下赤白、腰背痛、虚乏、困倦
水分、经水断绝,,,水肿
月事不来,血枯,,
血分,,,身体通肿、虚烦、不食
水分、经水断绝,,,肿满不消
,血瘀、血瘀,,
月水不通、血积,,,腹胀
血伤、赤白带下,,,日久不止、羸困
,,下血,脐腹疼痛
妊娠胞漏、月水时下、太阳,脉虚,,冲任
妊娠惊胎、胎动不安,,,
妊娠胎动、漏血,,,
妊娠胎漏,,下血,脐腹疼痛
,,,腰痛
妊娠漏胎,,下血,腹中疼痛
,,下血,烦热、倦怠
妊娠阻病,,,心中愦闷、虚烦、吐逆、恶闻食气、头眩、体重、四肢疼痛、烦热、多卧少起、恶寒、汗出、羸瘦
妊娠恶阻、胎动不安,,,头旋、腰腹(疒丂)痛
妊娠胎动不安,,,
妊娠胎漏、淋沥,,下血,脐腹疼痛
妊娠阻病、不思食饮,,,头疼、四肢羸弱、唯思眠睡
,,,
妊娠阻病,,,心中烦闷、头眩、憎闻食气、呕逆
妊娠恶阻、头痛,,,呕逆恶心、四肢疼、恶闻食气、心松烦闷
妊娠胎动腹痛,,下血,
妊娠恶阻,,,不能食
胎动不安、心腹痛,,,
妊娠恶阻、头痛、颠倒、寒热,,,吐逆
,,下血,脐腹（疒丂）痛
妊娠阻病、胎不安、寒热、不思饮食,气满,,呕逆
胎动不安、寒热,,,身体惊战、卒有所下、腹痛如欲产
妊娠恶阻,,,恶闻食气、肢节烦疼、身体沉重、多卧黄瘦
妊娠阻病、颠倒,,,心中烦闷、头眩、恶闻食气、四肢怠堕
妊娠胎动不安,,,
妊娠胎漏,,下血,
,,,惊胎
妊娠胎动不安,,,腰腹疼痛
妊娠胎动腹痛,,下血,晕闷
,,下血,
妊娠胎动不安,,,腰腹疼痛
胎气不安,,,
妊娠胎动不安,,,腰腹疼痛
胎气不安,,,
,,,烦热
胎不安,,,
妊娠漏胎、过多,,下血,腹中刺痛
妊娠漏胎,,下血,心腹（？？）痛
,,下血,脐腹（？？）痛、迷闷
,,,惊胎
胎不安,,,腹中冷
,,下血,
,,下血,
胎不安,,下血,
胎动不安,,,
,,下血,腰痛
妊娠胎动,,,血下运闷
胎动不安,,,
妊娠胎漏,,下血,
妊娠胎动不安,,下血,腹内疼痛
胎内不安,,,
妊娠胎漏下血,,,
妊娠漏胎、淋沥,,,
妊娠阻病、下思饮食,,,头疼、肩背烦闷、气胀
妊娠恶阻,,,心中愦闷、吐逆、肢节痠疼、多汗、黄瘦
妊娠胎动不安,,下血,脐腹痛
妊娠胎动不安,,,腰腹疠痛
胎动不安,,,腰腹疼痛
妊娠胎动腹痛,,,
妊娠阻病,,,心中烦闷、呕哕、吐逆、恶闻食气、头眩重、四肢百节疼痠、嗜卧、汗出、疲极黄瘦
妊娠阻病、目眩,,,恶闻食气、好吃酸咸果实、多卧少起
妊娠胎动不安,,,腰腹痛、血下不止
,,,恶食、手足烦热
,,,
妊娠心痛、不思饮食,,,
胎萎燥不长,,,虚冷
胎萎,,,
胎萎,,,羸瘦不长
妊娠腹满,,,
,,,腹中(疒丂)痛
胎不安,,下血,脐腹撮痛
妊娠腹痛、不思饮食,,,
妊娠惊胎、劳伤、胎动不安,,下血,心腹急痛
,,进饮食,心腹疼痛
胎萎,,,心中急痛
妊娠呕逆,,,不下食
妊娠,,下血,劳乏、便即动胎、心腹急痛、面目青黑、冷汗出、气息欲绝
妊娠腹痛,,,
妊娠腹痛,中满,,
妊娠腹胀,,,不欲饮食
,,,心脾痛、呕逆、不下食
心腹痛,,,
妊娠心痛,,,
妊娠羸瘦,,,腰冷、不欲食
心腹痛,,,胁肋胀满、烦躁
妊娠心痛,,,
胎不安,,下血,小腹疼痛
不思饮食,,,腹满
,内积,,腹中切痛
妊娠腹满,,,喘逆、胀闷、心腹虚胀
胎不安,,,心腹气胀疼痛
胎萎,,,
妊娠腹痛,,,
妊娠心痛、不思饮食,,,呕逆
胎萎,,,
妊娠腹痛,,,胀闷
气逆,,,胃冷、心腹刺痛、呕哕
心腹痛,,,
胎萎,,,
,,下血,腰腹疼痛
,,,心腹气攻疼痛
,,,两胁胀闷、腹中疼痛、呕逆、不思食
,,,心腹（？？）痛
,,,萎燥
,,,心腹引痛
妊娠心痛、不思饮食,,,胸膈不利
心腹痛、无力,,,面青、汗出、闷喘
血虚,,,
,,下血,腰腹疼痛
妊娠多病、胎不长成,,,经候艰涩、子宫不荣
胎动不安,,下血,腰痛
胎萎,,,面色黄黑、腹脏虚冷
妊娠腹满,,,少食、多胀
妊娠腹满,,,饮食迟化
胎萎燥、胎漏,,,腹痛不可忍
胎萎燥不长,,,胞中虚冷
胎上逼心,,下血,手足逆冷
妊娠胎不长养,,,
寒热,,下血,腰背痠疼
,,,心腹疼痛
霍乱,,,心腹冷痛、吐泻
不思饮食,,,腹满、呕逆不止
,气血不足,,胎瘦不长
妊娠心痛、胎不安,,,
四肢少力、胎不安,,,心腹疼痛、呕逆恶心不止、饮食不下、体倦、气胀、喘息
妊娠心痛、不思饮食,,,腹胁胀满、呕逆不止
,,,腹内痛
胎动不安,,下血,
胎动不安,,下血,少腹疼痛
妊娠心痛,,,胸脘不利、呕吐、冷痰
,,,腹中冷痛
,,进饮食,腹满胀急、干呕
月水不利,,,胸胁痞满、脐腹刺痛、手足烦热
,,,
,,,脏腑疼痛
月水不调,,,刺痛
经候不通,,,
月候不调、不思饮食,,,胸中烦躁、腰胯痹痛
月水不利,,,脐腹（疒丂）痛、身体疼倦
月水不调,,,
经候不调,,,迷闷
月经不调、前后愆期,气结,,或少不利、肌肉黄瘁、发刺痛
,,,脐腹疼痛
月水久不绝,,,
,,,腹内(疒丂)痛不可忍
月水不通,,,脐下撮痛
月水不通,,,
经脉不通、血热,,,壅滞、四肢皮肤瘾疹
月水不通,,,
妇人血风、月候不调,,,冷气
,,,虚冷、月水凝涩不利、腹内疼痛、四肢烦热、皮肤瘾疹、饮食减少
月水不调、断续不定、不思饮食,,,心腹(疒丂)痛、血冷、成片
经气不调,,,
经候不调、过多,,,腰重
经候不调、过多,,,腰疼
经血不断,,,面黄肌瘦
妇人血气,,,腹胁多胀
月水不利,虚劳,,颊赤、口干、五心烦热
月候久不通,,,脐下结硬疼痛
月水滞涩,,,心烦、恍惚
月水不利,虚劳,,百节痠痛、壮热、少力、心躁、烦闷
血结、月候不调,,,
月经不调,,,脐下(疒丂)痛
月水不通,,,
月水不利,,,脐腹攻痛
月水不利,,,脐腹撮痛
月水不利,气血不和,,脐下(疒丂)痛、面色萎黄、身体羸瘦、饮食不下
经候不调、月水不通、不思饮食,,,脐下(疒丂)痛、身体黄瘦
月水不通,,,心腹胀满
月经不通、骨蒸,气满,,腰腹冷痛、面无颜色、羸瘦
血闭,,,脐下硬痛、腰痛
月水不通,,,肌肤不泽、瘦瘁、滑血
经脉不通,,,
月水不利,,,攻腹刺痛
月水不调,,,头目昏眩、心腹气痛、四肢麻痹、脐下胀闷
月水不绝、赤白带下,,,血海不调、虚冷、面色萎黄、腰脚沉重、胎气多损
月水不调,,,腰腹疼痛
虚损、月水不断、四肢少力,,,面色萎黄、脐腹痛
,脉虚,,
,,,
月水木利,,,腹中满痛
月水不通,,,
血气不调,,,脐腹冷疼
月水不利,,,身体烦热、骨节沉重、日渐羸瘦
月水不断,,,
月水凝涩,血脏虚冷,,
月水不利、妇人血风,,,遍身疼痛、遍身疼痛
月水不调、不思饮食,,,气攻心腹、或断或续、面色萎黄
血块、血瘕、经候不行,血积,,
月候不快,,,脐腹疼痛、腰腿沉重、饮食不进
血结,,,气攻疼痛
月水来不利,,,腹痛不可忍
妇人经水不调,,,腰背疼痛、食物不得
月水来不利,,,腰腹痛
,经络凝滞,,攻腹疼痛、肢体烦热、骨节痠倦
月水不调、无力、不思饮食,,,或多或少、不快不利、攻刺疼痛、多困黄瘦、胸膈痞满
月水不调、寒热,,,怯弱、身体疼痛
月水不调、劳疾,,,或多或少、脐下块结、痛如锥刺
月水不调,,,胸膈气闷、脐腹疼痛、头眩、心烦
月候不调、不思饮食,,,或多或少、腰脚疼痛、手心烦热
月水过期,,,脐腹疼痛
月水不调、寒热,,,脐腹胀满、不嗜饮食
月水不调,,,脐下撮痛
,,,或多或少、来如清水、虚乏、黄瘦
月事欲下,,,撮痛不可忍
月水不调,,,或多或少、腹中冷痛
月水不通,,,心腹（疒丂）痛
月水不通,,,
月候久闭、自汗,,,心腹胀满、身体疼痛、瘦悴、食少
经月不通,,,小便赤涩、身体疼痛
月水不利、拘急,荣卫凝涩,,头目昏闷、五心虚烦、饮食进退、多困少力
月水久不断,,,小腹痛
月水不通,,,
,,,
月水来腹痛,,,烦闷、体热
月水不断,,,
月水不调,,,脐下痛、肢体烦热
寒气、月水不通、寒热,气满,,结块
月水不利、断续不匀,,,
月水不利、拘急、丹疹、寒热,,,骨节酸痛、头面微浮、饮食无味
妇人血气、拘急,,,身体麻痹、瘙痒、饮食减少、面黄肌瘦、骨间痠痛、多吐清水、脐腹胀闷
,,,腹内（？？）痛、脐下如盘
月水不断、烦倦,,,或多或少、身体瘦悴
月水不通,,,
风劳气、经脉不通、不思饮食,,,心腹胀满、遍身疼痛
,气血不和,,少腹刺痛
月水不利,,,少腹刺痛
经水不通、拘倦,,,腰腹刺痛、少力、呕吐恶心、怠惰多睡、头旋眼涩、日渐羸瘦、饮食减少
,,,血涩不行、心忪肌热、腰重
月水不利,,,脐下撮痛、食减羸劣
月候不调,体虚,,或多或少、脐下（？？）痛、面色萎黄、不能饮食
血劳、经脉不通,气滞,,腹内疼痛
月候久不行,,,心忪、体热、面颊色赤、不美饮食、脐下刺痛、腰胯重疼
虚损、月水不断、经血不止,,,
虚损、月水不断,,,怯弱
经水不通,,,
月事不通,,,
室女血气,,,
月水不断,,,心烦、气闷
月水不通、产后血气不和、血块、心腹痛,经络寒凝,,心烦、腹满、腰脚急痛
月水不调,,,或多或少、脐下胀满
经脉不止、无力、不思饮食,,,血海久虚、脐腹(疒丂)痛、面黄肌瘦
妇人经水不调,,,头眩、睛疼、恶心、减食
月水不调,,,
,,,
月水不通,,,脐下结块
,气血凝涩,,少腹(疒丂)痛、烦闷
来腹痛,,,
月水不通,,,
月水不通、瘀血,,,腹满
月经不调、骨蒸,,,腰腹冷痛、面无血色、消瘦、胸腹满闷
月水日夜不断,,,
月水凝涩,血脏虚冷,,脐腹撮痛
月水不利,,,麻木瘙痒
经侯不止,,,气血失度、面无颜色、食少、力倦
月水不断,,,脐腹冷痛、腰腿痠疼
经水不通,,,积血不散
月水不通、寒热、产后血露,,,肢节烦痛、腹胁结块、攻刺疼痛、日渐羸瘦、腹内疼痛
,,,
经水过多,,,脐腹疼痛
月水不调,,,绕脐痛、手足烦热、两脚痠疼
月水不通,,,脐下疼痛
月经不调,,,
月事欲下,,,腰腹刺痛、或多或少、或如清水、心下坚满、虚乏、日渐黄瘦
月水不利,,,脐腹疼痛
月水来腹痛,,,脐下坚硬、积血不下
月水不通,,,
月水不利,,,忧悒、心下支满、气胀、腹热、上攻、心痛
,,,腰腹先痛、呕逆、不食
风眼、胎赤,,,
恶风湿痹、拘急、耳聋、厥逆、白汗,,,周身不仁、头目昏眩、吐涎、咳嗽背强、面目脱色、喉咽不利、饮食失味、膀胱忽满、大小便不利、两胫痠痛、短气、梦寐不安、心神恍惚、肌肤瘾疹
,,下血,五脏积热、面赤、言语带邪、昏沉错乱、目中黄色
产后赤白痢,,,脐腹冷疼
妇人血风劳气、拘急,,,头目昏眩、心烦、体热、血脉不利、肌肉枯悴
产后恶露不尽,,,气攻疼痛、血下成块、结筑脐腹
产后赤白痢,,,脐下（？？）痛
,,下血,
,,,腹内结痛、血下不止、运闷
漏胎,,下血,
气逆、白崩带,脾胃虚冷,,心腹痛疼、痞满、呕吐泄痢、腰腹疼重
妇人血气,,,四肢困热、骨节烦疼
血崩、赤白带下,,,
血崩,,,
崩漏带下,,,
白痢、赤白痢,体虚,,赤痢
血刺、败血上冲、儿枕痛,,,晕迷、不省人事、小腹腰痛、疼痛不可忍
,,,
疮毒,,,久不愈
产后血晕,,,不省人事
产后劳瘵,,,
,,,
,,,小腹痛
霍乱,,,吐泻
,风邪,,
血崩,,,
产后下利、厥逆,,,
产后感阳,,,发狂
,,,大汗如雨、口渴、舌干、心躁、发狂
精脱,,,
癫痫、暴风,,,脉弦
无力、难产,气血亏虚,,
,,,
,,,交骨不开
小产,,,
,,,
,,,壅肿
血癖,,,火翕、火翕、呕吐酸水、四肢烦热
妇人血气,,,泄泻
,,,四肢虚肿、喘急、呕逆不下
,,,血下不止
产后乳汁不下,,,
遗精白浊、赤白带下,,,
胎惊、手足搐搦、痰热、急慢惊风,,,肚腹坚硬、目睛上视、角弓反张、咳嗽
阳事不举、疝气、久无孕育,诸虚百损、下元虚冷,,五劳七伤、形容羸瘦、颜色衰朽、精神短少、左瘫右痪、步履艰辛、脚膝酸软
伤寒,,,小腹绞痛、阴肿、里急、腰胯重
,,,胃弱、神疲倦怠、带痰嗽
风寒、血瘕、结核、瘰疬、肿毒、泻痢、疟疾、气痛、小肠气,,,手足拘挛、骨节酸疼、痞积、顽疮、肿块、咳嗽、哮喘、胸膈胀闷、面色微黄、心疼、身痛
,,,胎肥壅隘
,,,
无力、经脉不调、无子,,,子宫虚冷、带下白淫、面色萎黄、四肢痠痛、倦怠、饮食减少、面无颜色、肚腹时痛
赤白带下,,,上热下寒、口出恶气、咽干、牙痛、耳鸣、遍身流注疼痛、发热、憎寒、口吐酸水、心腹气痛、腥臭
子肿,,,面目虚浮、肢体肿满
经闭、寒热,,,
赤白带下,,,上热下寒、口出恶气、咽干、牙痛、耳鸣、遍身流注疼痛、发热、憎寒、口吐酸水、心腹气痛、腥臭
经脉不通、寒热,气血俱弱,,误食生冷、饮食少进、四肢困倦、头疼、目弦、肚疼、结块、五心烦热、呕吐膨胀
妇人经水不调、赤白带下、不思饮食,,,或前或后、或多或少、头晕、眼黑、耳鸣、腰腹疼痛、五心烦热、四肢沉困、胸膈痞闷、肌肤减削
瘀血、经水不行、不思饮食,,,腹中有块痛、头晕眼花
乳汁不行,滞结,,
妊娠癥瘕,,,痞块
痈毒,,,乳肿、作痛
虫蚀,,,阴痒
恶阻,,,
经闭,,,咳嗽、发热、虚弱
经脉初动,,,心腹胀满、恶寒发热、头身遍疼
过多、血虚、经水不匀、目眩,,,腹中疼痛、结块、饮食少进、困倦、潮热往来、五心烦躁
,脏腑虚,,梦交、脉息迟伏、不知度数
骨蒸、烦劳、产后失调、赤白带渗、癥瘕,心虚,,五劳七伤、五心烦热、或前或后、腰腿痠软、心嘈、饱闷、梦寐不清、冲任
虚损、恶露、去血过多、自汗,脾胃怯弱,,发热恶寒、口干、心烦、喘急、心腹疼痛、头眩、眼黑、耳鸣、不语昏愦、不省人事
乳痈,,,
妇人经水不调、赤白带下、无子,,,肚腹冷痛、子宫虚冷
不思饮食,,,潮热、误食生冷、心腹胀满、气凑上膈、腹内结块
曾经小产,,,堕胎
赤白带下,,,
经水不调、白带、无力、目眩,血海虚,,小腹疼痛、米泔、淋漓不止、面色痿黄、头昏、眼花
产后晕倒、中风、瘛疭,,,不省人事、眼黑、耳鸣、不省人事、口吐涎沫
经脉不通、寒热,,,误食生冷、手足麻痹、饮食少进、头疼、恶心呕吐、腹中
妒证,,,
赤白带下、不孕、小产、血崩,,,五劳七情
,受风,,遍身麻痹、咳嗽、痰盛
虚损、盗汗、癥瘕,虚劳,,痰嗽、喘急、肌肉消削、四肢沉困、精神短少、大便稀溏、腹中积块、面黄肌瘦
无子,,,
经水不调、白带、淋沥、目眩、无力、不思饮食,血海虚,,或前或后、或多或少、小腹疼痛、米泔、头晕眼花、耳鸣、面色萎黄、五心烦热、胸膈闷、肌肤减削
经脉初动,,,心腹胀满、恶寒发热、头身遍疼
常惯小产、不育,,,
经闭不通,,,
,,,
,,,口噤吐沫、不省人事、言语错乱
风闭,郁冒,,汗多、大便闭
,,,手足浮肿、肚腹胀满、上气喘急
,,,
,痰饮,,心酸
经水不调,,,腹中有块、作痛、肚腹膨闷、或前或后、或多或少、白带频下、夜间发热、脉急数
带下,,,
骨蒸劳热,,,五心烦热
小肠疝气、半身不遂、子宫久冷、赤白带下,下元虚冷,,痞疾、单腹胀满、腰腿、骨节疼痛、久不坐胎
阴蚀疮、寒热,,,
漏胎,火衰,,下焦虚冷、胀满
热毒、游风丹毒、口疳、疳火,,,热疖、燥渴、烦躁、大便结、小便涩赤
恶露、半身不遂,,,痰迷、神昏、谵语、口眼歪斜
经寒,,,上热下寒、心中发热、少腹常痛、久不受胎、紫黑稀少、两尺迟涩、弦数、腰腹胀痛、干呕
气逆,中气不和,,气痛、嗳气
症瘕,,,
气痛、气痛,,,
,,,
盗汗、寒热、月经不调,,,潮热、五心烦热、口干作渴、筋骨痠倦、饮食少思、头目不清、痰气上壅、咳嗽、胸膈痞闷、小便赤数、两足热痛、脚足痿软、肢体作痛
产后瘀血,,,
癥块,,,
,郁冒,,
经漏、经水先期,,,
妊娠血下,,,
经水后期,,,
,中气郁,,胎孕初结、恶心呕吐、昏晕、燥渴
劳伤、虚损、盗汗、痔血、疟疾、带下,,,心肾不交、怔忡健忘、惊悸、体倦、食少不眠
赤白带下、经浊,,,冲任不固、带脉失司、淋漓
带下、经水不调、崩淋,湿热郁蒸,,七情内伤、带脉失司、冲任
月水不调、赤白带下,诸虚百损,,面黄肌瘦
妇人血气、经水不调、不孕、赤白带下,,,腰痠、饮食不甘、瘦弱
,肝阴不足,,眼目昏花、久嗽不愈、肌肤甲错
宫寒、白淋带、行经腹痛、无力,,,艰于受孕、参前落后、腰痠
经水不调、胎动不安、胎衣不下、血晕、恶露不尽、死胎不下、月事不调,,,久不生育、临产艰难
,肝肾两亏、风邪,,上攻、羞明、流泪
半身不遂、疝气、淋沥、阴痿,诸虚百损,,五劳七伤、腰膝疼痛
崩带、遗精、劳伤,,,四肢痠痛、头晕眼花
妇人经水不调、赤白带下、宫寒,,,久不受孕
妇人经水不调、行经腹痛、赤白带下、癥瘕、半身不遂、中风、瘫痪,,,色淡、色瘀、子宫虚冷、久不受孕
脱力、走气、阳痿、白浊、经水不调、产后恶露不尽、小儿疳、食积,,,五劳七伤、九种心痛、胸膈肚痛、肿胀、跌打损伤、遍身疼痛、精滑、面黄、腰痛、砂淋
经产诸疾,,,
,,,足疮
崩漏下血、血证,,,血败带淋、面黄肌瘦、饮食不思、骨节痠痛
妇人经水不调、经闭不通、产后瘀露、血块,干血内热、气滞,,
瘰疬,,,忧思郁怒、乳岩
胎毒,,,头面生疮、咽喉肿痛、上攻、口出臭涎
,,,迫血妄行、咳带红、成块
骨蒸、浊淋、带下、宫寒,内热,,面黄肌瘦
中风、半身不遂、痔疮、漏疮、喉闭、乳蛾、伤寒、中暑、痢疾、血热、霍乱、瘟毒、疟疾、痘疹、惊风、月经不调、肿毒,,,疔毒、牙疳、牙痛、臁疮、手疮
经事不调、赤白带下、血块,气血凝滞,,胸闷、两胁胀满、呕吐恶心、气块
月事不调、赤白带下,气血凝滞,,参前落后、胁胀
瘟疫,,,
月经过期不行,,,
遗精,,,便浊
血刺,,,
转胞,,,小便不通
痢疾、癥瘕,,,
漏下血,,,
虚损,,,卒惊、狂语
寒热、不思饮食,,,胸膈饱闷
难产、胎死不下,,,气乏、产道干涩
,,,产育艰难
经脉不通,,,脐腹疼痛、潮热
血块,,,
,,,不能言语
产后虚汗不止,,,
经闭,,,
,,,腹大、气喘
妊娠恶阻,,,
,,,胃脘
胎动不安,,,奔上冲心
虚损,,,
小产,,下血,
白带不止,,,腹内疼痛、四肢烦疼、不用饮食、日渐羸瘦
经候不调,血脏虚竭,,成块、腰腹刺痛、肢体羸瘦
赤白带下、经水不调、无力,,,久冷、肚腹疼痛、久鲜子息
,,,
,,,
,,,产育艰难
感冒、寒热、头痛,,,身体麻痹
经闭,,,发热
经水不调、赤白带下,子宫虚寒,,小腹时痛
产后浮肿,,,
血漏,,,
带下、白浊,,,
,血凝气滞,,
转胞,,,小便不通
无子、经水不时、崩中漏下、白浊,血海虚,,堕胎、暴下不止、月内丹行、或前或后、腰胯疼痛
去血过多、血晕,,,
胎气不安、胎动不安,,,胀满
瘀血,,,产后发热
血崩、淋沥、经血过多,,,
胎气不安、漏血,,,
劳热、吐血,,,
月经不调,,,
,,,胎胀、睡卧不安
,虚寒,,瘦怯
产后血虚,,,发热
风毒、口疮、风癣、血风,,,目赤、痒痛、羞明、多泪、鼻赤、脚膝生疮
肠风下血、妇人血风、肠风,,下血,手足不随、口眼?斜、言语謇涩、眉目瞤动、头昏、筋脉拘挛、遍身麻痹、百节疼痛、皮肤瘙痒、搔成疮疡、头疼、眼晕
瘰疬、骨疽、肠痈、风眼、肾痈、难产、血晕、死胎、小肠气、中毒、痈疽,,,痛不可忍、疮疖
难产、胎死腹中,气虚,,阴盛、脉细、手足厥冷、脾胃冷痛、痰盛、头晕、失眠、气乏
伤寒、拘急、自汗,内热,,发热恶寒、肢节疼痛、呕逆、喘咳、鼻塞声重、食饮生冷、胸膈满闷、腹胁胀痛、手足逆冷、肠鸣、水谷不消、小便不利
风劳、痃癖、肾脏风、阳毒、脚气、头痛、血块、不思饮食、小儿疳、食毒、痈疽发背、头痛、背膊拘紧、阳毒、伤寒,,,冷气、脐下刺痛、醋心、气块、心腹胀满、目昏、呕逆、血痢、气喘、泄泻不止、疼痛不可忍、口内狂言
妇人血风,,,
妊娠伤寒、头痛,,,发热
恶露不下、血晕、热病、胎死腹中,寒瘀,,心胸痞满、胀痛、神昏
产后血晕、血癥、血瘕,,,
痃癖、血崩、产后诸血、漏下赤白、死胎、难产、血瘕、先腹痛,,,七疝下坠
产后痢疾、寒积、崩中漏下,,,
口疮,,,久冷、伤惫、谷米不化、饮食无味、肌肉瘦悴、冷痢
血痛,,,心膈痛、小便不通、血痢、大便不通、气噎、宿食不消、小腹痛
寒热,,,
,脾胃虚弱,,冷泻、久冷
血虚、心腹痛、产后瘀血、腘血,,,
经闭、赤白带下、阴痿,血枯,,
,,,痰火
白崩,,,
,,,恶心阻食
,,,腹胀满
,元气不足,,腰疼
产后伤食,,,
漏胎,,,
,,下血,
伤胎,,下血,腰腹疼痛、短气
难产,,,
产后恶露不断,,,
妊娠中风、半身不遂,,,手足麻木、口眼?斜、突然昏倒、痰涎壅盛、不省人事
产后阴门发痒,,,
中风,,,
,,,胸膈满闷、满闷益增
妊娠疟症,,,热多寒少
,,,大热壅极、心烦、口渴
妊娠胎漏,,,
热毒、太阳、拘急,,,头旋、目昏、腮项硬肿、眼晕生花
,,,
,,,
妊娠下痢,,,
,,,体肥、临产艰难
,,下血,跌打动胎
妊娠胎漏,,,
风寒、疟疾,脾胃不足,,营卫虚弱
妊娠胎漏,,,
胎动不安,气血两弱,,子宫久虚
胎热、气逆、子悬,火盛,,
,,,热呕
胎动不安,气血两弱,,子宫久虚
血虚、半产,,,腰痛
妊娠下痢,,,腹中疼痛、心下结满
妊娠子嗽、吐血,,,咳嗽
妊娠下痢,,,腹中疼痛、心上急满
子肿、水气,脾胃虚弱,,面目虚浮
妊娠子满,,,腿漆浮肿、气促、胸闷
吐血、衄血、中风,,,口噤、项背强直
外感风寒,,,憎寒发热、头疼、眼痛、心腹烦闷
,,,小腹重坠
胎动不安,元气不足,,精神倦怠、身上微热
妊娠子嗽、外感风寒,,,
,,,便中带血
妊娠子嗽,,,痰喘
妊娠子痫,,,口噤、项强、手足挛搐、言语蹇涩、痰涎壅盛、不省人事
恶阻,,,呕逆、烦闷、嗜卧
,,,临产艰难
妊娠霍乱,,,吐泻、心躁
胎动不安,气血两弱,,
虚损、霍乱,,,血痛、下泻
,,,呕逆
产后气短,,,发喘
乳痈、乳疽,,,
,,,汗出不止
中风,,,
,气血两亏,,神魂无所依、妄言、不睡、妄言、无块
,,,
产后体虚,,,冷气、小便数
,,,遍身疼痛、小腹痛
难产、胎衣不下、死胎不下、寒热、寒热、失音不语、心腹痛,气满,,眼目昏花、口干、心闷、咳嗽、败血如肝、四肢浮肿、癫狂、妄语、百节痠疼、舌干、津枯、鼻中出血、绕顶生疮、腰痛、小便短缩、喉中蝉声、喘逆、不食
产后腹胀,,,
,,,潮热有汗、大便不通、口燥咽干
痨症、寒热、咯血、自汗、盗汗、闭塞,,,咳血、心神恍惚、梦与鬼交、身渐羸瘦
瘫痪,,,
,,,汗出、形色俱脱
产后泄泻、胎产久泻、产后不止,,,
产后泄泻,脾泄,,久泻不止
,气血不足,,
血块,,,呕吐不止、全不纳谷
,,,四肢浮肿、皮肤光莹
,,,口渴、小便不利
产后伤脬,,,小便淋数不止
,气血两虚,,不睡、妄言
产后小便数淋,,,
,,,干嗽、痰少
风寒、手足搐搦、痰涎上涌,经络不和,,眼目上视、角弓反张、口眼歪斜、不语、不省人事
,气血两虚、阴阳不和,,发热、头疼、恶寒、胁疼
劳伤,,短促,
拘急、伤寒,,,汗多不止、阴竭、阳微、项强、口噤、牙噤、发搐
,,,小腹作痛
,脾气受伤、脾转,,劳倦、嗳酸、恶食
产后痢症,,,
,,,血崩形脱、汗多、气促
感冒风寒、头痛,,,鼻塞、声重、恶寒、身热
产后血衰血阻、肠痈,经络不行,,营卫不调
瘵症,,,
产后气血虚弱、头痛,风寒,,髓海空虚、畏风、鼻流黄涕、稠粘、腥臭
产后疸症,,,汗黄、眼黄
脱肛,气下陷,,
乳疽、乳痈,,,虚弱
中风、风寒、手足搐搦,经络不和,,眼目上视、角弓反张、口眼歪斜、不语、痰涎上涌、不省人事
心腹痛,,,
产后痢疾,,,
产毕即泻,,,
,,,
,,,
血崩、血崩,,,大块、去血如片
乳疽、阴毒、肿毒、风毒,,,流注
,,,四肢浮肿、皮肤光莹
难产、胞衣不下、死胎不下、寒热、寒热、失音不语、心腹痛,气满,,眼目昏花、口干、心闷、咳嗽、败血如肝、癫狂、言语、百节痠疼、舌干、津枯、鼻中出血、绕项生疮、腰疼、喉苦、喘逆、不食
产后痈疽、肠痈,,,
,,,
,,,
死胎不下、横生逆产,,,
难产、子死腹中,,,横逆
经水不通、经水无期、盗汗、血崩、胎动不安、漏胎、横逆、难产、胞衣不下、血块、产后咳嗽、产后子宫不收、厥逆、血厥、产后恶露,,,倒经吐衄、肝胃气痛、临产交骨不开、产后外感、作痛、产后无乳、久不受孕、验胎、败血上攻
血块,,,患泻
,,,怔忡
,,,腹中有块疼痛、头晕眼花、饮食不思
月经从口鼻出,,,五心发热、咳嗽、气急
,,,动红
月经后期、目眩,,,头昏、小腹作痛、咽中臭如鱼腥、恶心吐逆
石瘕、月经不行,血凝,,腹渐大
产后虚弱,,,四肢浮肿
不产,,,
妊娠漏胎,气血两虚,,胎中有热、下元不固
妊娠中风、瘛疭,,,卒倒昏闷、口眼?斜、口噤、不语
妊娠中恶、衄血,,,心腹绞急
热病,,,骨节疼痛
,脾胃气虚,,久泻、面目虚浮
妊娠霍乱,,,
,,,上攻、心腹胀满、作痛
衄血、中风,,,失血、口噤、项强
肾虚,,,腰痛
白痢,,,积秽稠粘
妇人血气、小产、难育、血虚,,,
瘀血,,,
,,,多怒、胸中胀满
风寒,,,
痢疾,,,
胎动不安,,,
血虚,气陷,,腹中作痛
,,,呕吐
胎动不安,元气不足,,身热、食减
子淋、溺血,,,小便少
食停,脾气虚弱,,腹胀呕吐
,,,心神烦躁、壅热、口干
,,,小便短涩、淋漓
,,,呕逆、恶食、头眩、晕倦怠
痢疾,,,
风寒,,,
不育,,,
,,,口干不卧
痢疾,,,
产后虚证、蓐劳,,,
产后恶露不止,,,
结核、乳痈,,,
产后寒滞、霍乱,,,吐泻
血块,,,泄泻
遗尿,,,小便频数
肿毒,,,发热恶寒
遗尿,,,小便数
产后咳嗽,,,
,,,
气逆,,,
脾虚,,,食少无乳
赤白痢,,,
产后血崩,,,色鲜红
产后大便不通,,,鼓胀
,,,大便秘结
,,,
,,,无汗、筋脉拘挛
,阴虚、内热,,
吹乳,,,发热恶寒、冷汗
血块,,,
血块,,,泄泻、完谷不化
中风,,,语涩、口噤、不语、筋挛
产后感冒,,,
,阴阳不和,,乍寒乍热
产后感冒、风寒、头痛,,,恶寒发热
霍乱,,,吐泻、手足厥冷
产后血晕、血块,,,小腹痛
,血滞,,
产后虚劳,,,指节疼痛、头疼、汗出
腹儿枕、寒气,,,
,,,
,,,妄言妄见
,,,赤痢
,,,风冷
去血大多、血虚,,,语言不清、含糊謇涩、怔忡
血块、血崩,,,形色脱、汗多、气促
,,,妄言妄见
,,,产后右胁痛
血淋,,,小便痛
,,,呕逆不止
产后虚泻,,,眼昏、不识人
胎漏,虚羸,下血,
小产,,,
难产,,,
胞衣不下,,,
无力,气血素亏,,
妇人经水不调、胎前产后诸证,诸虚百损,,
漏血、不思饮食、自汗、盗汗、骨蒸,子宫虚寒、脾胃虚弱、气血双亏,,腰痠、带多、面黄、肢倦、腰腿痠痛、四肢浮肿、潮热、肚腹疼痛
死胎在腹,,,横逆
难产,,,交骨不开
,,,面赤、舌青
,,,临产交骨不开
,,,横逆、血海干涸、胎死不下
,脾胃亏损、湿痰下注,,
带下、虚热,,,
恶阻,,,呕逆、恶食、头眩、倦怠
服气不安、无气,,,腰痛、饮食不美
胎气不安、无气,,,腰痛、饮食不美
经水不调、血块、气痞,,,肚腹肿痛
带下,虚寒,,
带下,,,湿痰
水胞、淋沥,脾胃气虚,,脐腹作痛
虚热、盗汗,,,血弱、少食、带多
产毕即泻,,,
产后痢疾,,,赤白脓血、里急后重
产后寒热、头痛,,,
,,,衰弱、堕胎
产后气短、血块,,,
感风、蓄热,,,身热、胸膈、遍身麻痹、手足牵搐、口?痰盛、言语无伦
产后腰痛,,,胁痛、作痛
,,,水肿
感风、蓄热,,,身热、胸膈、遍身麻痹、手足牵搐、口?痰盛、言语无伦
肾虚,,,腰痛
,,,恍惚语涩、四肢不利
热病,,,呕吐不食、胸中烦躁
,,,
,,,咳嗽
,,,壅热、心神烦躁、口干渴
胎漏,,下血,
,脾胃气虚,,脐腹作胀、小便淋闭
,脾胃气虚,,脐腹作胀、小便淋闭
血虚、盗汗,气弱,,堕胎、食少、带多
无气、血虚,,,
,,,骨节疼痛
血寒、月经不调、经期腹痛、寒湿带下,,,子宫虚冷、血色暗淡
,气血不足、经络不通,,
,,,咳嗽
半产,,,
,,,
恶阻,,,呕吐不止
,,,
难产、血晕、乳汁不通、血崩、漏胎,,,腰疼、步履不安、横生倒生、血迷、作痛
劳伤、崩淋带下、经脉不调、淋沥、血晕,,,冲任、手足酸软、子宫恶疾、脐腹绞痛、神昏、虚弱
脚气、阳痿、阴痿、遗精白浊、赤白带下、白痢疾、头痛、风寒、风热、月经不通、胎不安、伤寒、赤白痢、痈疽、疔疮、肿毒、疥癣、风疹、癞疮,元气虚、血凝,,五劳七伤、穿心疼痛、瘦弱、子宫冷闭、痞块、左瘫右痪、偏正头风、舌胀、酒积、胸膈不利、气喘不息、发背、瘙痒、肿痛、疮疖
遗精白浊、赤白带下、月经不调、崩漏、痢疾疟疾、寒湿脚气、小肠疝气、肿毒、瘰疬,,,五劳七伤、筋骨疼痛、腰脚软弱、痰喘、咳嗽、偏正头风、臁疮、跌打损伤
气逆、小肠疝气、走气痛、寒湿脚气、遗精白浊、赤白带下、月经不调、白痢疾、疟疾、恶毒、疔疮、瘰疬、痈疽肿,,,五劳七伤、筋骨疼痛、左瘫右痪、手足麻木、偏正头风、痰喘、吐痰、痞块
半身不遂、阳痿、宫寒、赤白带下、产后诸疾,肾精虚,,腰腿酸痛、小便急数
中风中寒、中气中暑、白痢疾、水泻、疟疾、霍乱、不思饮食、感冒、伤寒、恶露不尽、小儿急慢惊风,,,口眼歪邪、牙关紧闭、不省人事、吐泻、转筋、山岚瘴气、吐酸、伤食生冷、胸膈胀闷、作泻、心痛、头疼、发热、遍身疼痛、恶寒、无汗
食积、疟疾、疝气、瘫痪、痢疾、黄疸、月经不调、赤白带下、小儿急慢惊风,,,膨胀、痞块、膈气、怔忡、癫狂、头风、翻胃
瘰疬、经闭无潮,,,
痈疽发背、疔疮、湿痰、漆疮、风热、干湿脚气、乳痈、丹毒,,,跌仆、流注、肌肤赤肿
痛疽阴疮、风痹、脚气、寒热,,,漫肿、坚硬疼痛、手足麻木、筋骨不舒、流注、鹤膝风
,,,
,风热,,搔之作痛、脐下、痛出黄汁、食减身浮、二便涩滞
血虚、盗汗、室女血弱、荣卫不调、骨蒸、血热、月水不调、寒热,,,五心烦热、肢体疼痛、头目昏重、心忡颊赤、口燥咽干、发热、食少、嗜卧、痰嗽、潮热、肌体羸瘦、脐腹作痛
,,,阴户肿痛
头癣、胎疮、奶癣,,,湿疮、疮痍
产后经风,,,痛不可忍
疟疾、痢疾、走气、遗精白浊、疝气、寒湿脚气、经脉不调、赤白带下、血崩、经漏、肿毒、瘰疬、结毒,,,五劳七伤、左瘫右痪、手足麻木、遍身筋骨疼痛、咳嗽、痰喘、痞疾、偏坠、跌打损伤、顽疮、筋骨疼痛、不能动履
丹毒,,,遍身如癞、喉硬如管、顽疮、臁疮、面肿、唇紧、脐下生疮
,,,阴户生疮、痒痛、脓水淋漓
寒热、血虚、感冒、寒热,热入血室、热入血室,,发热、妄语、发热、谵语
,肝经湿热,,阴部生疮、阴囊肿痛、小便赤涩、便毒、阴挺
肠痈、产后恶露不尽、经后瘀血、瘀血,,,腹中(疒丂)痛、胀满、不食、小便涩、作痛、作痛
结毒、下疳、胎毒,,,广疮
,,,阴痒、发热如劳
,,,臁疮、裙边疮
痈疽发背、疔肿、漆疮、干湿脚气、乳痈、丹毒、肿毒,湿热,,跌打损伤、湿痰、流注、肌肤赤肿
痈肿、金疮、吐血,,,心不能主、舌衄
妬乳,,,
吹奶,,,
阴疮,,,
痈疽、瘰疬、乳痈、下疳、经候不调、下疳、寒热,气血俱虚,,流注、诸疮、脓水交流、头疼
小肠风、阴疮,,,痒痛
中风、破伤风、伤寒,,,不省人事、口噤、涎盛、拘挛
,,,肿痛
风寒、瘀血、肿毒、妇人血风、劳损,,,肿痛、不痛、筋骨疼痛、风湿、四肢疼痛、手足缓弱、行步不前
瘰疬,气血俱虚,,疮口不敛
胎毒,,,
,,,胎溻皮疮
,,,
阴疮、痈疽,,,
阴疮、瘰疬,阳气虚弱,,流注、臁疮、恶疮、久不愈
阴脱、淋沥,脾胃虚弱,,食少泄泻、消瘦
阴蚀疮,,,
阴蚀,,,
阴蚀,,,
产后痈毒,,,
乳痈,,,
,,,足肿
,,,
阴疽,,,
,,,边疮、久不愈
乳痈、乳痈、乳癖、结核,肝气郁结、胃热壅滞、气郁、痰饮,,作痛
肠痈、产后恶露不尽、经后瘀血、瘀血、中毒,,,作痛、大便燥、肿痛
血虚、盗汗、血热、月水不调、寒热、室女血弱、荣卫不调、骨蒸,,,五心烦热、肢体疼痛、头目昏重、心忡颊赤、口燥咽干、发热、食少、嗜卧、脐腹作痛、痰嗽、潮热、肌体羸瘦
瘰疬、坚核,,,乳岩
胎热、寒热,,,肿痛、恶心呕吐
肠痈,,,腹中疼痛、不食、小便涩滞
下疳、白浊,,,痒痛、小水涩滞、滑精
,,,肿块
痈疽、乳痈、乳疽、乳漏,,,疮疡、肛裂
,,,
,湿热下注,,阴中作痒
,湿热下注,,阴中作痒
瘫痪、湿痰流注、遗精、赤白带下,精寒,,诸风、恶疮、夜梦、久无嗣息
,内热、火郁,,怀抱忧郁、小水涩滞、大便秘结、涩淋
,风湿,,
,,,阴痒
,,,雀斑、酒刺、肌肤瘙痒
,,,肿胀、坚硬疼痛
死难、小儿急慢惊风、痢疾,,,
头痛、拘急,湿痰,,疮毒、头目昏眩、肢体烦痛、肌肉蠕动、耳哨蝉鸣、鼻塞、多嚏、皮肤顽麻、瘙痒瘾疹、头风、作痛、眉棱骨疼、牙齿肿痛、痰逆恶心
胎毒、赤游丹毒,,,诸疮、瘾疹、口舌生疮、痰涎壅盛、谵语、烦躁、夜睡
头痛,,,
痈疽发背、疔肿、跌扑、流毒、漆疮、火丹、风热、干湿脚气、乳痈、丹毒、肿毒、疥湿癞,,,肌肤赤肿、皮肤瘙痒、冻疮痒痛
痈疽、跌扑、流毒、风湿风温、无力、内痈、遗精、肠痈、血气,风郁,,恶疮、攻刺作疼、腿脚酸软、疮疖
,湿热,,疖毒、红晕
,,,心下伏痛、四肢烦疼、五劳七伤、产有余疾
瘀血、产妇产后诸疾,,,
浮核、痈疽,,,脓血
痈肿,,,
中寒下痢,,,脓血
,,下血,
漏下,,下血,
产后虚满,,,虚肿、水肿
,肺感寒,,冷嗽、上气、咽嗌不利、声重、鼻塞
卒心痛,,,心痛
癥瘕、厥逆、久痹、月水不通,,,心腹疝、心痛、羸瘦、少气、产乳余疾、胸胁支满、不嗜食、便血
产后虚冷,,,
厥逆、寒疝、盘疝、月事不时、血疝,,,七疝、脐下坚痛、结痛、少腹胀满、急痛、脉疝
,,,面上粉滓
,,,黑黾
,,,大小便不利
妊娠腹痛,,,冷痛
,,,不欲食
,,下血,
,,,心痛
,,,恶食
无子,,,断绪、少腹冷疼
,,,断绝绪
无子、风寒、无子,,,胞络伤损、受胎不牢
妊娠胎动不安,,,
胞衣不出,,,
,,,风冷、心痛
,,,断绪
无子,,,
胎动不安,,,
,,,
子痫、风痉、叱逆、酒疸,,,闷愦、不识人、眩倒、足胫满、发赤斑
妊娠胎动不安,,下血、下血,腰腹疼痛
妊娠重下,,,痛引腰背
胎动不安,,下血,举动惊愕、腰胳、小便疼
劳损,,,
子淋、妊娠小便淋涩,,,脐腹妨闷
妊娠子淋,,,大小便并不利、气急
漏胞、伤胎,,,
无子,,,子脏偏僻
妊娠流下、胎不安,,,腰腹作痛
子淋,,,小便数、热痛、足肿
妬乳,,,
,,,阴痒
,,,阴中生疮
,,,阴中生疮
,,,阴肿
产后风虚劳羸,,,
,,,
产后劳损,,,乍寒乍热
产后内虚、烦毒,,,腹中绞痛、谵语
血晕,,,腰疼、腹中余血未尽、手脚疼、不下食
,,,
头疮,,,口边肥疮、蜗疮
,,,
产后小便数兼渴,,,
淋证,,,
妒乳、侵淫汁疮、阴蚀、头疮、疳蚀,,,热疮、痒湿、口边肥疮、蜗疮
产后心痛、厥逆,阳气虚寒,,心腹作痛、不食呕吐
产后心痛,,,
产妇劳虚、产后血脉虚竭、经水断绝,虚寒、虚实交错,,四肢羸弱、饮食减少、血脉不通
淋沥、黄瘕,泄血不断,,
血聚、肉瘕、癥气,,,子门不开
,,,热痢
产后下痢,,,
产后虚冷、恶露,,下血,
血气、劳伤,,,口噤
黄瘕,,,
青瘕,,,
脂瘕,,,腹中有块
产后恶露不尽,,,少气
,,,
难产,,,
,体虚,,
产后中风,,,
产后虚弱,,,
产后风虚劳损,,,黄瘦
产后风虚,,,瘦不能食
发痫、胎中带风,,,体冷、面青后张
,,,惊啼、不吃奶、惊啼、壮热、颜色萎瘁、腹中坚积
气积、咳逆、热病、黄疸、头痛、赤白痢、热毒、脚气、久痢,,,呕吐、脓血、心怯健忘、四肢烦热、眼赤、大小便不通、烦闷不安、骨节疼痛、血痢、宿食不消、心腹胀满、出气、惊癎
血气、骨热,,,日渐瘦悴
乳后伤寒,,,身热、目赤、四肢不举、舌黄白、狂言、妄语、飞尸、心腹痛、上下不通、壅肿
癥癖、水病、不产、淋沥、痎疟、月水不调,,,心腹积聚、上气、心下坚结、绕脐绞痛、吐逆、噎塞、五淋、五痔、九种心痛、食不消化、诸风、身体顽痹、半身疼痛、堕落、癫或痫、梦与鬼交、四肢沉重、不能饮食、饮食无味、身似怀孕、羸瘦困弊
小风惊痫,,,心腹积聚胀满、少食、绕脐痛、产后余疾、风癫
,,,喜梦
自汗、遗精梦交、吐血、男子失精、女子梦交、吐血,虚劳、虚劳、肾阳虚、阴虚,,咳血、下利清谷、浮热、汗出、夜不成寐、上热下寒、咳血
劳虚,诸虚不足,,风冷、神耗
阴痿、盗汗、寒热、无子,,,五劳七伤、湿痹不仁、偏枯、筋缩拘挛、胸胁支满、腰背疼痛、四肢酸烦、痒湿、心腹满急、便血、咽干、口燥、饮食不消、羸瘦、短气、肌肉损减
绝孕,,,五劳七伤、气喘急、身重、骨节烦疼、腰背强痛、腹内、羸瘦、不得饮食
无子,,,
拘急、咳逆,,,口不能言、不知痛处、上气、面目洪肿
半身不遂,,,汗出卧冷、手足苦冷、身淫淫痹、四肢不收、风狂、饮食损少
,体虚、受风,,贼风、腹中拘痛、口噤不开、口干、恶风、梦寤、躁愦
,,,言语错乱
中风,,,脊急
无力、失音不能言,气冲心,,柔风、身体疼痛、四肢缓弱、中柔风、脚弱、顽痹、四肢不仁
风气、拘急、濇濇恶寒、失精,受风,,惊悸、口干、历节疼痛、闷心欲绝、口噤不开、背强反折、百脉掣动
心悸,心气不足、风邪,,梦寤、惊恐
咳逆、瘀血、癥瘕,,,上气、口干、手足寒、心烦满、下利、呕逆、上气、胸胁胀满、少气、肠鸣、里急、大小便不利、肢节皆痛
疟疾、产后血结、绝产、无子、月经不调、淋沥、寒热,,,宿食不消、飞尸、心腹胀满痛、面目青黄、不欲食、食不生肌
头痛,热结,,壮热、下痢、壮热、脉微
,,,虚火咳嗽、哮喘、吐痰、胸膈饱胀、嗳气
,,,虚火咳嗽、哮喘、吐痰、胸膈、饱胀、嗳气、嗜酒、脉数
虚损、半身不遂、疝气、阳事不举、血淋、阴痛、血崩,,,腰痛、五劳七伤、冷气、小肠偏坠、脚腿疼
风气湿痹、疝气、泻痢、气逆、头痛、呃逆、经闭、赤白癥瘕,,,胃脘、肚腹疼痛、腰膝疼痛、膈噎、积滞、痞块、胸腹胀闷、疮癞
痈疽发背疬疮、疥癣疮、风癞、肿毒、跌扑、风痰、瘫痪、气痛、月经不调,,,壅塞、痞块、蛊胀
经脉不通、血瘕,,,
无子、经事不调,,,堕胎
崩漏,,,
,气滞,,脐下痛
小产,,,性急
妊娠子气,,,
,,,形盛、胎肥、腹大、坐卧不安
妊娠中风,,,
妊娠痢,,,
头痛,,下湿,发热、骨节烦痛、身体重著、鼻塞
妊娠中暑、自汗,,,精神昏愦、四肢倦怠、少气
子痫、中风,,,眩晕、口噤、不能言
,,,
子气,,,两足肿大、行步艰难
胎动不安,,,
,脾胃素弱,,
跌扑、胎动不安,,,
,脾胃素弱,,
,,,惊恐、脏躁
妊娠痢疾,,,
子淋、溺血,,,小便少
难产,中气不足,,困顿、饮食少
头痛,,,
,,,腹满、吞酸、不喜食
妊娠伤寒、热病,,,不解、遍身发斑
,,,
子肿,,,面目四肢浮肿
难产,,,饮食能进
妊娠咳嗽、风寒,,,发热、鼻寒
妊娠伤寒、头痛,,,恶寒、发热
子烦,,,心惊胆怯、烦闷不安
子嗽,,,久嗽、堕胎
,,,久泻、大渴
,,,
妊娠热病、瘟疫、伤寒,火热,,不解
,,,
产后中风、气暴虚,风邪,,百节开张、不省人事、口目蠕动、手足挛曲、身如角弓
产后浮肿,,,败血不尽、凝滞不行、四肢浮肿、乍寒乍热
,气血俱虚,,大便闭涩不通
太多,,,心神恍惚、睡卧不安、言语失度、如见鬼神
,,,腹中胀痛、里急、身热、口渴、六脉数实
产时寒气,,,风冷
产后败血,,,乍寒乍热、小腹刺痛
血气,脏气本虚、寒邪,,宿夹积冷、胸腹胀痛、呕吐恶心、饮食减少、风冷
,肝虚,,奔豚
去血过多、头痛,,,
产后败血停积,,,上干于心、心下胀闷、烦躁昏乱、狂言、妄语、如见鬼神
产后败血,,,胁下胀痛、手不可按
产后失血过多,脉虚、脉虚、肾气虚,,腰痛、隐隐作痛
产后伤食,,,呕逆、食臭、脉弦滑
产后气虚,,,小便不通
呃逆,虚寒,,
产后脾胃虚弱、霍乱,,,风冷、心腹绞痛、手足逆冷、吐泻
产后咳久不止,,,涕唾稠粘
产后恶露、闭塞,,,败血停滞、小便不通、小腹胀满、乍寒乍热、烦闷不安
产后伤食,,,
,内热,,口燥咽干
产后血虚,内热,,小便涩痛
产多、血虚,,,乳汁短少
产后虚肿,风湿,,面目虚浮、四肢肿
过伤、痢疾,,,腹中胀痛、里急、身热、口渴、六脉数实
产后气乏、血阻,脾胃素弱、中气本虚,,腹痛乍痛乍止
去血大多、血虚,,,语言不清、怔忡
产后败血,,,腰痛、胀痛、腰痛
遗尿,,,小便频数
产后伤寒,,,
,内热,,尿血、小腹痛
产后虚寒,血凝,,心痛
,内热,,口燥咽干
,,,
寒气、石瘕、肿病,,,月信不行
无子、经水不调、崩漏带下,气盛,,七情所伤、或前或后、或多或少、色淡、紫色如块、肚腹疼痛、子宫虚冷、不能受孕
,气滞,,腰胀
肠覃、自肛,,,经血凝涩
虚损、经水过期后行,,,多痰
,,,带下久不止
血虚,,,多痰
经过期后行,脾胃衰弱、气血虚少,,形瘦食少
,,,湿痰
经水色紫,,,
太多,,,
血虚,,,经水来少
,,,或前或后
经水过后,,,虚中有滞、腹中痛
经候不调、无子,脾胃虚弱、血气不足,,
血崩,,,
,,,色淡
气逆、月经过期,,,急躁、多怒、多妬、血少
经水来少,,,体肥、痰碍经隧
胎漏,,,
中风、瘫痪,,,脚膝软弱、不能行步
肠痛、水气,,,垂死
心腹痛,,,疼不可忍
,心血久虚、阴阳不和、虚气独行、中满,,忧愁思虑、睡卧不安、精神恍惚、五心烦热、骨节痠疼、面如火爁、头目昏眩、耳内蝉鸣、口无津液
虚损、月事愆期、寒热,心气不足,,心血损耗、惊悸不宁
寒热、血虚、失精、淋沥、产后蓐劳、恶露、骨蒸、无子,阴阳不足、心气不足、肾不足、肝气不足、脾不足、诸虚不足,,忧愁思虑、精神不守、脉离经、皮毛枯槁、怔忡、梦寐惊惶、乏力、目昏、四肢烦疼、秘利不常、痰嗽、喘急、面黄、腹急、饮食无味、鼻衄、肌瘦
风毒、气毒、妇人血风、热毒,,,羞明、多泪、缘眶赤烂、赤眼肿痛
过多、无力,精气亏损,,发汗、吐泻、失血、心神恍惚、不得眠睡、饮食全减、肌体瘦弱、怠情倦乏、嗜卧、四肢痠痛
血崩,,,泻血不止
产后大便不通,,,体弱
赤白带下、无子、无力、寒疝,血海虚,,脏腑虚滑、脓血、经候不时、下部积冷
虚损、干湿脚气、血气、小肠气、疝气,,,
血虚,,,
,经络干枯,,损惫、肌肉瘦悴、百节倦疼
月经不调,,,血海久冷
虚损、经水不止、漏下白水,,,
,阴阳不升降,,本虚经弱、精滑不固
经血过多,,,败血
,,,胸膈胀闷、发寒发热、四肢疼痛
,,,乳赤肿
小儿疳、无精,,,日渐羸瘦、腹大、发热
,内虚,,身体发热、小便不通、冷热、正睡、多惊
经水不正,体虚,,便血妄行
赤白带下,,,
过多,,,
经候过多,气血俱虚,,全不思食、身体倦疼
,脾积,,
子宫久冷,虚羸,,
妇人血气、崩漏,虚寒、冲任经虚,,营卫不调、血脉不禁、血滑、坠胎下漏
,下脏久虚,,
经脉妄行,,,胞络枯涩
小儿胎气不足,,,精血虚少、头大开解
血虚、伤血,,,
赤白带下,,,
虚损、寒热、月水不调,脏腑血气不足,,劳疾、脐腹(疒丂)痛、心忪恍惚、忧虑不乐、面少光泽、体倦
虚损,血败不足,,
,诸虚不足,,心胸痞闷、四肢倦怠、头目昏眩、心间恍惚、饮食多伤、恶寒恶热
寒热、劳伤、不思饮食,诸虚不足,,羸乏、精竭、力弱、痰多、呕逆、骨节酸痛、气急、面色浮黄
白浊、子宫久冷,诸虚不足,,
停寒积饮,脾胃虚冷,,呕逆恶心、脐腹撮痛、恶闻食气、饮食不化
,,,气痛
,,,心痛
半身不遂、风虚,,,诸风、口眼?斜、手脚麻痹、肌肉瞤动、头目旋晕、痰涎不利、遍身痒闷
伤寒,,,左瘫右痪、不能坐立、脚膝细弱、打扑伤损、筋骨损败、头风、筋骨挛急、不能转侧
半身不遂、手足搐搦、妇人血运、血风,,,诸风、口眼?斜、言语謇涩、牙关紧急、顽麻疼痛、涎潮闷乱、吐逆
卒中风、中恶、热疫、阴阳二毒、水毒、产后血晕、鼻血、霍乱、急惊风,,,急不语、恶血攻心、心肺积热、吐利、转筋、神魂恍惚、头目昏眩、眠睡不安、唇口焦干、狂语、烦躁、惊风
头痛、太阳、拘急,,,目赤、耳作蝉鸣
,,,偏正头疼
月经不调、无子,,,瘦瘁、饮食少味
,,,子肠不收
虚损、自汗,,,困倦、唇口干燥
,风热,,困倦、时发昏眩
,,,奶汁绝少、乳汁不行
吹奶,,,
难产,,,
妊娠小便不通,,,
产后大小便涩滞,,,饭食不化
血崩,,,
血崩,,,
月事不来、瘀血、经闭不通,,,恶血积结、小腹胀大、时发胀痛、倦怠、瘦弱
经水凝滞不行、血瘕,,,脐腹疼痛
妊娠小便不利,,,水肿、恶寒、筋痛
妊娠伤胎,,,
寒热,,,脐下疼痛、烦躁
室女血气,,,
妇人血风、劳气、不思饮食,,,四肢腰背疼痛、呕吐恶心、日渐瘦弱、面色痿黄、手脚麻痹、血海冷败
经血不调,血积,,
,,下血,
赤白带下,气不和,,
心气痛,,,
,,,腰疼、腰痛
冷热不调,,,大小便相反
痃癖、血块,脾胃虚寒,,宿食不消
妊娠下痢,,,垂死
食积、血结、经闭不通、过多、血块、经闭不通、血蛊,气滞、血积、气郁,,脘痞、痞闷疼痛、食不消化
,,,脐腹胀满、腰脚沉重、不得安卧、脉沉缓
结核,,,
痃气,,,
,,,遍身虚肿、满闷
,,,干血
痃癖、血块,脾胃虚寒,,宿食不消、久不愈
妇人血气,,,大便秘结
,,,
盗汗、血热、骨蒸,虚劳,,肌热、痰嗽、五心烦躁、头目昏痛、劳倦
胎毒,,,
急惊癫痫、胎惊、内钓,,,痰涎壅盛、喘息、搦搐惊悸
火毒,,,痘疮
难产,,,
蒸热、月事不调、产后蓐劳、崩淋、赤白带下、吐血、虚损,郁结,,久闭、白淫、劳嗽
胎上逼下,,,呕哕
热病,,,斑出赤黑色、小便如血、气急
转胞,,,小便不通
难产,,,临产交骨不开
厥逆、血厥,,,
经脉不调、崩淋,虚劳,,
难产、胎衣不下、胎死腹中、产后中风、血晕、血崩、瘀积、月经不调,,,交骨不开、横生倒养、鼻衄、腹痛
头痛、霍乱、绞肠痧、气痛、喉风、喉痹、瘟疫、中风、痰厥、脐风、走马疳、疔疮,,,头晕、眼黑、吐泻、手足厥冷、转筋、斑痧、不省人事、撮口、牙痛、山岚瘴气
,虚劳,,
伤寒,,,肚痛
产后恶血攻心,,,晕闷
产后诸证、产前胎死、产难、产后胞衣不下、血晕、恶露、虚热、盗汗、崩中败证、骨蒸、中风口噤,,,横生、逆生、遍身疼痛、口干、心闷、不语、眼花、乍寒乍热、四肢浮肿、言语颠狂、乍见鬼神、腹胁胀满、呕逆不定、大便秘涩、小便出血、成块、气急、心疼、咳嗽、多唾、绕脐刺痛、面赤、鼻衄、喉中喘急
产难、死胎在腹、血疾,,,死血冲心
难产,,,横生倒产
产后恶血攻心,,,眼全黑花、心闷欲绝、恶心头旋、头昏
,,,呕逆、气乱、心烦
产后痢,,,
产后痢,,,
产后血气、血刺、血晕、血崩、恶露、中风、疟疾,,,
心腹痛,,,
,,,
产后虚汗,,,发热
,,,
,,,
产后崩中、寒热、寒热,,,四肢浮肿、腹中不下
,,,
产后恶露不快,,进饮食,败血上攻、心胸烦躁、大渴、闷乱、眼黑旋运、脐腹疼痛、呕哕、恶心
产前产后,,,
产后诸疾,,,
胎动不安,,,腰腹痛、胎奔上刺、短气
产后乳脉不行,,,烦热、大肠滞涩、肢体疼痛
胎风,,,
,,,不省人事
胎痫,,,
胎气不安、经脉适来,,,腹胁刺痛、气急、上喘
妊娠,,,
咳逆,,,
中风,,,气涩、腰痛、筋急如角弓反张、牙关紧急、面色黑、遍身赤黑、脏腑皆满
妊娠,,,
,,,
,,,血痛
水病、瘫痪、无子、小儿惊痫,,,腹内积聚、气块、冷气、翻胃、呕逆、五淋、五痔、心疼、腹痛、诸风、顽痹、多痛、手足烦热
血癥、经候隔绝、胎死上冲、产后血晕、破伤风,,,痨瘵、闷运、打扑伤损、筋断骨折
小儿胎风、脐风,,,
头痛、目痛、结核,风热,,鼻干、恶热
惊痫、中风、胎惊、急慢惊风,,,腹肚坚硬、夜啼发热、困重、上视搐掣、角弓反张、倒仆不省、昏愦、闷乱
风痫搐搦、寒热、五疳、胎惊、热疳、口疮,,,泄泻、风痫
诸般惊风、天钓、风痫、胎惊、五疳、口疮,下注,,发搐、上视、肌瘦、馋渴、便利、脓血、水谷不化、身热
虫证、惊痫,,,传带、呼搐搦
妊娠恶阻,,,吐逆、不下食
寒淋、带下,,,膏淋、下痢
胎疸,,,
脏毒,,下血,血利下多
漏血,,,下利纯白、腹中绞痛、虚气胀满、手足逆冷
胎惊,,,心神不宁、睡卧不醒、壮热、面青赤、身冷、粪青黄水
胎惊,,,心神不宁、睡卧不醒、壮热、面青赤、身冷、粪青黄水
胎肥、胎热,,,
瘟疫、伤寒、经水适断,气不振,,
瘟疫,气血两虚,,痞满、不热不渴
霍乱、死胎不下,,,泄泻、心痛、胃痛、腹痛、吞吐酸水
耳聋、渴饮,,,舌滑、身热、面赤、胸闷、脘痞、下利稀水、小便短赤、咳痰带血
久痢、瘀血,,,肛中气坠
,,,
热病、瘀热,,,不解、舌痿、心烦热、神气忽清忽乱、脉右长左沉
疟疾、带下、月经不调,,,
热证、遗精、无子、肾虚、癥瘕、宫虚、无子、殒胎、过多,阴阳两伤、阴阳两虚,,滑泄、腰膝腹痛、体瘦、头晕、耳鸣、左肢麻痹、淋带、腰膝尻胯酸痛
血分、血痹、干血痨、寒热、痛经、寒热、经闭、跌扑、死血、产后瘀血、跌扑、金疮,实证,,发痛、胁痛、作痛、经来紫黑、成块、腰痛、少腹痛、拒按、棒疮
血崩,,,
,,,
产后败血,,,四肢浮肿
,,,
,,,惊恐、下粉红
,,,
,,,
妊娠,,,
,,,
难产,,,横生倒产
久惯小产,,,
胎气不安,,,
霍乱、中风、中暑、乳蛾喉闭、痈疽发背、经闭、小儿惊风,中热,,山岚瘴气
太急,,,
盗汗、霍乱、中风、自汗,元气虚亏、下虚、气不升降,,上盛、呼吸不足、头旋、气短、心神怯弱、梦寐惊悸、腰疼、虚烦、狂言、口干、上喘、翻胃吐食、转筋、咳逆不定、涎潮、不省人事、阳气欲脱、四肢厥冷、唇青、脉沉、身热
冷痹血气、椎风,,,手足顽麻、流注
血风、风脚痛、石痈、痈肿、肚痈,,,发背、流注、乳痛
寒热,,,流注、潮热、红肿、赤痛
赤白带下,,,五劳七伤
盗汗、肺痿,,,劳嗽、痰中带血
酒渣,,,粉刺
,,,头风
阴疮,,,
经闭、血崩,,,作痛
胎漏不安,,,
产后痢疾,,,
,,,
,,,脐腹疼痛
难产,,,
赤白带下,,,
赤白带下,虚寒,,
血淋、胎毒,,,梅疮、结毒、流血不止、肿硬溃脓、出水不休、疼痛不堪
经水不准,虚劳,,心腹疼痛
月经不至,,,腰腿疼痛
产后血虚,,,发热
赤白带下,,,
赤白带下,,,
赤白带下,,,
产后中风,,,
经闭成疾、血淋、胎不安、难产、产后血崩、血晕、儿枕痛、胞衣不下,,,麻木疼痛、头昏、脚肿、不受孕、呕吐
难产、胞衣不下,,,
无子,,,
,,,阴痒、生疮
产后恶血攻心,,,作痛
赤白带下,,,
,肾气虚寒,,不能生育
,,,腰疼、交骨不开、横生逆下、腹中
,,,遍身疼痛、手足拘挛
妊娠赤痢,,,
经闭、血块,,,
月经闭,,,腹胁胀痛
,,,红淋
妊娠腹痛、小产,,,腰痠作胀
小产、死胎不下,,,
胎动不安,,,
,,,作痛
产后血晕,,,
月水不调、赤白带下,,,
,,,
产后恶血上冲,,,
经闭,,,
胎动不安,,,
,,,
胎毒,,,
难产、子死腹中,,,
胎气不安,,,腰腹疼痛
月水不调,,,体倦、头疼、口干、脐疼痛
精寒、不孕,,,饮食少进
胎衣不下,,,
横生逆产、胎死腹中、胞衣不下,,,
月水不通,,,
不孕,,,
难产,,,
不产,,,
伤寒、感冒、乳蛾、肿毒、疟疾、赤白痢、头痛、霍乱、小儿惊风、气痛、经水不调,,,胸膈膨胀、大小便不通、泄泻
瘟疫、伤寒、霍乱、绞肠痧、中毒、小儿急慢惊风、中风、中气、拘急、月水不调、劳瘵、中恶,,,狂言、乱语、口眼?斜、牙关紧急、腹中结块、头晕、传尸、赤痢、白痢
中风、疟疾、痢疾、劳瘵、伤寒、赤白带下、难产、胞衣不下、血块、小儿惊风、疳症、肿毒、痔漏、肠风、白浊、吐血、鼻血,风火,,偏正头风、眼科赤肿、障膜倒睫、喉闭、头面虚肿、肚腹疼痛、吐痰、噎膈、痰火、哮喘、大小便闭、不大便、恶疮、臁疮、便血、梦遗
感冒风寒、瘟疫、中风、霍乱、绞肠痧、中暑、食积、风痰、血崩、月水不止,,,不语、吐泻、大小便不利、红痢、头眩
,,,臁疮、裙边疮
中风、中寒、中暑、霍乱、绞肠痧、疟疾、泻痢、不服水土、中暑、头痛、恶露不尽,,,口眼歪斜、牙关紧闭、伤寒时疫、头疼、脊强、恶寒发热、吐泻、脓血、肚痛、饱胀、伤食生冷、嗳气、眼黑、发热、不解、吞酸
,,,痞块
,,,
经行腹痛、带下、停经化胀、脾虚,气血两亏,,信水不准、骨节疼痛、胸闷、食少
,里虚,,粪便青色、慢惊风
胎肥、胎热,,,发搐
瘟疫、风热、蛊毒、中暑、感冒、疮疹,,,身热、昏睡、气粗、痰塞、壅嗽、惊风、潮搐、发搐
,热盛,,咳嗽、气喘、咽喉干燥、咯痰不多、痰中带血、脉浮细数、舌红少苔
目眩、耳聋、遗精、盗汗、骨蒸、消渴、肾虚、闭经,阴虚、血枯,,头晕、耳鸣、腰膝痠软、潮热、五心烦热、失血失音、淋浊、五迟五软
虚热、霍乱、痢疾、惊痫、伤寒、消中,脾胃虚弱、脾胃久虚、胃中虚、胃虚寒,,呕吐、泄泻、烦渴、羸困少力、烦渴躁、乳食不进、呕哕、身热、泔渴、烦躁、引水、乳食不进、夜则渴甚、口干、不渴、脉浮缓、泄泻、脉浮软
疮疹、胎毒,,,躁烦、咽干、口舌生疮、狂躁、头面生疮、眼目肿痛
血虚、淋沥、月经不调、寒热、结核,气滞,,郁怒伤肝脾、两胁胀闷、小腹作痛、胸乳作痛、噎塞、两脚筋挛、面色青黄不泽、形气日瘦、左关弦洪、右关弦数
,,,忧怒、大便秘结、大小便不通
,火风热,,大肠干燥、大便不通
月经不调、产后恶露不净,,,四肢浮肿、浮肿
风热、丹毒,,,血燥、大便秘结
血热、结核,,,遍身瘙痒、筋挛
,脾胃虚热,,口舌生疮、畏冷、饮食
妇人血风、血热、血淋、疥风癣,湿毒,,瘾疹痒痛、燥痒
血虚、风热、寒热、经水不调,,,痒痛、生疮出水、头目不清、少食、胸膈不利、腹胁痞痛、小便不调
吐血、妊娠吐衄、吐血,脾胃有热,,口舌生疮、齿龈腐烂疼痛、唇齿作痛、齿龈溃烂、作痛、牙疼、出血、口臭
风寒,气滞,,结肿、闪肭
产后蓐劳,,,发热
虚热,,,口干作渴、恶冷、饮食
心悸、热劳、血虚、头痛、盗汗、寒热、无力,阴血亏少,,虚烦少寐、神疲、梦遗健忘、大便干结、口舌生疮、舌红少苔、脉细数、心神烦躁、颊赤、眼涩、唇干、口舌生疮、神思昏倦、四肢壮热、食饮无味、肢体酸疼、心怔、肌肤日瘦、喜忘、大便难、口内生疮、脉数、心肾不交
瘀血、血结、寒热,,,小腹急痛、大便不利、谵语、口干、遍身黄色、小便自利、如狂
血膈,血滞,,胸腹作痛
,,,诸风、肢体麻木、手足不遂、不能动履
,,,腰疼、肿痛、少气、乏力
寒热、月经不调,风热,,血燥、肩臂疼痛、牵痛、晡热、肢体痠痛
痰涎上涌、难产,气虚、气虚,,恶寒发热、作渴、烦躁、痰喘、气促、不语口噤、手足逆冷、产后不省、喘息
产后恶露闷绝,,,
,,下血,腰痛
吐血、衄血、血崩、漏胎,风热,,便血、尿血
,,下血,肝经有风
血虚、小产、血崩,,,晕厥
小产、瘀血,,,心腹疼痛、发热、恶寒
小产,,,血下不止
,脾胃虚弱,,饮食不消、肚腹膨胀、呕吐泄泻
,,,肿满
痰气上涌、目眩、自汗、霍乱,下元虚败,,脏腑滑泄、手足逆冷、转筋
血虚、月经不调、血风,火燥,,
月经不调,,,
,,,
懒倦、自汗,,,经水弱少
经水适断、寒热、哕逆,,,头疼、咳嗽、恶心欲吐
血虚,,,神思昏愦、恶闻人语
转胞,,,小便不通
崩中不止,,,经水淋漓
恶露、寒热,,,形弱、乍寒乍热
胎动不安、恶露、恶露,,,
胎气不安,,,烦热、头疼、烦闷、吐逆、不食
胎动不安,,,
难产,,,
,,,产后小便不通
月经不调,,,
难产,气弱,,惊恐
妊娠忡悸,,,多惊
产后子宫不收,,,
头疮、胎毒,,,
痃癖、女血气,,,心腹疼痛
中生核,,,乳硬
淋沥,,,尿胞
女劳疸、黑疸,,,少腹满、身尽黄、额上黑、足下热
蚌疽,,,阴肿、作痛
盗汗,虚劳,,体热、四肢怠惰
疝气、经行腹痛,肝气郁热、肝气郁滞,,心痛、胃脘、胸胁痛、口苦、舌红、苔黄、脉弦数、久不愈
头痛,,,头风
,,,
热毒、走注、血逆,痰饮、气血壅滞、风热、气滞,,肿胀、二便秘涩、潮热、口渴、喘咳、面赤、脉沉数有力
赤白带下、无子,,,子宫虚冷
赤白带下、经脉不调、无力、无子,,,久冷、肚腹疼痛、面色萎黄、手脚疼痛
,,,心膈迷闷、腹脏撮痛、气急、气闷、月信不通
子宫久冷,气不升降、痰饮,,任脉不调、饮食不消、头目昏眩、四肢倦怠、百节酸疼
产后血闭、血晕、血劳、伤力、吐血,,,血迷、嗽血、劳嗽
经事不行,,,心脾疼、腰腹疼痛
赤白带下,,,
,血海虚,,白带时下、脐腹刺痛
,虚劳,,
,,,面赤、口苦、心烦
,,,脐腹疼痛
经候不调、月经不调、半产、瘀血,冲任虚,,血脏冷痛、唇口干燥、五心烦热、少腹冷痛、久不受胎
产后恶血崩漏、血崩,,,
妊娠伤风、自汗,,,
头痛、拘急、头痛、拘急,,,恶寒、身热、躁闷、四肢疼痛、口干、口干、身热、恶寒
虚损,,,
经病不通,,,脐腹连腰腿疼痛
经脉不调、赤白带下,,,
血崩、赤白带下,,,
妊娠伤寒、头痛、太阳,风湿,,肢节烦疼、脉浮而热
产后恶露上攻,,,
,,,筋软
半身不遂、疮癣、疥癞,,,左瘫右痪、口眼?斜、头风、五种腰疼、筋骨缩疼、手足麻木、燥痒、眼流冷泪
,,,声音
小儿胎赤、洗眼不净,,,眼眦
胎热,,,发疮、小便不利
阴疮,,,烦躁
风寒、漏症、劳伤,阴虚、气血虚羸,,漫肿、筋骨疼痛、久无嗣息
头痛,,,
脾疸、吐血、血崩,郁热,,喘嗽、口臭、喉腥
脾疸、吐血、血崩,郁热,,肺热咳嗽、口臭、喉腥
气痛、不思饮食、无力、寒热,,,血冷、心胸烦闷、头目昏疼、劳倦
小肠气、脱肛、气痛、产后诸疾,,,气块、红脉不行、眼多冷泪
拘紧、无力,气血衰,,虚寒滑泄、怯弱、饮食无味、肌肉不生、胸膈膨胀、多睡、少寤、夜多异梦、翻胃
月经不调、血气、寒热,脾胃受寒,,癥块、面色黄青、蛊块、瘦瘠
寒湿脚气、遗精白浊、小肠疝气、经水不调、痢疾、食积、肠风下血、头痛、疔疮、瘰疬、肿毒,痰火,,五劳七伤、肚腹饱胀、心胃气痛、左瘫右痪、偏正头风、鹤膝软弱、痞块、蛊胀、头眩、漏肩疼痛、腰疼、背痛、跌打损伤
恶露,,,大腹痛
胎死腹中、胎衣不下、血晕,,,血少、四肢冷、吐沫、爪甲青黑、口干痞闷、乍寒乍热、四肢浮肿
,,下血,腹痛不可忍
头痛、寒热,,,呕逆、四肢不和、烦闷
中风、中风、自汗、产后中风、胎死腹中,,,头眩、背强、口噤直视、烦热
风热、走注、风痰、疟疾、癥瘕、食积、淋沥、伤寒、小儿惊疳积热、乳癖,中满、湿热、气血壅滞、痰饮、湿热,,喘嗽淋闷、水湿肿满、黄瘦、困倦、燥郁、肢体麻痹、涎嗽、头目旋运、痞闷、酒积、呕逆、腹满实痛、瘦弱、腰痛、肿满、肿胀、大小便秘
带下病,,下血,喘满、上攻、肋胁痛满
肺痿、寒热、自汗、自汗,,,喘咳、身热、吐痰、咳嗽、喘息
衄血、经侯不调、月水过多,,,嗽血、大小便血、喘嗽
,,,嗽喘急
妇人血气、不思饮食、虚汗、走注、拘急、寒热,虚劳,,头目昏眩、谵语、舌根强硬、言语謇涩、口苦、白日间睡、神思恍惚、狂言、面色萎黄、喘咳、遍身疼痛、四肢沉重、五心烦躁、唇干、多渴、胸膈不利、咽喉噎塞、兀王
,,,咳嗽喘急
风寒、自汗、疮疹、伤寒、拘倦、自汗、伤寒、风气、马气、漆毒、药毒、风眩、中风、破伤风、洗头风、风痫、产后诸疾、小儿惊风,,,身热、头疼、憎寒发热、不渴、腹满、实痛、烦渴、谵妄、头疼、疮疡、疹痘
伤寒、中风、胞衣不下、伤寒、口疮、喉痹、疮癣、风痰、风热、死胎不下,内热、湿热、阴虚、阳热、风热、内热,,壅盛、腹满、实痛、谵语、下利、风痫、斑疹、烦渴、谵妄、心下按、小便赤涩、大便结滞、喘咳、惊悸、狂癫、目疼、舌肿、发斑、脉沉可下、抽搐、气喘、斑疹、小便不通、腹满、斑疹、黄瘦、心痛、闷乱、脉数沉实、不语、寒战、脉微、腹满、谵语、风痫
疽痈发背、疥癣、走注、脚气,诸湿,,腰膝重痛、足胫浮肿、筋脉紧急、津液凝涩、便溺不利、赤瘾疹、疮疖、腰胯疼痛、两脚麻木、枚疮
产后经病、血刺,,,腰腹急痛
产后腹痛、癥瘕,,,腹满、喘闷、癖块、心腹暴痛
阴阳不调、食积、癥瘕、痃癖、消渴、肠风下血、痔瘘、胃痈、痈疽、泻痢、息肉、风气、中风、小儿疳,气血壅滞、虚羸、中满,,困倦、急痛、酒积、膈气、食臭、翻胃、膈瘅、痒痛、恶疮、腹满、下痢、肢体疼痛、痰逆、腹疼、诸风、潮搐
妇人血气,,,转筋
风热、拘倦、溺淋、喑风痫、洗头风、中风、小儿诸疳、风热、肠风、痔漏、伤寒、大小疮、恶毒,湿热内郁、风热、气衰、气郁、风热,,肢体焦萎、头目昏眩、腰脊强痛、耳鸣、鼻塞、口苦、舌干、咽嗌不利、胸膈痞闷、咳呕、喘满、涕唾稠粘、咬牙睡语、筋惕惊悸、汗泄、燥淋闭、烦渴、不语、暴喑、不语、潮搐、久不愈、黑黧、身体疼痛、腹满、涩痛、烦渴、喘闷、惊狂、燥郁、舌强、口噤、腹满、撮痛、腰腹急痛、腹满、喘闷
伤寒,,,
寒热、阴痿、虚损、口疮、疳蚀、中暑、伤寒、遗热、热证、吹奶、乳痈,内伤、阴虚,,身热、吐利、下痢赤白、癃闭、淋痛、心躁、五劳七伤、惊悸、健忘、烦满、短气、饮食不下、肌肉疼痛、劳损、忧愁思虑、惊恐、血衰
泻痢、产后痢,,,久不愈
瘅热、消渴、风热、过积、痿痹、伤寒,阴虚,,燥郁、头目昏眩、倦闷、壅塞、疮疥、烦渴
走注,,,水肿
,,,脐腹疼痛刺、胸膈不止、下元久冷
小肠气、血晕、血刺、胎衣不下、难产、痛疾、小肠疝气,,,气刺虚痛、血解、血迷、血冲心、心痛
寒热、骨蒸血晕,,,
妇人阴疮,,,
月经不调,,,心腹疼痛
胎不安,,,
赤白带下、寒热、不思饮食,,,小便浊败、脐腹疼痛、口干、舌涩
癥瘕、妊孕、鬼胎,,,痞块、脉涩
经病、气劳、寒热、盗汗、食积,血积,,心胸腹腰急痛、淋痛、刺痛、干呕、四肢困倦
产后恶血不下、月候不行、血刺,,,腰腹急痛、痞痛、燥热、顿渴、喘急、闷乱、肢体痛倦、心腹暴痛
寒热、血气,,,块硬疼痛不止
血崩,,,作片
血气,,,吃硬食、食块
经水过多、淋沥、产后恶物不止、恶露、胎痛、小儿痢,,,月事失常
产后虚损、不思饮食,,,痿弱、胸满
,虚衰、气滞,,
血崩,,,作片
寒热、头痛,,,
癥瘕,血积、经络注滞,,
,,,
月水不调、不思美食、经闭,,,断绝不产、面黄肌瘦、脉数涩、左右强弱不调
伤寒、寒热、骨蒸、肺痿、产后经病,气血已虚,,发汗、口干、烦渴、大便秘结、弦数、寒战、劳复、喘嗽
,,,诸气、皮肤皴揭、胁痛、寒疟、喘咳、暴痛、少腹痛、带下赤白、疮疡、喘咳、潮热、大便涩燥、大便涩
,,,下冷痛、腹重
产后血风、疔疮,,,腰腿疼痛、发背、头风
黄疸、盗汗、瘀热、热病、消渴、头痛、衄血、痛经,湿热、阴虚、湿热、肝郁,,咽喉肿痛、口舌生疮、目赤、肿痛、胃脘、肢体微肿、胸满、气短、小便黄涩、身热
血热、经逆上行,,,生胬肉
浮翳,,,
过多,精气不足,,目昏、出血、目昏
去血过多、黑眼、花翳,血衰、肝虚,,眼疼
血翳、烂弦、云翳,,,羞明
头痛,,,眩晕、视物濛濛
月经不利、劳瘵、内障,,,
,,,皱襞、眼泪
结核,,,
,,,视物昏花
风障,,,头晕、目胀、呕吐
,,,
月经攻眼、月经先期、血热,气盛,,两眼赤、不痒稍疼
,,,两眼微红、头晕、羞明、视物昏蒙
胎病,,,头疼、目赤
,,,眼睑瘙痒、不红不疼、视力稍减
逆经、血块,,,出血、不疼、不痒
,,,皱襞、眼泪
,,,经水适至、两目昏暗
,,,
,,,
劳伤,,急促,性躁、钉翳、头脑、羞明
,,,
产后癥疽,,,
,,,面色青黄
产后风瘫初起、目眩、产瘫,,,手足痿弱、痰忡
胎毒,,,
痔漏、赤白带下,,,
瘰疬、痰疬、对口发背、乳痈、鱼口、肿毒、泻痢,,,臁疮、热疖、闪挫、伤损、哮吼、喘嗽
痫疾、涎潮搐搦、中风、小儿急慢惊风,,,语言謇涩、手足不遂
,,,发落稀黄
劳气、疟疾、泻痢、久痢、脱肛、脾虚、寒热、食伤、小肠气、赤白带下、血崩、血瘕、月事不匀、小儿急慢惊风,脾寒,,心腹积滞、脓血、咳嗽、目疾、心痛、气块、咳嗽、小便冷淋
溺血,,,
血热、吐血、衄血、呕血、妇人崩漏,阴虚内热,,便血、出血
无力,下元冷惫、诸虚不足,,脐腹疼痛、夜多小便、肢体倦怠、怔忪、恍惚、头昏、目运、面色黧黑、耳内蝉鸣、饮食减少、面黑
崩漏不止,元脏气虚、脏气不调,,脐腹刺痛、饮食减少、倦怠、嗜卧、血海久冷、带下赤白
,诸虚不足,,
颠倒、遗精、白浊、崩中带下、无子,,,衰弱、夜梦、血海久冷
虚损、不思饮食,,,肌体羸弱
血虚、霍乱、自汗、崩漏带下、不思饮食、伤寒、自汗,下元久虚,,腰疼、脚弱、伤冷、心腹疼痛、吐利、气急、小便频数、冲任不足、腹胁刺痛、手足厥冷、脉微
水气,脾气虚弱、中满,,四肢虚浮、通身浮肿
中暑、头痛、不思饮食、热崩、中暑,,,烦躁、发渴、口苦、舌干、血痢、不省人事
伤寒、盗汗、盗汗,,,
骨蒸、吐血,,,潮热
过多、无力,精气亏损,,失血、心神恍惚、不得睡眠、饮食全减、肌体瘦弱、怠堕倦乏、嗜卧、四肢痠痛
水气,,,肿满
疝气、小肠气、妇人血气,,,痛不可忍
痈疽、破伤风、血劳,,,发背、恶疮
妇人血气、产后败血,,,
经脉妄行、血崩,,,
血崩,,,脐腹(疒丂)痛
妇人血气、经候不行,,,作痛
产后败血、恶露不尽,,,喘满、昏晕、脐腹胀痛、烦躁、狂妄、神识昏闷
妇人血气、虚损、经候不调、月水过多、崩中带下,,,
产后恶露、寒热,,,脐腹刺痛
,,,血渴、饮水不止
,肝经不足,,头运、四肢懈倦、翕翕、气短、目视茫茫、耳鸣
崩中漏下、经脉不调、带下,冲任气虚,,渐减饮食、四肢乏力
,,,冷气、心脾刺痛
血闭,,,五心烦热
奶痈,,,作疼、毒气欲结
难产,,,
月水崩漏、淋沥,下焦虚冷,,脐腹疼痛、带下五色
血块、寒热,血积,,刺痛、腹胁痛、肌肉消瘦
劳伤、虚损、自汗、寒热,诸虚不足、内弱,饮食,四肢倦乏、肌肉消瘦、吐利
产后血运、恶露,,,喘满、烦热、脐腹疼痛、上冲闷乱
,冲任脉虚,,血海暴崩、淋漓不断
产后血运、恶露,,,脐腹疼痛
,,,小便不禁
难产,,,
产后恶露,,,脐腹撮痛
月水不通,气血虚寒,,脐腹胀满
妊娠腰痛、白浊,冲任脉虚、血海虚、寒湿,,小腹牵连、行步力弱
吹奶,,,肿痛
妊娠恶阻,,,心胸烦闷、头晕恶心、四肢昏倦、呕吐痰水、恶闻食气
妊娠胎脏受寒,,,腰腹疼痛
气逆,,下血,心腹疼痛、出痘动胎
无子,,,腰腹疼痛
产后虚烦渴躁、寒热,,,乳脉欲行、头昏
经候不通,血海虚,,冲任不和、结成坚块
崩漏不止,,,
产后诸疾、子死腹中、恶露不下、中风口噤、寒热、头痛,气满,,四肢浮肿、呕逆、心痛、小便不禁、气刺不定、虚烦冒闷
劳伤血气、白浊,胞络受寒,,脐腹疼痛、腰膝少力
胎动不安、恶露,,,腰腿疼重
产后血晕、恶露、胞衣不下,,,腰腹刺痛、喘满
无子、月水不调,,,脏腑不和、肢体消瘦
产后诸疾、血气,,,作痛
崩漏不止,,,日渐黄瘦
妊娠阻病、不思饮食,,,胸胁满闷、四肢烦热、心胸注闷、呕逆
胎风、胎痫,,,潮搐、目睛斜视、口眼牵引、牙关紧急
小儿胎风,,,诸痫、目睛斜视、涎潮壅噎、吐咽不下、口睛牵引、身体强直
胎惊、急慢惊风,,,腹肚坚硬、眠睡不安、夜多啼哭、目睛上视、手足抽掣、不省人事
小儿胎风、瘛疭,,,诸风、目睛上视、头项强直、牙关紧急、口吐涎沫、吐泻
胎风成痫,,,目睛斜视、身体强硬、昏塞
虚损、瘵疾、过伤、虚汗、赤白带下、无子,,,虚冷、筋骨羸瘦、脏腑虚滑、全不思食、呕逆酸水、腹胁胀满
带下、泻痢,,,虚冷
虚损、肠风、痔漏、八风五痹、无子、赤白带下、月经不调、血气,气不足,,面黑、耳焦、腰膝沉重、手足麻痹、筋骨拘挛、头目昏眩、饮食不进、精神恍惚、疲倦、多睡、劳疾、胎脏久冷、风冷
虚损、遗精失溺、子宫久寒、赤白带下,,,夜梦纷坛、大便滑泄、久利肌瘦
赤白带下、盗汗,诸虚百损,,虚惫、形体羸瘦、脏腑虚滑、脐腹久冷、子宫宿寒、心忪、精神憔悴
赤白带下、月候不调,,,血海久冷、脐腹刺痛
经候不调,,进饮食,腹胁多胀、刺痛
经候不调、妊娠不牢、无子、骨蒸,,,冲任、脉弱、日渐羸瘦、手足烦热
虚损、客热、拘急、寒热,血气亏伤,,冲任、或多或少、腹中(疒丂)痛、脏气不实、烦壅、咽燥舌干、心神忪悸、头目昏运、肢体倦怠、腰背引痛、带下赤白、饮食进退
经脉不调、崩漏,冲任气虚,,或多或少、腰疼、冷带
血虚、目眩、经脉不匀、心悸,,,足如履空、呕吐不食、多忧
虚损、月水崩下,,,淋漓不断、腰腹重痛
瘕癖、月候不调、产后褥劳,血海虚,,心腹胀痛、胸膈注闷、瘦瘁
心悸、虚热、经候不调,血海虚、气不升降,进饮食,恍惚、时多惊悸
,冲任不足,,子脏久寒、肢体烦疼、带下冷痛
,,,带下五色、瘦弱
月候不调,冲任虚弱,,来多不断、淋漓不止
月事不调,冲任本虚,,血海不足、不能流通经络
血虚,,,
崩漏带下,诸虚不足,,腹痛下利
风虚、月水不调、崩中暴下、淋沥、产后失血过多、妊娠胎动不安,,下血,劳损、冲任、腰重、里急、小便频数、肢体烦倦、头晕、不欲饮食
带下久虚、月水不调、崩漏、血虚、寒热、不思饮食,,,胞络伤败、面无颜色、腰腹急痛、肢体烦疼、心忪头运
经候不匀、崩漏不止、自汗、不思饮食,中满,,腰腿沉重、脐腹作痛、潮热往来、虚烦、气短、呕哕、肢体痠疼、日渐瘦弱
妇人血风、经脉不调、瘕癖,血海虚,,四肢疼痛、饮食减少、胸满恶心、日渐羸瘦、夜梦、多惊、气块
脾虚、月事不通、无力、寒热、产前伤冷、胎气不安、产后血虚,血弱、冲任不和,,腹胁刺痛、赤日带下、腰脚痠疼、上攻、多昏晕、多困少食、腹胁（？？）痛
月候过多、崩漏带下,血海虚,,腹胁(疒丂)痛
月水不行,血海虚,,脐腹疼痛、筋脉拘挛、劳疾
赤白带下、虚损,,,虚冷、小便膏淋
妇人血风、盗汗,,,劳倦、浑身疼痛
妇人血风,,,
拘急,,,腰膝疼痛、行步艰难
小肠气、妇人血气、疔疮,,,心腹冷疼、诸气发背
水泻、妇人血气,,,翻胃、膈气
半身不遂、拘急、不思饮食、霍乱,气血衰、脾气不和,,口面?斜、头目旋晕、痰涎壅盛、语言謇涩、行步艰辛、心忪、气短、鼻塞、头疼、心腹刺痛、少力、精神不爽、呕逆恶心、吐泻
崩中漏下、过多、久痢,,,痞块、攻刺心腹、下痢赤白、脏腑滑泄
,脾气虚,,脐下刺痛
心痛、气逆、中恶、蛊毒,,,元脏虚冷、胸膈痞闷、脐腹（疒丂）痛、气噎、虚鸣、呕吐酸水、泄利虚滑、气刺、逆冷、倦怠、少力、不美饮食、口苦、舌涩、呕逆恶心、喘满、小便频数、冷气
妇人血气,,,心腹疼痛
妇人血气,,,腹痛不食
中风、产后中风,,,左瘫右缓、手足軃曳、牙关紧急、口眼?斜、语言謇涩、瘙痒、顽痹、血脉不行
,,,左瘫右痪、口面眼?斜、遍身瘾疹、鼻塞、四肢顽麻、牙关紧急
风气、头痛、妇人血气、洗头风、破伤风,荣气虚,,左瘫右痪、手足麻痹、腰膝疼痛、面浮、舌干、头昏、目运、遍身疼痛
风虚、产后血虚,,,潮热、手足抽掣、背强、口噤、神识昏塞、涎盛、语涩、冒闷不醒
中风,,,口眼喎斜
中风,,,口眼喎斜
中风、半身不遂,,,涎潮不语、牙关紧急、口眼喎斜
伤风、风热、风毒、妇人血气,,,卒中不语、口眼?斜、左瘫右痪、头疼、肿痛、眩晕、浑身瘙痒、皮肤瘾疹、耳内蝉鸣、腰脚疼痛
中风、半身不遂、产后中风、风气,,,口眼?斜
,,,左瘫右痪、口眼喎斜、打扑伤损、筋骨疼痛、语言謇涩、行步艰难、鹤膝风
小儿停痰积热、热病、丹痧、痰热、赤白滞下、血热、月事不调、瘰疬、痰核、痄腮、乳蛾、喉疳、喉痹、喉癣、舌疳、重舌,,,大便不爽、斑疹、便闭、热疖
胎毒,内热,,口干、烦躁
火毒,,,
,,,
经水不调,,,忧郁内伤
胎毒、赤游丹毒,,,臀赤无皮、音哑鼻塞
,,,阴血衰少
遗精白浊、吐血、赤白带下、胎孕、痈疽、疔肿,精寒,,吐痰、腰胯疼痛、两腿酸辛、行步艰难、下无不固、小便频数、鼻衄、子宫冷痛、顽疮
遗精白浊、赤白带下、不孕,精寒,,腰胯疼痛、下元不固、小便频数、子宫冷痛
风气、寒热、走气、结核、痰核、小肠气、痈疽、痔漏、疔疮、瘰疬、便毒、肿毒、结毒,湿毒,,手足拘挛、骨节痠痛、麻木不仁、腰痛、胁痛、转筋、肚腹疼痛、九种心痛、发背、臁疮、牙痛
,,,拂意忧郁、乳内有核
阴疮、中虚,,,脚上生疮、肿痛作痒、脓水淋漓、体倦
囊痈、下疳、悬痈、妇人阴疮、下疳,肝经湿热、湿热,,作痛、小便涩滞、痒痛、阴挺、肿胀、出脓水、肿痛尿涩、痒痛
阴疮,,,
痈疽,湿毒,,臁疮、臭腐不堪、流火、疮疖
烂腿,,,
烂腿,,,
痈疽、疱疹,,,
寒痰、腮痈、腋痈、乳痈、乳疽、乳吹、瘰疬,,,流痰、湿痰、喉痰
脚气、厥逆,,,搐搦拘挛、心中跳动、面青
脚气,,,两胁作胀、腿脚痠痛
,脾胃失调,,饮食不进、面目痿黄、消瘦
脚气、风寒,,,腰腿痠疼
心悸,肝脾不足,,血少、怔仲
阴疮,,,
下疳,,,
阴疝,,,
,,,
,,,
下疳,,,
伤寒、头痛、自汗、中风、小儿急慢惊风、产后瘀血、经水不调、霍乱、痰结、头痛、痢疾、痈疽、疔疮,,,发热、身冷、口眼歪斜、作痛、赤带、吐泻、蛊胀、久嗽
痈疽发背、症瘕,,,五劳七伤、筋骨疼痛、跌打损伤
胎毒、蓐疮,,,生疮
胎毒、下疳,,,
胎毒、重舌、木舌、骨蒸、火眼、火证,风热,,口噤、脐风、马牙鹅口、壮热、夜啼
风癣、胎毒、疥癣,,,两眉生疮、遍身瘙痒、脓水淋漓
,,,面上雀斑、粉刺
,,,赤眼
产后诸疾、瘀血,实邪,,胀痛
寒热,气血亏损,,胸闷、食少、头身作痛、呕吐黄水、口苦、粘腻、胁痛、遍身麻木、倦怠、神昏、口淡作干、烦热不寐
风痰、胎毒、痰阻,,,壅盛、发热、咳喘、惊搐
气阻、头痛,,,神昏、口渴、胸胀、身麻、烧热、谵语、眩晕、腹中停瘀作痛
产后虚损,,,烦渴
食伤,,,肠寒便白、积滞
,,,
无力、阳痿、遗精、早泄、耳聋、带下病、流产,肝肾不足,,腰膝酸痛、小便频数、尿有余沥、头晕眼花、视物不清、耳鸣
滑精、遗精、遗尿、脾虚、久泻、子宫脱垂,,,小便频数
盗汗、结核,肾阴不足、阴虚内热、肺虚,,津少、口干、干咳、少痰、痰中带血
心悸、自汗、盗汗、脾虚,心气不足,,怔忡、不安、脏躁
脾虚、贫血、产后乳汁不足,,,肺燥干咳、少痰
阳萎、无力、风寒湿痹、痛经,肾阳不足、脾阳不振、寒湿,,畏寒、四肢发凉、脘腹冷痛、饮食减少、大便稀薄、肠鸣、腹胀、消化不良、腰痛
黄疸,湿热,,大便带血
食积、产后瘀血、恶露不尽、月经过期不通、痛经,,,便泻、乳食不消、心绞痛
目眩、遗精、遗尿、肾虚,,,肝肾不足、头晕、耳鸣、腰痠、小便频数、虚汗不止
月经不调、经行腹痛、症瘕,,,色黑、不多、色淡、腥臭、结块、白淫赤带、痞块、乳岩
崩漏、经乱,,补气,
,气血不足,,恶心呕吐、饮食少进
,,,困弱、腹重、贪睡、饮食无味、腹中膨胀
子疟、寒热,,,患疟、热多寒少、口苦、舌干、大便闭涩、脉弦
客热,,,心痛
食毒,,,
子晕、血虚,,,眩晕
难产,,,
妊娠阴痒,,,
妊娠中寒,风邪,,手足厥冷
风寒,,,过食生冷、痰喘、气紧、夜卧不安
妊娠吐衄,,,
妊娠血虚、胎动腰痛,肾亏,,腰痛
,,下血,腹痛不可忍
子嗽,火盛,,
胎儿不安,热积,,手足乱动、上攻
血热、衄血,,,
,,,
,,,系弱、尿闭
妊娠胎漏、血虚,,,
,,,
消渴,火盛,,血少
妊娠子肿,湿热,,
妊娠子烦,,,寸脉微弱
,,,堕胎
胎动不安、子嗽,,,咳嗽、五心烦热
神不安,,,怔忡
不思饮食,内热,,体倦、腰腿酸痛、白带淋漓、小便频数
滑胎、妊娠,,,
胎气不安、气逆,,,气喘
妊娠恶阻,,,腹中疼痛
劳力、胎不安,,,
妊娠恶阻、食停,,,胸膈胀闷
头痛,,,口苦、脚弱、肿急
,,,阴肿
,,,胀闷
妊娠心痛,,,
虚热,,,燥渴、烦热作渴、饮食如常
,,,
妊娠腹痛,,,热痛、脉数
,,,手足厥冷
胎萎不长,气虚,,
子悬,,,胀满疼痛不安
子悬、妊娠,脾郁,,胀满疼痛不安
恶阻,痰盛,,饮食不甘、呕吐不止、体肥
,脾胃气虚,,作痛
,,,燥渴、口干
胎漏,下虚,,
血虚、胎萎,,,
,,,泄泻、不渴、小便清白
胎漏,,,成片
妊娠恶阻、痰涎壅滞,,,
无力,,,血少、不能养胎
妊娠、子悬、脾虚,,,胀满疼痛
胎漏,,,
先经半产,,,
吐血、衄血,,,肝经怒火
妊娠泄泻,内热,,小便赤涩
妊娠口痛、口舌无疮,,,咽喉肿痛
,,,燥渴、咽间作痛
子疟、寒热,,,患疟
风寒,,,咽痛
不思饮食,,,恶心呕吐
子悬、妊娠,火盛,,心胸胀满
小产,,,
,,,体弱、堕胎
妊娠胎漏、漏血,,,
妊娠伤食,,,胸满、胁痛
,,,大肠经涩、大便虚急
,,,交骨不开
难产、难产,,,产路干涩
,气血两虚,,色紫
,肝虚火炎,,狂乱、出血
,,,
,,,乳少、饮食减少
过多、虚热,,,失血、目暗、神昏、手足厥冷
难产,,,
胎不安,,,
胎不安,,,
,,,手足倦卧、气喘、恶心腹痛
,,,热泻、小便不利、口渴
,,,大喘、大汗
产后血晕,,,口噤、神昏、气冷
胞衣不下,,,
消渴,,,饮水不止
盘肠产,,,
手足搐搦、头痛,,,
产后恶露不止、产后血虚、闭结,火燥,,
难产,,,
寒毒,,,手足青、遍身黑、心下痛
难产,,,
妇人经水不调,,,不能受孕
魃病、胎妊、魃病,,,黄瘦骨立、精神不爽、身体痿瘁
小产、难产、产后诸证,,,
不孕,气郁,,
经脉不通、寒热、头痛,,,面色青黄、饮食不思、眩晕、腹中结块、烦闷呕吐、膨胀
月经或前或后、不思饮食、经闭不行,脾土不胜,,过食生冷
经闭、月水不行、目眩,,,腹中结块、五心烦热、头昏、咳嗽、痰喘
血虚,,,多下赤带
,,,血涩不行、脐腹绞痛
经脉不通、寒热、头痛,脾胃虚弱,,气血不行、面色青黄、饮食不思、眩晕、腹中结块、烦闷呕吐、膨胀
,气虚,,
崩漏初起,,,
经闭、月经先期、血热,血枯、血枯,暖宫,冲任伤损、冲任
寒热,,,发热、身体不宁、口苦、面赤、头目晕花
血虚、劳伤、血块、血虚、劳伤,经脉不和,,夜热、饮食不思
经闭,气虚、痰盛、气虚,,形盛、多痰、生痰
崩久不止,,,
经脉不调、无力,血海虚,,腰腹疼痛、鱼脑、米泔、信期不定、淋漓不止、面色青黄、头昏眼花
月经过期,脾胃虚弱,,食少
,痰饮,,潮热、误食生冷、心腹胀满、气升上膈、饮食不思、结块
月经不调,,,血少、形瘦多热
,,,
,气血衰弱,,形瘦经少
,,,败血冲心、闷乱、喘汗
胎风,,,
,,,眼疾
血虚、自汗、月经不调,,,郁怒伤肝、眼目赤涩、发热、口干
恶露不下,,,面色黄白
,,,遍身洪肿
转胞,,,
,气衰,,眩晕、口噤
经水或前或后、目眩,脉虚,,眼花、腰膝痠痛、两尺沉微
血崩,,,
闭塞、经水不调,,,不能成胎
经闭,血亏,,
妊娠胎动不安,,养血,
外感风寒,,,
产后浮肿,,,
产后血晕、恶露,,,
月经不调、瘰疬,,,
血块,,,
,,,五劳七伤
劳伤,气血不足、阴阳不和、诸虚百损,,作寒作热、心腹疼痛
瘵疾,,,恶寒发热、久不愈
胎动不安、胎漏,,,
,,,呕吐恶心
女人血痕,,,惊积、发热、瘦弱
痈疽、疔疮、瘰疬、肿毒、疥癣、风疹、癞疮、喉闭、喉风、风赤眼、口疮、脚气、中风、破伤风、头痛、霍乱、白痢疾、脱肛、肠风、痔漏、小肠疝气、消渴、耳聋、阳痿、遗精、白浊、阴痿、赤白带下、月经不通、产后诸疾、痘疹、急慢惊风,,,发背、搔痒、肿块、疮疖、肿块、牙疳、牙龈出血、腰腿、穿心疼痛、左瘫右痪、口眼歪邪、语言不正、冷积攻心、心痛、反胃噎食、呕吐酸水脓血、舌胀、酒积、吐泻、大小便不通、脓血、诸淋、五劳七伤、耳鸣、咳嗽、唾血、胸膈不利、气喘、单腹蛊胀、瘦弱、子宫冷闭、打扑伤损
,,,
虚损、久不孕育,诸虚百损,,五劳七伤
,气血不足、诸虚百损、痰凝气滞,,风湿、眼目昏花、腰疼、头晕、便浊不利、赤白淋涩
无子、血虚、不能孕育,,,
妒精阴疮,,,
无子、经水不调,,,七情所伤、不能受孕
赤白带下,气虚弱,,子宫虚冷
,,,乳岩
阳萎不举、赤白带下、月水不调、不孕,阴阳亏虚,,肚冷、脐痛
产后虚羸、劳热、吐血、盗汗,,,久咳、潮热
小儿胎寒,,,
胎惊,,,
,,,气欲绝
妊娠恶阻,,,呕吐、不食
劳证、虚热,,,痰中带血
乳痈、痈疽,,,
,,,潮涌、不可抑遏
胎毒,,,
,,,出痘、腰痛
经水过期、气逆,,,性急、血少
经水如黄浆汁,脾湿,,心中嘈杂
产后腹痛,,,
,,,偏坠、小水不利
产后寒气,,,小腹疼痛
,,,
胎动不安,,,
产后儿枕,,,
,,下血,
,,,发斑、小便如血
,,,语言不清、怔忡
,虚劳,,发热
产后血虚、头痛,,,
产后伤血病、金疮、过多,,,
恶露不下,,,
,内热,,心神不宁
,气血两虚,,四肢乏力
,阴虚,,发喘
,血瘀,,小腹满、身尽黄、额上黑、足下热、大便黑
恶露、瘀血,,,气喘鼻掀、头汗
恶露,,,瘀血冲心、头眩、神昏、不能语言
恶露、瘀血,,,胸脘痞满
子烦,,,心脾壅热、咽膈渴苦、烦闷、多惊、脉软数
痈疽、肿毒、血热、乳痈,,,疮疖
血虚、寒热,,进饮食,气喘、骨节疼痛、生血肌疮
,诸虚不足,,
月水不行、自汗,,,发热、腹满、身体疼痛、瘦淬食少
劳瘵、癥癖、黄疸、水气、骨蒸、半身不遂、经闭阻滞、不思饮食,血气冲心,,尸虫作痛、面目羸瘦、五心烦热、心腹胀满、气块、呕逆、四肢沉重、上气、两胁膨胀、背连腰痛、五淋五痔、眉毛脱落、燥痒、常如虫行、手足烦热、夜卧惊悸、梦与鬼交、尸虫鬼疰、血脉不通、羸瘦憔悴
胎黄、胎热,,,
经候不调、血气、崩漏带下、癥瘕,,,刺痛、腹胁膨胀、头晕恶心、便血
产后蓐劳、自汗,,,发热、肢体痛
吐血、产后血运、火蒸,阴虚,,咳血、久嗽
经水后期,气虚、痰滞,,体肥
不能孕育,,,肥盛、痰盛
妊娠伤寒,阳明本虚,,
经水不调、带下、漏血,气血两亏,,腰痠、腿痛、四肢倦怠、气促、头眩、手足冰冷
经水过多,,,
,,,喘嗽、痰中有血、七情内伤、虚热上炎、咳嗽喘急、口干声哑、痰中带血、潮热
自汗,,,身热、短气、倦怠、懒食
耳聋,火盛、湿热,,胁痛、口苦、目赤、耳肿、阴肿、阴痒、小便淋浊、尿血
经水不调,气滞,,肢节酸痛、腰痛、心摇神怯、晕眩
,,,
产后腹胀暴肿、瘀血、恶露不尽、寒闭,,,
,,,流注、漫肿、结块
产后泄泻,脾胃虚弱、血瘀,,泄泻
血虚,,,汗多、口噤咬牙、角弓反张
,郁冒,,身热
盗汗,,,
,,,遍身肢节疼痛
,,,
,,,
,,,大便结闭
产后败血,,,
,,,肿胀、腹满
,,,腹满而胀
,,,
自汗,,,
产后败血,,,面赤、呕逆、喘急欲死
,,,里急后重
,热入血室,,经水适来
血虚、子痫,受风,,口噤、角弓反张、不省人事、痰涎上潮
赤白带下,,,
经水先来、寒热,受热邪,,身热
乳痈,,,
妊娠下痢,气滞,,里急后重、少腹疼痛
,,,患疟
经漏,,,
子痢,气滞,,里急后重、少腹（？？）痛
难产,,,
白淋,,,白淫
内痈,,,
,热入血室,,
,火旺,,大便不通
,,,出痘
妊娠腹痛,,,
胞衣不下,,,
阳事不举、久不孕育,下元虚冷,,劳损、精神短少、须发早白、步履艰难
妊娠子痫、厥逆,阴虚,,
转胞,,,不得小便
,,,心胸闷乱、口干、舌燥、精神恍惚、癫狂
寒热、胎产,,,转筋、呕吐泄泻、倦怠、嗜卧、小便赤涩、中酒
,,,
痰涎壅滞,,,头目昏眩、肌肤不遂、手足缓弱、心忡、气短、行步不正
肾虚、月候不匀、赤白崩漏,脾胃停寒、血海虚,,腹痛泄泻、脐腹(疒丂)痛
劳伤、虚损、月信不匀、产后产前诸病,诸虚百损、阴盛、阳虚,,久衰、下寒阴汗、中脘停痰、心腹痞闷、呕哕、减食、困倦、泄泻、肠滑
产后血气不顺疼痛,,,诸气刺痛
无力、痃癖、不思饮食、风湿气痹、霍乱、气逆、气痢、小肠疝气、月事不行,下元虚冷、脾胃不和,,五劳七伤、腰滞腿疼、筋骨软弱、心胸胀满、呕逆恶心、恶闻食气、气块、脐腹胀满、面黄肌瘦、身体倦怠、转筋、上吐下泻、翻胃吐食、脐腹疼痛
癥瘕、食积、肉积、水气、痰壅、妇人血气,,,结块、酒积、胃冷吐食、噎塞、气急、腹肚疼痛
衄血、吐血、衄血、衄血,阴虚,,心神烦闷、错经妄行、月信不止
崩中下血、经水沸溢,,,
产后败血、小儿疳、霍乱,经络不行,,肚胀、脚肿、吐泻、元气发动
难产、胎死不下,,,胎脏干涩
胞衣不下,,,恶滞
血晕,,,不省人事、脉理衰微、精神困倦、心胸痞闷、眼晕、口噤、面青发直
,,,行动气急
难产,,,血昏、呕逆、不省人事、恶血不行、小便秘涩
产难,,,
生产不利、死胎不下,,,横生倒生
难产,,,
难产,,,
,,,腰腹痛急
,,,腰腹坠痛、不可胜任
,血道凝滞,催生,
难产,,,
小肠风,,,冷气
妊娠伤寒,,,心腹上气、焦渴不止、食饮不下、腰疼、体重
妊娠伤寒、胎损、死胎,,,心闷绝、上气不停
死胎、无力,,,头面两眼并肿、脚胫细瘦、胸背疼闷、肚肿、脐下痛、食饮不多、大便不通、小便赤涩、身体枯悴
妊娠胎动,,,壅热、呕吐、不下食、心烦躁闷
漏下,,,心烦、口干
胎漏,,,
胎漏,,,
漏胎,,,
漏胎,,,
,,,脚肿
感风恶寒,,,头疼、腹疼、腰脚疼、四肢浮肿
妊娠疟疾、疟疾,,,
心腹痛,,,
,,,胸腹痞闷
难产、子烦、妊娠胎动不安,,,
妊娠胎动不安,,下血,
妊娠子淋,,,
,气血虚羸,,五脏不利、发热、憎寒、唇青、面白、筋脉拘挛、骨节痠痛、皮毛干涩、上气喘急、两胁刺痛、大便不通、呕吐频频
头痛,,,失明、目晕、项腮肿满、眼带
难产,,,心气壅、手足浮肿、急痛不安
头痛,,,烦热、口干、心躁、四肢烦疼、不得安卧
产后血气不和,,,脐腹块硬疼痛
产后血气虚冷,,,腰腹大痛、便痢、脓血
产后赤白痢,,,脐肚痛不可忍、不可下食
产后赤白痢,,,脐肚痛、不下食
产后虚损、乳汁不下,,,
产后蓐劳,,,乍寒乍热
产后乳汁不下,,,闭闷妨痛
产后血瘕、儿枕痛,,,
产后虚羸、无力、伤风,血气不调,,腹肚冷、头疼
产后虚劳、血气不调、血晕,,,腹肚结痛、昏愦、心烦躁、不多下食
瘀血、血结、虚损、无力,,,
产后赤白痢,,,脐腰痛
,,,肚痒
血气不调,,,癖块、疼痛不可忍
产后败血,,,胁肋痛
产后头痛、血虚,,,痰癖
产后恶血上行、过多、血晕,,,心痛、不省人事、恶血
产后血晕,,,
,,,
难产、儿枕痛、恶露不下、血晕、伤寒、血风,,,血风抽掣、不识人、四肢浮肿
血虚、中风,,,
产后血虚,,,
产后败血、闭塞,,,上干于心、舌强、不语、言语不正、癫狂
,,,
产后腹痛、胎衣不下、失音不语、寒热、产后中风,,,眼见黑花、发狂、如见鬼状、心胸胀满、水谷不化、口干、烦渴、口内生疮、咽喉肿痛、心中忪悸、夜不得睡、角弓反张、面赤、牙关紧急、崩中如豚肝、脐腹(疒丂)痛、烦躁悸惚、四肢肿满、受胎不稳、唇口指甲青黑
,,,
风湿脚气,,,
半身不遂,,,卒中不省、脚腿麻痹
风寒、三气不调,,,夜痛
风证,,,
瘫痪、中风、洗头风、惊痫、产前产后血气不调,,,吐涎、骨节疼痛
,,,头风、呕逆
中风、拘急、肾风、妇人血风、霍乱,,,口眼?斜、神昏涎堵、肢体顽痹、头目旋运、呕逆恶心、皮肤瘙痒、偏正头疼、声重、鼻渊、吐泻、手足厥冷、潮搐、昏乱不省、诸风
诸风偏枯、风痫、黄疸、疟疾、风痹,,,五癞、眉发退落、肢体顽痹、五噎、五膈、九种心痛、痞闷、五邪失心、气块、水肿、脐腹痛
破伤风、急头风,,,
半身不遂,,,左瘫右痪、口眼?斜、卒中涎盛、口噤、不语、手足颤掉、顽麻
,,,壮热
小儿急慢惊风、心痫,,,夜啼不安、吐乳
赤白带下,,,
月水不止,,,
赤白带下,,,
绝孕、阴毒、伤寒,,,带下赤白
崩漏、赤白带下、肾虚,血海虚,,脐腹(疒丂)痛、下元久弱
妇人血气,,,月信不来、日渐羸瘦
妇人血气、赤白带下、疝气,,,腰腹疼冷、气痛、心疼
带下,,,
月经不调,,,
经脉不行,,,
血崩,,,
血瘕,经血凝滞,,脐腹腰背疼痛
过多,,,
赤白带下,,,
妇人血气,,,心痛
,,,
妇人血气,,,疼痛不可忍
妇人血气,,,
,,,上逆作痛、胸膈满闷
,,,腹内胀、月候不行
,,,腹中常痛、上下不定
,气血凝滞,,脚疼、腰痛、发热
,,,腹中常痛
,气滞,,两胁痛、胸背
,,,胸膈
,,,大便秘结
淋沥,,,小腹痛
血虚,,,疼痛不可忍
干血气,,,
妇人血气,,,肠胃刺痛
心腹痛,气冲上,,不省人事、咳嗽、两胁积血、成片
,,,
诸般崩漏,,,发热
白崩漏,,,脐腹痛、窘迫后重、大便冷
天行疟病、心下痞、气逆,,,潮热、小便涩秘不通
虚损、月水不调、寒热、自汗,,,脐腹(疒丂)痛、口干、烦渴
产前产后,,,
血气,,,
脾虚、风热,血弱、气不升降,,牙疼、颊肿
血风,,,烦热
,,,四肢痛
,,,
寒热,,,
,,,
产后诸疾,,,
胎气不安、胎漏下血,,进饮食,多卧少起、下黄赤汁、腰腹痛重
经候不调、室女血弱,阴虚,,月水湛浊、刺痛
血虚,气弱、血海虚,,肌肉不长、形容瘦瘁
血气、产后诸疾,,,
暴露、自汗,,,羸弱、少气
月经伤冷血,,,时呕吐
黄疽、经水不调,,,
妇人血寒,,,战慄
中风口噤,,,角弓反张、手足軃曳
风寒,,,塞噎
血病,,,
乳痈、痈疽发背,,,恶疮、打扑伤损
寒热,,,下痢赤白
,,,下痢赤白
失音,肺感风邪,,
风寒、血块、血劳、经血不通、失音,,,咳嗽痰涎、喘不安、寒嗽传脾、吐痰涎
,肝虚、痰饮,,头晕眼花、不得起止、心中欲吐
妇人经水不调、气痞、血块,,,肚腹作疼
头痛,,,睛痛
,,,
肠气,,,少腹痛
痃癖,,,
痃癖,,,
产前产后泻痢,,,
,体虚、风湿,,麻痹不仁、眼花
月事不来,,,
,,,诸热
蓄热、骨蒸、经脉不行,,,腹内闷、瘦劳肌热
血风,,,手足疼痛
中风、风壅、无力、脚气、虚损、无力、无子、无力、大肠闭、脚气、中风、溺阻、肠风下血、中风、瘫痪,气滞、津伤,,大便秘涩、身体羸瘦、腰膝冷痛、虚痒、大肠涩滞、上热下冷、腰脚疼痛、多睡、少食、口苦、憎寒毛耸、气块、寒疟、吐逆、劳疾、百节痠疼、遍身虚痒、脉来浮数
气痛,,,
妇人血气,,,心痛
妇人血气,,,
,风湿,,酒湿、腰腿疼痛
小肠气、盘肠气,寒湿,,
瘟疫、头痛、拘尽,阴阳两感,,壮热、憎寒、急痛
胎赤风赤眼,,,
中阻、霍乱、过伤、妊娠饮食停滞,脾胃不和、湿滞、胃寒,下血,脘腹胀满、食少、口淡、呕哕、嗳气、吞酸、大便泄泻、肢体困重、胁肋胀满、刺痛、口苦、胸满、短气、面色萎黄、肌体瘦弱、怠惰嗜卧、膈气、两足浮肿、皱脚、肠鸣、呕吐、米谷不化、肚腹作痛、山岚瘴雾
阴毒,,,
脾虚、霍乱、五疳、食癖、奶胎疟、血块,,,胃脘停寒、心下坚满、二胁胀痛、吐泻、中酒、痰逆、蛔虫上攻、潮热、食疟
淋沥、伤寒、肠风、伤寒、疟疾、米谷不消、酒疸、食劳、水气、蛊毒、衄血、痄腮、口疮、疥癣、产后恶血冲心、崩漏不止、赤白带下、血经、瘀闭,脾胃不和,,饮食减少、心腹绞痛、反胃吐食、痰涎、喘嗽、大小便不通、痔痿、滑泻、遍身黄肿、五脏积热、喉闭、九种心痛、口燥舌干、四肢困倦、面色萎黄
中风、瘫痪、妇人血风、走注,,,闪肭、口眼?斜
无力、不思饮食,,,打扑损伤、腰脚疼痛、手足顽麻、膝劳背冷、下无虚冷、小便较多、上喘、咳嗽、心腹闭闷、酒肿
肠脏风、血崩,,,小便出血、淋涩
,体虚,,
,,,阴汗、湿冷
,,,
中风,,,
半身不遂、痈疽发背、疔肿、风寒、白痢疾、头痛、瘰疬、死胎、胞衣不下,,,左瘫右痪、口眼?斜、恶疮、打扑损伤、咳嗽喘急、痰涎壅盛、心脾疼痛、眼目赤障、耳鸣、牙痛、鹤膝
痈疽、瘰疬、诸痿疮、疥疮、妇人血气、赤白带下、吐血,,,腰膝疼痛、咽喉肿
痈疽肿、漏疮、疬子疮、血毒、漆疮、疳疮、水毒、疥癣、吹奶、月水不调,,,恶疮、冷痹、牙肿、打扑骨折、疮疖、臁疮、产后余血、脐腹刺痛
劳瘵、风壅、风痰、十膈五噎、脏痞、食积、肠风、痔漏、疥癞、痃癖、瘕聚、水气、疟疾、瘀血、女经不调、赤白带下、血气、鬼胎、血崩、小儿癫痫、五疳,气盛,,五劳七伤、山岚瘴气、心腹疼痛、传尸、冷热、咳嗽、翻胃吐食、诸风、诸气、酒积、小肠五疝、气块、宿食不消、腹胁、蛊肿
阴疮,,,
痈肿、奶疽,血气不和,,不热、挛痹
,,,脏腑滑泄
白浊,诸虚百损、精虚,,血少、筋骨痿弱、面色黧黑、耳鸣、气短、目视昏花、腰脊疼痛、足膝痠弱、步履艰难、小便频数
疝气、产后诸疾,血海虚,,虚惫、衰弱、夜多小便、膀胱积滞、脐下疼痛、遗泄、精神恍惚、眼暗、耳鸣、腰膝生痠、困乏、齿牙浮动、面色无光、心腹冷疼、四肢瘦弱
疝气、耳聋、肾虚、寒湿脚气、半身不遂、子宫久冷、无孕、赤白带下,气血衰、气血衰,,五劳七伤、髭鬓早白、面色萎黄、腰膝疼痛
盗汗、疝气、月水不调、崩漏带下,诸虚百损、气衰,,五劳七伤、喘嗽、腰膝麻痹、腹肋胀满、阴气不行、精骨不固、夜梦鬼交、小便淋涩、阴汗、奔豚、血海久冷、脐腹疼痛
耳聋、遗精、白浊、盗汗、阳事不举、风气、虚损,诸虚百损,,五劳七伤、怯冷、心神恍惚、虚惫、目昏、唇焦口燥、四肢倦怠、百节痠疼、面色黧黑、腰脚沉重、肢体羸瘦、行步艰辛、小腹坚硬、湿痒、两胁胀满、手臂麻疼、不能动举、夜梦、小便滑数、神思不定、虚汗、手足不遂、痰涎壅塞、语言不出、事多健忘
风壅、咯血、无力、酒疸、骨蒸肺痿、寒热、中暑疟疾、肠风、痔瘘、消渴、消风癥瘕、血块、炊毒、疔疮、不服水土、热证、赤白带下、崩漏下血,,,呕吐酸水、痰涎不利、头目不清、转筋、小便浑浊、米谷不化、下痢、脓血、大便闭、口舌生疮、涕唾稠粘、咳嗽、尿血、膨胀满闷、手足瘦弱、面色姜黄、食黄、宿食不消、口舌烦渴、发痛、疮肿
久不成胎、阳事不举,,,五劳七伤、骨疲、日渐羸弱、精神怯弱、发鬓俱白、行步艰难、左瘫右痪
子宫久冷、无孕、赤白带下,下焦虚寒、气衰,,
,,,腰膝痛、脐腹冷痛
脾虚、劳损、口疮、妇人血气,诸虚百损、气衰,,泄泻、久作滑肠、瘦困减食、不生肌肉、燥渴、劳伤、少食、体无光泽、少力
,,,久冷
,,喘促,咳嗽
水气、月露经隔不通、难产、子死腹中、赤白带下、血气不通、惊风、疳疾、痔漏、赤白痢、中毒、霍乱,风邪,,绕脐绞痛、翻胃、噎塞、吐逆、饮食不下、或多或少、腹内怀孕、腹内生疮、堕胎、血脓、腹痛、血痢、寸白虫、咳嗽、大便不通
赤白带浊,,,
血崩、衄血,,,失血、便血
,,,子宫下脱
,,,骨节痠软
感冒,,,
瘟疫、感冒、霍乱、痢疾、疟疾、小儿惊风、产后恶露不尽,,,转筋、心腹饱胀、伤食胃痛
经水不调,,,不能受孕
肠风下血、脱肛,,,
劳伤、遗精带浊,,,形体羸乏、腰背疼痛
劳伤血风、脚气,,,骨节皮肤疼痛
难产、经闭,气血不足、寒滞、阴虚,,食减、胞宫虚冷、痘疮
吐血、咯血、崩淋,,,咳血、便血
阴疮,,,
,,,
症瘕,血滞、血积,,上逆攻冲、心腹绞痛、羸瘦、腹胁块硬、久带久淋
产后肠痈、寒热,,,脉来滑数、腹疼牵钓腿足
,气血不足,,胎系不固
偶感风寒、拘急,,,身热
,,,
恶露,,,骨节烦疼、发热、头重、胸闷、气微、四肢不举
结核,肝经郁火,,
,气血不足,,堕胎
带下,气脉气不足,,经脉渐少、饮食不甘
半产,,,胎元不固
,,,体弱
久淋、遗精,,,梦与鬼交
经水过多、盗汗,阴虚,,潮热、眩晕、燥渴
阴疮,,,
阳萎,,,精衰、不能生育、精滑不摄
带下,,,清腥如水
内吹、寒热,肝胃热邪壅滞,,热肿
,气血不足,,胞宫虚冷、精滑、不能受孕
,,,
中风、寒热,火盛、热入血室,,夜则谵妄
,,,
白浊带下,湿热,,
,,,营血不足、惊悸健忘、发热、食少无味、体倦肌瘦、遍体浮肿
火眼、耳聋、白癜风、紫癜风、小儿疳、头痛、中风,血瘀,,牙疳、刺痛
产后抽风,,,两目天吊、口角流涎、项背反张、昏沉不省人事
崩漏、小产、瘀血、痛经、盆腔炎,气足、冲任虚寒,,少腹积块疼痛、少腹胀满、少腹疼痛、粉红、饮食不减
,,,
难产,,,
带下虚脱,,,
妊娠,,,心腹疼痛
胎气不安,,,饮食不喜
,,,腰胀
胎干、产难,,,急痛
崩漏,,,
中风、中恶、疫毒、痔毒、蛊毒、产后血晕、鼻血、难产、死胎不下,,,不语、气绝、恶血攻心、烦躁、气喘、吐逆、闷乱、心肺积热、呕吐、神魂恍惚、头目昏眩、眠睡不安、唇口干燥、谵语
癥瘕不散,气血虚羸、子宫虚寒,,
虚热,,,胎系不固
经阻、月经过期,气滞,,色淡、有痰
死胎不下、产后血瘀腹痛、头痛,血上冲心,,横生倒产、发热
血气,,,
去血过多、血虚,气热、气虚,,肝筋缓弛、两乳细小、痛不可忍
不孕,虚寒,,脉软弱
去血过多,,,筋无血养、挛急、发痉、脉浮软
漏胎,,,
中风,,,痰涌口噤、脉滑
鬼胎,,,
,,,脉浮数大
气淋,,,脉沉
,脉虚,,
鬼胎,,,脉无常候
,,,心痛、脉沉、弦紧
,,,腰痛、脉浮
,,,脉洪滑疾
,,,脉微滑
胎死腹中,脉滞,,
,,,脉浮数
,,,脉滑
,脉虚,,尿血
,,,心气疼痛、脉迟
胎热,,,红痢、胎孕不安、脉弦数
,,,心膈热痛、脉数
,,,二便不通、脉数
感冒,,,大便秘结、脉浮
,,,大便秘结、脉沉实大
,,,吐泻、垂脱
赤白痢,脉虚,,
,,,腹痛、脉弦
,,,小腹痛、脉弦细
,,,大便不通、脉涩
,脉虚,,腹中卒痛
妊娠血虚,阳热、脉虚,,下痢、脓血、胎孕不安
,血亏,,眩晕卒仆、胎孕不安、脉数急
,,,肿胀、喘急、脉沉滑
妊娠伤寒、胎动不安,湿热,,火郁、不解、斑发青紫、脉数弦大
转胞,,,脉沉数
溺血,脉虚,,
,,,脉大滑疾
,,,顽痹、脉浮
,脉虚,,心神烦热、咯出血
妊娠恶阻、气逆,,,脉滞沉数
,,,心痛、闷绝、脉沉微数
白痢下,胃虚、寒滞,,脉弦
血热,湿热,,血不归经、尿血、胎孕不安、脉弦涩
,,,脉滑、疾按
,,,脉洪滑疾、两关弦涩
,,,脉洪滑疾、两关弦涩
中风,,,口眼歪斜、脉浮
胎热,,,气壅、腹满、脉洪滑疾、按久软涩
溺血,脉虚,,
,,,寒多热少、脉弦浮涩
吐血、衄血,,,脉软数
,脉虚,,尿血
淋沥,,,
,脉虚,,
卒中风,,,不语、脉浮数
,,,小腹疼痛、脉弦紧数
,,,小便不通、脉数
淋沥,,,脉数
淋沥,,,脉沉数
,,,脉滑
吐血,,,唾血、脉弦虚数
伤寒,,,
,,,漏脉发热、脉浮
感冒,,,吐泻、脉浮
,,,饮食不消、脉软涩
,,,脉浮缓
虫积,,,心痛、脉缓
赤白痢,,,脉紧
,,,淋痛、脉微
妊娠黄肿,,,脉细数
产逆胎死,,,脉沉
难产,,,脉微
产难,,,脉濡涩
胎死腹中,,,小腹重坠、脉紧细
,胃虚,,困乏、脉软涩
产难、胞阻,,,脉浮数
,,,脐腹（？？）痛、小腹重坠、脉数涩
,湿热、湿热,,脉缓涩
,血亏、冲脉不足,,痰多、气喘、咳嗽经愆、脉弦滑尺
子鼻衄、血走,阳虚,,脉细数
劳伤、崩漏腹痛,风邪,,冲任不调、脉弦浮数
阴疮,,,淋漓、脉数
崩漏,气血两亏,,脉软弦微
,,,阴漫肿、脉弦
崩漏,脉虚,,
,,,阴痒、脉弦虚数
不孕,,,阴内冰冷、脉细
不孕,,,血海久冷、脉细涩
不孕,脉虚,,脐腹疼痛
不孕,,,血海久冷、脉细涩
,,,
不孕,脉虚,,
不孕,,,脉软弦涩
血虚、不孕,,,脉数、濡弦微涩
经候过期、不孕,,,脉迟涩
血虚、不孕,,,脉弦缓涩
不孕,冲任两虚、脉虚,,
不孕,湿闭,,脉弦缓
,,,七疝、脉弦涩滞
,冲任两虚、气血不足、寒邪,,脉紧细
产后瘈疭,,,脉弦数
产后败血、淋沥,,,脉涩滞
,,,筋脉拘挛、脉浮、弦涩
,,,拘挛、脉细弦浮涩滞
产后经寒、恶露,气滞、血瘀,,身热、胀满、脉涩
产后乳汁不出,,,脉浮、弦数
产后风闭,,,不语、脉浮涩
,,,冲心昏晕、脉洪涩
产后中风,,,脉浮软涩
产后伤风,,,脉浮涩
寒热、蓐劳,气血两亏、虚寒,,倦怠、脉数
,,,脉紧数大
产后腹痛,,,脉沉细涩
产后血虚、乳汁不行、心悸,,,面色苍白、有时颊赤、头眩、手心灼热、口舌干燥、潮热、心烦、寐少、小便淡黄、大便干燥、舌红苔薄黄、脉细数
产后冲任受风、瘀血、恶露不下,,,脐腹作痛、脉浮滞涩
,,,脉浮涩
产后呕吐,脉虚,,
,,,劳倦、脉软缓涩
产后瘛疭,,,脉浮虚数
产后血瘀便秘,,,脉沉涩滞
产后恶露不尽,,,脉弦滞涩
产后恶血冲心痛,,,脉紧涩滞
产后积聚,,,脉数弦洪紧涩
,脉虚,,惊悸、弦细
遗尿,,,脉濡数
,,,脐下痛、脉弦沉涩
产后离褥,,,遍体浮肿、脉浮涩
,风邪,,心神失养、惊悸不安、脉浮虚微
产后脚气,脉虚,,
产后恶露冲脾,,,胀满、脉沉滞
产后恶露不尽,,,脉沉涩
,,,血痢、脉紧细
呃逆,,,脉紧细
产后胃虚、自汗,,,心烦浮热、短气、脉数浮短
产后腹寒,,,脉紧涩
产后感风,,,脉浮
血露,脉虚、脉虚,,冲任
风热、自汗,,,喘咳、脉浮数
产后气虚、寒热,,,发渴、小腹作痛
,,,心中烦闷、乍寒乍热、脉沉数
产后恶血上冲,,,心痛、脉细涩
,血亏,,冲任、恶寒、汗出、发热不休、脉紧细涩
,脉虚,,惊悸
,脉虚,,
血崩,风湿,,腹胁、脉浮涩
崩脱,,,脉细
,,,淋漓不断、脉软涩
产后胞阻、溺闭,,,脉沉
,气阳两亏、内滞,,吐泻、脾阴暗耗、脉细软微
,,,惊悸、脉浮虚软
,,,阻碍肠胃、下痢、脉紧弦涩
产后崩漏不止、乳子,,,脉软
头痛,气滞,,脉沉涩
,,,腰脚疼痛、脉弦涩滞
,,,项背强急、脉浮濡涩
产后瘛疭,,,脉浮数大
,,,头额作痛、脉数涩大
内虚,,,心神不宁、惊悸
溺血,,,脉涩
,,,两胁痛胀、脉涩、大浮
寒热,,,脉软、弦涩
恶露不尽,肝脾气滞,,小腹疼痛不止、脉沉弦涩
,脉虚,,恍惚
产后瘀血、脚气,内滞、湿热,,红肿疼痛、脉数涩大
产后浮肿,,,脉弦滞涩
产后吐泻,,,烦渴、脉数、弦细
产后血露,,,腹中痛、脉数
盗汗,,,
产后中风,,,脉沉、弦濇
产后惊病,,,脉软数
产后肾虚、呃逆,,,脉沉细
,,,产后发热、脉数弱弦
产后血晕,,,脉濡涩滞
产后血崩,,,脉涩数
产后虚寒、吐血,,,脉细涩
产后血瘀腹胀,,,脉涩滞
寒热,,,胸满、呕恶、脉数弦滞
产妇气闭,,,脉沉滞
产后泄泻,,,脉紧细
漏血,脉虚,,
恶露不下,,,脉滞
产后身痛,脉虚,,
产后狂病,,,脉洪数软涩
,,,腹中绞痛、脉软紧细
,,,脉紧涩结滞
产后汗雨不止,脉虚,,
产后伤风,,,脉浮数
颠倒,脉虚,,恍惚
寒热、瘛疭,肝脾两虚、气虚、阴虚,,食少、潮热、脉弦虚数
血虚、经闭,火旺、阴虚,,潮热、脉弦虚数
自汗、头痛、妊娠子烦、子悬、子痫、子嗽、子淋,阴虚、血虚、内热、肝气不调,,潮热、热痛、阴血不足
,血亏,,干嗽
产后恶露不止,,,
血虚、经乱、血热,气虚,,脾不能统、肝不能藏、乳岩、肝躁、多怒善郁
乳汁不行、恶露,,,经络不舒
,,,
,,,卫气无依、气喘
乳痈,,,大渴、烦躁
产后血崩、血脱,气陷,,
,,,
结核,,,
半产,,,堕胎
胎痫,,,
胎热,,,
小儿胎中受寒,,,面色青白、腹痛、啼哭不宁
热毒,,,
寒热,,,饮食少思
,痰饮,,肺火咳嗽
盗汗,,,梦交、心神恍惚、四肢乏力、饮食减少
月经不调、经闭不通、痨证,,,或先或后、憎寒壮热、口苦、饮食少思、连声咳嗽、烦躁、头眩
过伤、月经不调、盗汗、痨瘵,气血两虚,,饮食日减、夜梦交感
寒热,,,饮食少思
,,,转脬、小便数日不通
,,,阴痒
,,,
妇人阴疮,,,
,,,
,,,出血
,,,阴中生虫
,,,
妇人血气、月水不通,,,撮痛、腰腹胀
,,,阴痒
,,,劳损、虚弱、尿血
血虚,,,大便秘涩
,,,
,,,阴肿
,,,痒痛
,,,尿血
,,,
,,,阴中生虫、痛痒不定
,,,
小腹痛、心腹痛,血气凝寒,,小腹痛
经水先期、过多,阴虚,,
无子,,,热多
血虚,,摄精,子宫干涩、久不受孕
月经过期不行,,,腰腹作痛
赤白带下,脾胃虚弱,,
月经不调,,,或前或后、来多来少
无子,痰盛,,满溢子宫、不能受精
血崩,,,
赤白带下,,,
血崩,,,
月经不调、崩中带下,,,脐腹痛、肋疼、腰胀、恶心头晕、发热、发寒、心忪、乏力
妇人经水不调,,,小腹有块
血病,,,
不孕,,,
无力、赤白带下、寒热,气血两虚、脾胃并弱,,饮食少思、腰疼、或断或续、久不受孕
血痛、儿枕诸痛,,,
,,,闷乱、气闭
难产,,,
,,,胸膈满、气壅、喘嗽、饮食不下
,,下血,
横生逆产,,,
,,,作痛
产难、水下胎干,,,胎滞不生
,气血俱虚,,
妊娠子烦,,,
产后大虚,虚劳,,
妊娠子痫,,,
血寒、胎衣不下,,,
子死腹中,,,横逆
,下焦有热,,小便频涩作痛
,,,不能饮食、冲心欲死、遍身疼痛
漏胎、脾虚、血热,,下血,
胎衣不下,,,
,,,四肢浮肿
血热,气血两虚,,身体素弱、少食倦怠、堕胎
,,,恶心阻食
,气血俱虚,,汗出呕吐
妇人血风、目眩、盗汗、月水不调、痃癖,,,疮毒瘙痒、肢体疼痛、烦渴、脐腹疼痛
肿毒、疥癞、吹乳,,,恶疮
,,,发黄不润
,,,
风气、半身不遂,寒湿、下元虚冷,,腰腿、五劳七伤
疟疾,,,发热
,,,痘疮
,,,
,,,
,,,
,肝肾久虚、风热,,
血疝、瘰疬、肿核、月事不来,,,疮肿、脓水不止
,,,
,瘀血壅滞,,打破伤损、结肿
血逆、产后血厥,,,卒厥、目闭、口噤
劳伤、遗精带浊,,,形体羸乏、腰背疼痛
吐血、血崩,,下血,出血
过多,,,失志思虑、痰迷
痰热、食积、心悸,,,胸腹疼痛、哮喘、咳嗽、头眩
风寒,,,喘急
妊娠下利赤白,,,
拘急,,,
产后虚羸、盗汗,,,少腹急、恶寒、腹中疾痛
妊娠腹痛,,,心胸胀满
妊娠中恶,,,心腹暴痛、少腹急
胎不安,,,腰腹痛、汗出逆冷、饮食不下、气上烦满、四肢痹僵
妊娠霍乱,,,
妊娠暴下,,,
胎不安,,,
心腹痛,,,饮食不消、胸心淡
,,,
妊身阻病、颠倒,,,心中烦闷、头重、憎闻饭气、四肢委热
,,,
心腹痛、不思饮食、厥逆,中虚,,
,,,口噤、不识人
,,,柔风、身体疼痛
,,,诸风、肿气
产后虚羸、自汗,,,
产后余血不尽,,,
产后虚劳,,,汗出不止
无乳汁,,,
月水不通,,,腰腹痛、手足烦疼、唇口干、血干
难产,,,
阴蚀,,,脓血
崩中漏下,,,
崩中漏下,,,
,,,子脏挺出
乳痈、生核,,,
,,,绞痛
,,,
骨蒸,,,体渐瘦弱、头面风肿、骨节烦疼冷、口干
中风失音、拘急、产后中风、产后恶露、妊娠伤折、胎死在腹中、产后恶露、拘急,,,腰痛、五色带下、身痛、口噤、身痒、呕逆、风冷、五色带下、身中急痛、腰卒痛、喘息
阴痿,虚羸,,五劳七伤、心痛、囊下恒湿、小便余沥、阴痒、腰脊痛
,风邪,,忧恚
心腹痛、中恶、风疝、寒疝、霍乱、心腹痛、寒热、伤寒、热病、淋沥、耳聋、卒聋、月水不通、惊痫、寒热、头痛,痰饮,,水肿、腹大、逆气、忧恚、胸中刺痛、弦疝、烦满、吐下、手足逆冷、瘦瘠、百节痠痛、风肿、脓血、目赤、齿痛、产后余疾、胸中苦、气息不利、少腹坚急、绕脐绞痛、食物不化、身热、吐乳、不能食、食不化
劳倦、寒热、绝产,气结,,忧恚、饮食衰少、不生肌肉、少腹苦痛、痛引胸中
寒气、愁气、热气、失精,,,恚气、七气、心痛、不能饮食、吐逆、恍惚、闷乱、短气、积聚心下、不得食饮
脚气、气分、脚气,风湿,,脉浮
胎漏,,,
吹乳,,,
,,,
子带、脱证,,,
,,,乳肿
产后腹胀闭结,气结,,膨闷、坐卧不安
小肠疝气、妇人瘕聚、痛经、瘕聚、疝气、痛经,肝经寒凝气滞,,偏坠、肿胀、七疝、痛不可忍、胃痛
瘕聚,,,七疝、痛不可忍
,湿热,,疮肿、作痛
,湿热,,上体生疮、红肿
,,,
产后腰痛,,,闪挫、腹痛
自汗,,,腹中痛、有块、恶寒
,,,唇青、面黄、肚里冷疼、翻胃换食、口苦、舌干、少寤多寐、脚手牵掣
,,,大便疼
,,,无汗、多痰
,脏气本虚、肝胃少弱,,脏腑虚滑、腹脐疼痛
痿证、湿疹、丹毒、热痹、脚气、丹毒,湿热、湿热、湿热、热盛、湿热、湿热、湿热、内盛,,足膝肿痛、湿疮、腰痛、肿痛、流注、遍身疼痛、腰痛、唇口干燥、红肿、热痛、阴囊湿疹、臁疮
妊娠伤寒、太阳,,,小便赤如血状
,湿热,,
无血、不孕,,,体瘦
经脉不行,,,
月经不行、寒热,血滞,,心烦
半身不遂、小儿惊风、妇人血风,,,手足顽麻、口眼?斜、痰涎壅盛、头风
,,,
产后小便数、遗尿,,,
风寒、太阳,湿邪,,口噤、角弓反张、无汗
月水不调,气上凑心,,心胸攻筑、胁肋刺痛
,,,
乳汁过少,,,
妊娠子烦,,,烦躁、闷乱
产后气脱,,,
,,,虫肿、面红
,,,
妊娠腰痛,,,
,,喘促,
产后心慌、自汗,,,
,,,阴痒
崩漏、久崩,,,
经行后阴,,,
,,,
,,,
足后跟痛,,,
泻痢、产育气虚、脱肛,,,
血崩、带下,,,
目眩、月经量少,肝血不足,,血不养筋、肢体麻木、小腿、转筋
崩中带下、遗精、阳萎、盗汗、劳热,诸虚不足、阴虚,,骨热、少精、多惊悸、怔忡、健忘、滑泄、目昏、耳鸣、头眩、腰膝痠痛
产后气血不足,,,乳汁涩少
,,,乳汁不行
,,,血少、肠胃枯涩、口干、便秘、皮肤干燥、食不能运、色淡
,,,腹痛、淋浊
产后瘀血,,,心疼
感冒、拘急、伤寒、头痛、外感风寒、经脉不调,寒湿,,头疼、身痛、项强、发热、恶风、腰脚酸疼
,,,水肿
赤白带下、宫虚、无子,,,
鬼胎、癥瘕,,,
胎寒腹痛,,,乳便青、乳食不化
月水不行,,,发热
带下、月水不准、难产、风寒、月经不调、瘀血,,,血奔
,,,心痛
血块,,,
,,,
血虚,,,经少或闭、皮热骨疼、脉数
妊娠胎动不安、恶阻,,下血,腹肠疼痛
疔疮,体虚,,
自汗、无力、过多、虚热、自汗、赤白带下,阴阳两虚、气血不足、脉虚、阴虚,,食少、五心热、日晡潮热、精气滑脱、腰胯痠痛、泄泻、脉沉弱、少痰多、干咳、体倦、头目昏、食少、潮热、脉弱、腰背疼痛、鼻衄、便血、面黄、瘦瘁、食少、气促、瘦瘁、食少、面浮、腰痛
,,,
,,,七情所伤、脉数
赤白带下,,,时腹痛
食积,痰饮,,眩晕、身热
,,,白带腥臭、多悲不乐、浊淫
子痫,,,脉浮细涩
,,,湿痰
带下,,,多热
,,,
,,,
乳结核,,,
血结、寒热、月经适来、产后恶露不尽,气凝,,胁痛
胎死腹中、胞衣不下,,,
,,,
产后腹痛、胎动不安、血刺,,,血脏宿冷、百节倦痛、肌体怯弱、劳伤
产后心痛,,,七情感伤
风寒湿痹、疟疾、痢疾、肿毒、血瘕,,,腰胁疼痛、咳嗽、哮喘、胸膈胀满、心腹疼痛、顽疮、肿硬、痞积
经候不调,,,
脐风、胎惊、内钓,,,撮口、夜啼、肚腹坚硬、目窜上视、手足搐掣、角弓反张、痰涎壅盛
胎寒、盘肠内钓,,,身冷、口气亦冷、肠鸣、泻利青黑、心腹绞痛
胎惊,,,夜啼
阴痿、遗精,诸虚百损,,健忘、子宫虚冷
,,,气痛
遗精、肾虚、玉门不闭、漏精,下陷,,
,,,
瘫痪、中风,气衰、风湿,,虚冷、手足麻木、腰腿疼痛、口眼?斜
疟痢、黄疸、肠风、痔漏、风气、食积、热痰、口疮、经脉不调、血瘕、血闭、赤白带下、小儿癫痫、疳积、虫积,,,面上白斑、唇红、心嘈、山岚瘴气、传尸、痨瘵、水肿、咳嗽、噎膈、疮癞、痞块、赤眼
痃癖、疝气、女人血气,,,九种心痛、气块、冷气、肠鸣、呕吐酸水
,,,黄肿
自汗,,,胃脘、胃痛、颊赤、脉乱
,,,痞块
食积、死血,痰积,,眩晕、身热
疝气、脚气、不服水土气、不思饮食、白痢疾、干血气、劳瘵,,,气喘、心气、膈气、胁气、腰气、积气、瘴气
血蛊,,,
月水不调、不孕、难产、产后诸疾,,,
不孕,,,精冷、胞冷
,,,声音不清
闭经、逆经、血疾,,,
,,,无汗、潮热
产后蓐劳、寒热,虚羸,喘促,肢痛、面黄
蓄血、恶露,热入血室,,
伤寒,,,口渴、烦热、腹满、便闭、谵语、发斑、昼夜不安
难产、过多、风寒、食积、瘀血,,,产后发热
无力、瘫痪、半身不遂、产后中风、瘀血,肝虚,,手足顽麻、痰涎、言语謇涩、头目昏眩、遍身疼痛
风疫、头痛、疮癣、寒疫、小肠气、水气、膀胱疝气、肾脏积、阴阳二毒、五疳、肠风脏毒、十二惊风、痈疽、瘰疬、消渴、酒毒、喉痹、重腮、不服水土、痢疾、诸般血气,湿疫,,癫狂失心、山岚瘴气、身体顽麻、不知痛痒、眼泪不下、睡卧不安、面如虫行、唇烂齿焦、左瘫右痪、鹤膝、风疼、五淋、水肿、五痫、咬齿唾涎、腰疼、咳嗽、疮痍、大小肠闭、血海久冷、带下赤白
伤寒、寒热,,,头疼、身痛、项背强
产后伤风、头痛,,,发热、面赤、气喘
,,,口渴、狂言、呕逆
伤寒,,,
遗精白浊、赤白带下、经脉不调,,,痞积、久不受孕
风寒、吐血、寒劳、遗精白浊、阳事不举、赤白带下,,,五劳七伤、久嗽、久喘、下元极弱、精神失常、痰隔、子宫极冷
,精血不足、气血干枯,,大肠失润、便结不行
乳汁缺乏,,,
产后腹痛、恶露不尽,,,腹中、凝聚作痛
血热、经水先期,,,
产后伤寒,,,
,,,腰背疼痛、小腹里急绞痛
风寒、走注、痈疽发背、疔疮、瘰疬、食积、瘀血、小儿疳、癥瘕、疟疾,寒湿,,鹤膝风、流注、跌打损伤、腹中、痞块、顽痰、腹痛泄利
经水先断、血分,,,水肿
经血不调、经闭,,,
,,,转脬、小便不通
小儿痫症,,,癫狂
鬼胎,,,
子痫,,,口噤、腰背反张
产后腰痛,,,
产后恶露、败血上冲,,,癫狂、狂言、谵语、乍见鬼神、胸腹胀痛
胎动不安,,,腰痛、发热、不食不眠
胎动不安,,,腰痛、发热、不食不眠
半产、瘀血,,,拒按
头痛,,,筋脉引急、发搐搦、昏愦、不省人事、发热恶寒、身痛、鼻渊
,,,
产后心慌、自汗,,,
不育、无力,,,
产后风寒,,,
子烦,火盛、内热,,
无汗,,,
闭结,经血凝滞,,
疥疮、阴蚀疮、漆疮、诸般恶疮,,,
淋闭、血结,,,小便不利
,,,久积忧郁
久积,,,忧郁
女子梦交、滑泄,肾水不足,,精关不固、滑精、白淫
蛊毒、喉痹、痈疽发背、疔肿、鬼胎、虫积,,,骨鲠、疮疡、恶气、心胸痞满、肚腹膨胀
月经过期不行,,,
月经先期而来,,,
难产,,,
药毒,,,
,气冲心,,
胎衣不下,,,
产后蓐劳、寒热、自汗、产后气血虚弱、盗汗,,,咳嗽、头疼、体瘦、腹中(疒丂)痛、虚乏倦怠、乍卧乍起、口干、头昏、百节疼痛、背膊烦闷
经候不调、血气、崩漏带下、癥瘕,,,刺痛、腹胁膨胀、头眩恶心、便血
小产,,,
妊娠下痢,,,腹中（？？）痛
产后阴脱,,,
产后败血,,,腹胀满闷、呕吐不定、胁痛、脉弦软涩滞
妊娠下痢,,,腹中（？？）痛
子嗽、外感风寒,,,久嗽
寒热,阴虚,,发热
胎痛,,,
血块,,,作痛
妊娠子淋,,,小便涩数
月经不通、瘀血、蛊病,,,胀满、跌仆
气逆、呃逆、脾虚、痔漏、虚热,脾胃虚弱、痰滞、中气不和,,食少、便溏、咳嗽有痰、色白清稀、呕恶、吞酸、面色萎黄、四肢倦怠、膨胀、食少、胃弱、脉数、饮食日减、肢体愈倦、口舌生疮
,,,
小肠气、带下瘕,,,脐腹大痛、奔豚、七疝、阴中切痛
脚气、白带、脚气、带下,湿热下注、湿热、湿热,,肝肾不足、腰腿疼痛、湿疮、淋病、腰痛、关节痠痛、湿疮、淋浊
,,,腰痛、腹满、卒有所下
不能孕育,,,肥盛
虚损、遗精、阳事不举、无子、月信不调、赤白带下、宫寒、久不成胎,,,腰软
宫寒,,,不能生育
内蚀,气血两亏,,元禀虚弱、心肾不交
,,,尿血
经行先期,,,腰腹疼痛
难产,,,
难产,,,
,,,惊恐、腹满、脐苦痛、腰背痛、卒有所下
胎动不安,,,
不孕、月经不调,,,
胎气不安,,,虚弱、腰腹微痛、饮食不美
不能孕育,,,瘦弱
产后腰痛,,,上连脊背、腿膝
,,,
,,,腰痛
耳聋、阴疮,,,小便黄赤涩痛
太阳、崩浊,郁火,,胁痛、头眩、胃脘、赤痛、郁怒伤肝、赤白淫闭
太阳,,,
吐血、衄血、虚热,,下血,发热、五心烦热、便血
外感风寒、拘急、风寒二证、瘟疫、妊娠疟疾、头痛,,,憎寒壮热、头目昏疼、寒多热少、恶心、身痛、面色青白、脉弦迟
无力、疟疾、酒疸、谷疸、食积、血癥气、经血不调、寒热、产后败血、癫痫、妊娠恶阻、食积,气滞、脾血积、脾劳,,胃膈满闷、面黄、酒积、中脘停酸、酒积、干呕、上攻、全不纳食
经事不行,,,腹中结块疼痛、腰痛、腿痛
四时伤寒、霍乱、肠风、风寒、寒热,湿邪、内气壅遏、脾气虚,,瘴疫时气、吐泻、便血、关节疼痛、身重、脚弱、发热恶寒、小便涩、大便泄、身汗、痘疮、疮疡、痰停、胸膈
,,,心痛
经候不调、无子,脾胃虚弱、血气不足,,
下疳、阴蚀疮,,,
肿毒、胎毒、黄水湿疮,,,红肉现露、久不愈
胎毒、头疮,,,湿疮
,,,
,,,身发壮热、神思昏沉、言语狂妄、如见神鬼
无子、肠风、痔漏、吐血、无力,气衰,,五劳七伤、行步艰辛、饮食无味、耳焦眼昏、皮肤枯燥、下部秽恶、虚惫、风湿、流注、脚膝痠疼
不孕,,,
,,,身倦怠、口干、饮食不进、脉右寸微沉、尺洪大侵上
崩漏,气郁,,
崩漏、无力,气郁,,食少、面青、气促、痰喘、脉沉、脉沉涩、尺沉
阴毒,,,大小便不通、大小便不通
,,,
,脾胃实热,,
小儿胎风赤烂,,,
,,,
血热、经闭、过期不行、血逆,,,满眼赤涩
子逆,,,满眼赤涩
头痛、花翳,肝虚,,眼目疼痛、肿涩、眩晕
,,,目涩、羞明
头痛、珠翳,,,恶寒、两目红肿、赤涩、羞明
脾虚,,,腹膨足肿、纳谷大减
脾疳、结核、头疮、白五疳,脏腑胃虚,,黄瘦、肚急、肌肉消瘦、饮食少思、发稀成穗、精神倦怠、大便酸臭、嗜食、啮齿下痢
,脏腑胃虚,,黄瘦、肚急
疟疾、食积、小儿疳、虫积、七癥八瘕、血块、产后气血走,,,山岚瘴气、九种胃气、心口痞块、小水不利、大便秘结、跌打损伤、蓄血不止
痈疽、对口、疔疮、白蛇、小儿急惊风、月水不调,,,指头生疔、手足厥冷、上吐下泻、眼弦、小肠作气、跌打损伤、咽喉肿痛
热劳、伤寒、寒热,,,不解、瘦弱、减食、困倦、面赤、口干、眼涩、多睡
胎痫、小儿急慢惊风、涎壅不通,,,昏困涎盛、抽搐不定
胎痫,,,
胎痫,,,
小儿急慢惊风、胎痫,,,发搐
,,,飞尸鬼疰、忧愁思虑、喜怒无常
血块、血闭,诸积滞,,
妇人血气、痃癖,,,气痛牵心、阴户浮肿、胀闷
妇人血气、痃癖,,,脐腹胀痛
妇人血气、痃癖,,,急痛、减饮食、头旋、眼黑
血块、血刺,,,腰腿疼、绕脐痛
血块、血刺、血痛、血癖、血癥,血积,,
妇人血气,,,脚肿
吐血、血运、虚热,,,小便不通、脐腹痛
脚气、血蛊、肠风下血、食积,,,喘急、咳嗽、寸白虫、酒痢、酒积、血脉不行、大小便不通、气块
,,,
瘀血、风痰、瘫痪、妇人血风、产后败血、血气、风劳,,,打扑伤损、肿痛、顽痹、浮肿、四肢痠痛
拘急、胎风,肝风,,面红、目青、眼上惊搐
,,,心腹胀满
半产,血气虚弱,,
妊娠伤寒,,,浑身壮热、眼晕、头旋
漏胎,,,败血凑心、胎干
,气虚,,传干、小腹胀痛、腰重、大便秘
妊娠中风,,,口噤、四肢强直、反张
半产,血气虚弱,,
乳痛、血癥、气瘕,脾劳,,酒积不食、干呕、心痛、肚胀、气急、不嗜饮食
,心气不足,,神志不宁、怔仲、惊悸
经血不通,,,肿满、小便不通
,,,
,,,眼昏
胎惊、胎风,,,
,,,夜啼、泄泻、冷气、面青白
胎毒、痈疽、丹疹、疥癣,,,恶疮
小儿胎寒,,,面青、转乳、惊悸
马疳、痔疮,,,牙龈腐烂、齿落、手臁疮
胎热,,,
食癖、乳癖、寒热、胎惊、发痫,,,
,阴虚、痰结,,涕唾带血、血溢
,,,
经闭、耳聋,,,夜热、咽痛、大便干结
盗汗,,,面白、心慌、泄泻
胎热、丹毒、斑疹、衄血、口疮,,,小便黄、大便秘
,,,恶秽入腹、腹满、气短、呕吐、多啼
虚热,脾胃久虚,,体瘦、翻食吐虫、烦渴、呕哕
胎毒,,,虚肿、不痛
胎热,,,
小儿胎寒,,,肠鸣、粪清下利、盘肠溏泄、口噤、慢惊
胎丹,,,
胎毒、胎热、胎黄、重舌、木舌、喉闭、乳蛾、游风癣疥、隐疹、风热、痄腮、火丹,,,面赤、目闭、鹅口疮、壮热、小便黄赤、大便闭、面肿
,,,
痘疹,,,
痘疹,火盛,,
,热入血室,,出痘、神识不清、谵妄
气逆,,,咳血、痰中带血
产后血晕、血逆,,,胸腹胀痛、气粗、牙关紧闭
,,,堕胎
,,,堕胎
,,,多惊
痰涎壅,,,夜啼、项背强直、目带上翻
,,,惊胎、惊悸、精神恍惚、摇头上视、多睡、口眼相引
胎痫,,,不得安卧
胎惊,,,惊风、面赤、口干、大便不利
胎痫,,,昏困不省
胎惊,,,
胎痫、小儿急慢惊风,,,潮搐
小儿惊积、妇人血气,,,脐腹疼痛
,,,
寒热,,,
寒疝,胃气不和、肝肾气滞、肝肾气虚,,不燥不疼
小儿胎寒,,,
,,,
小儿胎寒,,,大便青、不能食
血虚、不思饮食,中满、气滞,,消瘦、百节痛、五心烦热、四肢逆冷
脾寒、中风、痿痹、霍乱、阴毒、厥逆、产后诸疾、气逆、赤白带下、崩漏不止,痰饮,,上壅、脐腹冷积、奔豚、攻刺疼痛、冷汗、精神昏乱、吐泻、手足逆冷、恶风、乍寒乍乱、迷闷
阴阳不调、寒热、霍乱、泻痢、气痞,,,冷热、冷气、膈痞、吐泻、吐逆、手足逆冷、转筋、不省人事、吐逆、食饮不下、发渴
小儿惊风、伤寒、肠风、痔疾、妇人血气、血风,,,头风、身上生疮
胎寒腹痛,,,夜啼、身体偃张、有如痫状、大便酸臭、不生肌肤
,,,躽啼、多啼
风疮、疥癣、风劳、癥癖、中风、小儿疳、脱肛、气痢、血劳、无力,,,脏腑积冷、膀胱宿冷、脏腑衰败、面黄、气块、心痛、腰膝疼痛、拜跪艰难、坐食不安、久泄
寒热、风痫、寒热、瘛疭,,,宿食不化、里急、羸瘦骨立、饮食不为、翕翕、短气、魂神不守、恍惚不定、结痛、目青
,气结,,
障翳、胎风烂眩,,,流泪
,,,
胎肿、疝气,,,
惊痫,,,吐泻、眼涩、多睡、潮搐、头旋、眼黑、恶心吐逆、筋脉紧缓、手足麻木、身体疼痛、精神不爽
心脏壅毒、口疮、热劳,,,咽喉不利、上壅、夜卧不稳、心膈烦躁、惊邪
胎热,,,烦热、惊悸
伤寒、伤寒、经水不匀、血虚、破伤风、肺痿、盗汗、寒热、瘛疭,虚劳,,汗不出、手足筋挛、厥冷、痰嗽、身痛
拘急,,,身体不收、口不能言
小儿胎风、急慢惊风、埂气不安,,,潮搐、涎盛、喘逆
伤寒、虫积、食积、胎积、食伤,,,惊积
胎风诸痫、瘛疭,,,目睛上视、牙关紧急、吐痰、拗多啼、精神不宁、多惊、吐利
胎寒腹痛、五痫,,,吐利、惊掣
小儿惊风、产后中风、头痛,,,左瘫右痪、心神恍惚、头目昏晕眩、鼻塞、山岚瘴气
脐风,,,风冷、脐肿、多啼
重舌、热毒,,,两目不开
妇人血气,,,孕胎不成
经脉不调、赤白带下、无力,受气虚,,五劳七伤、脏腑积冷、癥块、虚胀、疳冷、口苦、舌干、面色萎黄、黑干、心烦惊悸、头目旋晕、不喜饮食、痰涕粘涎、热疼、肌肉消瘦、断绪
乳内一核,,,
小儿急慢惊风、胎惊、脐风,,,撮口、夜啼
,,,百不如意、乳内有核、不痛
,,,
久不育,,,梦遗、精神倦怠、面色痿黄、饮食减少、腰酸背胀
吐血、骨蒸,,,咳嗽、气喘、痰涎壅盛、潮热、面色萎黄、睡卧不宁
,肺金衰,,咳嗽、上气喘急、口干、喉哑、痰中带血、咳出鲜血
,,,
衄血,,,
产后疟疾,,,
脬转,,,
阴疝,,,
,,,遍身疼痛
,,,
遗尿,,,
产后浮肿,,,
妊娠子痫,,,头项强直、筋脉挛急、语言謇涩、痰涎壅盛、不识人
,,,身热不止
赤白带下,气血不调,,四肢倦怠、五心烦热
血崩,,,
,,,小便不通
产后瘀血凝滞,,,头疼、发热、胸膈、肚腹绞痛
产后痢疾,,,
产后发寒,,,多寒
,,,大肠枯燥、大便不通
,,,心惊胆怯、烦闷
,湿热,,腰痛
产后血虚,,,风痰壅塞
月经不调,,,
,,,
,,,
赤白带下,气血亏损,,久久不愈
,,,泄泻不止、伤胎
,,下血,
经水不调,血凝气滞,,腰痛
,,下血,
小产,,,
经水不调、久不孕育,,,或先或后
,,下血,
崩漏,,下血,成片
妊娠恶阻,,,喜酸、恶食
妊娠痢疾,,,坠胎
产后伤寒,,,
胎气不安、胎痛,,,
胎气不安、胎痛,,,
瘀血,,,肚腹绞痛
,,,产后小便不通
胎气不安,,,呕吐不止、腰胯酸疼
,,,
经水不调、血虚、赤白带下,,,神思倦怠
产后产门不闭,,,
,,,尿血
胞衣不下,,,
经后作痛,,,
闭经,,,
产后中风、半身不遂,,,不省人事、口眼歪斜、语言蹇涩、手足颤摇
产后腰痛,,,不能转侧
,,,足软、不能行步
,,下血,
经闭,,,
赤白带下、久不孕育,诸虚百损,,
产后血闭,,,闷绝、不省人事
瘀血、月经不调、血肿、经闭、瘀血,血滞,,腰痛麻木、吐衄、屎黑、下利、脓血、吐衄、屎黑、喜忘、瘀痛、下利、脓血、血多、有块、色紫、稠粘、血肿
结核,,,
肠痈、胃痈,,,
经闭、恶露不尽、便毒、经候不通、疥疮、消渴,,,跌打瘀血、身痛、作痛、善食渐瘦
胎死腹中,,,
经候不调、血气、崩漏带下,,,刺痛、腹胁膨胀、头晕恶心
胎毒,内热,,惊悸、头面生疮、眼目肿痛、口舌生疮、口干作渴、大便坚实
喉痈,,,
寒湿腰痛、耳聋、风劳,,,五劳七伤、衰弱、鬓发早白、腰膝疼痛、目暗
劳瘵、淋带,气弱、湿热,,肌瘦、梦遗
心腹痛,,,偏肿痛
去血失精、半产漏下、骨蒸、崩漏无停、消痿、伤寒、过多,虚劳、心气不足,下血,五劳七伤、三尸百疰、肌肉陷下、形色俱脱、传尸、色肉衰朽、气滑不固、大衄不定、健忘、成狂、目血衰虚、阴阳衰废、饮食忘思
虚损、膀胱气、赤白带下、寒疝、中恶、脚气病,,,五劳七伤、小便数、小便不通、吐逆、诸块、传尸、劳疾、久嗽、水肿、疟痢
膝脚少力,,,腰肾虚冷、夜多异梦、失血
寒热,脾胃受湿、虚羸,,心胸满闷、胁肋膨胀、肠鸣、小腹坚痛、脐下强急、大便不调、米谷迟化、里急后重、下痢、脓血、鱼脑、嗜卧、肢体沉困
肠虚、不思饮食,,,滑泄、水谷直下、完谷不化、久寒积冷、心腹胀满、怠堕嗜卧、困倦、少力、脉候沉微
不思饮食、无力、寒热、涎痰咳嗽,,,心腹胀满、两胁刺痛
疟疾、四时伤寒、寒热、水泻、产后蓐劳,阳气不和、脾胃不和,,五劳七伤、山岚瘴气、头目肢节疼痛、心腹胀满、呕逆恶心、痰涎咳嗽、手足虚肿、噎塞、饮食减少
癥瘕、过多、妇人血气,脾胃积冷、下虚,,吐利、心腹刺痛、虫烦不安、腹中疼痛、胸胁逆满、噎塞、呕吐、冷痰、肚腹疼痛
消渴、汗病,,,烦躁不休
月水过期,血脉虚弱,,皮聚毛落、心肺俱损
妇人血气、痃癖,,,刺痛、两肋疼痛
虚损、月水不调、崩中漏下、血瘕、妊娠宿冷、胎动不安、风寒、寒热,,,脐腹疼痛、发歇疼痛、血下不止、恶露不下、结生瘕聚、小腹坚痛
阴阳不调、气痛、虚损、中暑,,,胸膈不利、痞闷结胸、吐逆
霍乱、妇人血气、癥瘕,,,冷气、攻刺、小肚疼痛、口苦、冷气、脐腹绞痛、手足微冷、小便频数、心疼、吐逆、心腹刺痛
风痰、气痰、头痛,,,酒痰、食痰、痰逆、痰厥、头目昏眩、肺痿咯脓
无子,,,阴中久冷、淋漓不断
血积,,,
,,,诸风、顽麻疼痛、上攻、手背颤动
中风、失音不语、风热、伤寒,,,面赤、脉大数急、迷闷、口眼?斜、半身亸曳、角弓反张
走注、走注、妇人血风,寒湿、经络不和,,
癫痫,,,发热、喘嗽、语涩、舌强
惊痫、拘急、伤风、产后中风、月事不行,体虚、脾胃气虚,,口眼喎斜、手足偏枯、四肢拘挛、遍身瘙痒疼痛、头目昏暗、风入腹内、体如虫行、心神恍惚、偏正头疼、冷气、伤冷、心腹大痛、脏腑不调、壮热、体重、头疼、旋运欲倒、气闭血涩、中酒、昏倦力乏、饮食减少
小儿胎痫,,,
漏下血,,,胸满、腹满、胎中痛
,,,大便秘结
胎寒,,,口冷、腹痛
胎热、热病,,,清解、目闭、面赤、惊烦、遍身壮热、小便黄涩、疮疖
胎毒、疔疮,,,发搐、疮痈、便秘、肤无血色、目闭不开、发搐
小儿胎中受寒,,,面色青白、四肢厥冷、大便青黑、腹痛、盘肠内瘹
胎黄、丹毒,,,眼闭不开、鼻衄
风寒湿痹、血癞、寒热、阴痛、失精,百损,,梦泄、血衰、容色枯瘁、乏气
赤白带下,,,
产后血运、寒热、心下痞,,,心闷、手足烦、虚肿
血沥,,,腰痛、失血
胎寒、诸经掣缩、五痫、口疮、恶核,,,发热、吐利、赤目黄瘦
赤白带下,,,
产后血晕、崩中久痢,内虚,,腹中疠痛、冷气、气乏、带下不止、脉微弱
绝阳、庶事不堪,,,腰膝重痛、筋骨衰败、面黑、志昏、寤寐恍惚、烦愦、多倦、梦遗、五劳七伤、肌肉羸悴、上热下冷
子宫久冷、赤白带下,,,
经水过多,,,别无余证
干血气,,,
妊娠伤寒、蓄血,,,胸胁满痛、烦躁、呕血、经行身热、头昏、项强、脉弦或数、胁痛
赤白带下,,,
妊娠伤寒,,,小便不利
妊娠伤寒,,,
劳气、妊娠伤寒汗下,,,咳嗽、喘满
妊娠伤寒、中风、自汗、头痛,,,项强、身热、恶寒、脉浮
妊娠伤寒、头痛、无汗、太阳,,,身热、脉浮
血虚、妊娠伤寒、拘急,,下血,阴中疼痛、脉沉迟
月水不调、头痛,,,脐腹（？？）痛、脉弦
妇人血风、脱血、崩漏,,,撮空、闭目不省、掷手扬视、摇动不宁、错语失神、脉弦、气粗、鼻干
妊娠伤寒,,,身热、大渴、脉长而大
,,,四肢肿痛、不能举重
妊娠伤寒、蓄血,,,
妊娠伤寒、过经、经热、耳聋、咳逆,温毒,,发斑、不解、咽疼、热渴
妊娠伤寒、太阳,气满,,大便硬、小便赤、脉沉数
痃癖、虫病、蛊病、月露不通,气冲心,,绕脐绞痛、胃冷吐食、呕逆恶心、饮食不消、多血、顽痹、昼夜不安、梦与鬼交、腹中生疮
伤寒、虚损、伤寒,,,畏寒、发热、饮食减少、四肢不收、手足渐麻、饮食减少、畏寒、发热
妊娠伤寒,,,咳嗽不止
血虚、经闭、寒热、经闭,,,发热、口舌生疮、五心烦热、冲任
血崩、血气,,,
,,,脐下、奔豚气块、小腹疼痛、卵痛、成肿、阴肿痛
虚热,,,
血虚,,,目痛
衄血、崩漏、过多、无力、太阳,,,便血、不能视物、羞明
气眼,热邪,,抱轮红、视物不明、口干、舌苦、羞涩、头风牵搐、眼眶赤烂
恶露,,,呕逆壮热
客热,,,四肢烦闷
产后赤白痢,,,绞痛
伤寒、头痛、无汗,热入血室,,脉浮而紧、身热、恶寒
产后血晕、心腹痛,,,昏迷不省、冲心闷绝
妊娠中风,,,腰背强直、反张
,,,产后虚烦
妊娠伤寒,,,腹中痛、食欲不下、脉沉
产后恶物不尽,,,腹内(疒丂)痛
血虚、盗汗,,,发热、羸瘦、脚痛
妊娠恶阻、头痛,,,呕吐不止、全不入食
伤寒、太阳,,,
伤寒、寒热、经水适断,热入血室,,身热、脉长、夜躁、如见鬼状
伤寒、头痛、寒热,心下结,,脉浮、口燥舌干、狂言、如见鬼状、脉沉而数
寒热,,,脉弦、少阳
崩中白带,,,
妊娠中风、风痉、子痫,,,角弓反张、口噤、语涩
产后赤白痢,,,腹中绞痛
伤寒、太阳、自汗、拘急、经水适断,表虚,,脉沉而迟
伤寒、妊娠伤寒、头痛,,,项强、身热、口干、胸胁疼
产后血上冲心、血刺、恶露,,,
,,,咽喉干痛、面赤、痰嗽、色黄且浓、腥臭
懒倦、走泄,,,小便少、下利、神思沉困、饮食减少、泄泻
,,,
劳瘵、吐血、崩漏、吐血、干血痨,,,眼花、头晕
血病、阴缩、寒热、经候不调、便毒,内热,,胸腹胀痛、阴冷、拗肿痛、腹内有块、小便不利
瘟疫、崩漏、经气久虚,邪结,,经水适新、血室乍空、冲任空虚
瘀闭、产后恶露,,,跌仆
,,,
胎风、风吹,,,
口疳、走马胎疳、痧痘后疳,,,口糜口腐
,,,肿痛
,,,
,,,小便不禁
胃痈,痰饮,,腥臭、带脓血
女痨疸,,,发热、恶寒、额黑、手足热、小腹满急、大便时溏、身目黄赤、小便不利
血分,,,肿胀、四肢肿、小便不通
酒疸、痢疾、妇人血气、中风,,,小便不通、伤酒、肢节疼痛、心痛、膈气
过多,,,
产后恶露,,,败血停凝
感冒风寒、脚气、产后伤风、恶露、感冒、痰壅,,,发热恶寒、头疼、身痛、面色寒滞、鼻流清涕、恶风
小产、子死腹中、血晕、阴脱,,,腰疼、横生逆下
月经不调、无子,,,
,,,胞络阻绝
吐血、妇人崩中,,,便血
脾虚,,,
疟疾,,,
结核,,,
,胃气虚弱,,完谷不化
,,,经血不止
月经不通、血瘕,,,遍身浮肿
花翳白陷,风热,,
产后霍乱,胃虚食滞,,喘胀、小便不利、脉紧细
热毒、妊娠伤寒,,,发热、大渴
淋沥,,,带下赤白
,,,交骨不开
吐血、瘀血,,,左手关尺脉弦、畏寒
蒸热、月事不调、产后褥劳、崩淋、虚损,郁结,,久闭不行、血溢、带下赤白、白淫、劳嗽吐红
带下、霉毒、骨痛,,,腰痛、不臭、筋挛
产后不止、瘀积,元气大虚,,小腹结痛
胎气不运,,,体肥
漏下血,,,色清淡
产后血虚,,,不语
,,,心烦、不解
风热、漏下血,,,色稠紫
妊娠伤胎、胎动不安、子死腹中、产后血虚、恶露不绝、血崩、金疮、过多、血晕、妊娠腹痛、子死腹中、血气、头痛、金疮、去血过多、寒热、无力、产后瘀血停、跌扑,虚羸,,出血、跌打损伤、失血、口噤、眩晕、耳鸣、不省人事、恶心呕逆、发热、昏晕欲倒、短气、面体少色、心忪、惊悸、虚烦、汗出、不得归经、腹痛、拒按
,,,
白癜风,,,
疱疹,,,
急性湿疹、疱疹、经性皮炎、湿疹,,,
结核,,,
阴蚀,,,臁疮
癥瘕、气疽,,,小肿、肿胀
阴蚀,,,
阴蚀,,,臁疮
阴蚀,,,臁疮
阴疮,,,
急性湿疹、疱疹、急性湿疹,,,
疱疹、皮癣、湿寒性白疕,湿盛,,湿疡
月经不调、痛经,,,
痘疹、胎毒,,,广疮
自汗、盗汗、吐血、月经不调、赤白带下、中风、厥逆、血虚、血虚,虚劳,下血,体倦、失眠、少食、怔忡、惊悸、癫狂、眩晕、神经衰弱
血虚、经闭、产门不闭、血虚、月经不调,心脾郁结、气血亏损、内热,,发热、乳岩、发热、夜热、五心发热、肢体倦瘦
产后恶露,,,
寒热,,,嗽血、咳嗽带血
血分,,,热壅
产后血虚,风热,,身热、昏沉
,,,伤燥咳嗽、喘急、口渴、唇焦、烦热、引饮、吐痰
下红积,,,血痢
寒气霍乱、半产,,,身热、面赤、脉沉而细
难产,,,
,气血滞涩,,作痛
,脾胃不和,,烦闷不安、饮食不下、似利非利
不思饮食,气不和,,肚腹膨胀、腰腹疼痛、劳倦
瘀血,气禀虚弱,,腹中常有块痛、头晕眼花、饮食少进、腹中
,,,痰嗽
不孕,,,
经脉不通、寒热、头痛、目弦,脾胃虚弱,,误食生冷、饮食少进、四肢困倦、肚腹疼痛、五心烦热、呕吐膨胀
经脉不调、淋沥、无力、目眩,血海虚、气血俱虚,,时腹痛、米泔、面色痿黄、头晕
,,,噎膈、气多
产后噎膈,,,气多
,,,困倦、气急、饮食无味、贪睡、头晕、四肢痠软
,,,呕逆不定
,内热,,小便尿血
,,,凝血作痛
,,,
,,,
,,,凝血作痛
胎动不安,,,跌伤、心腹腰痛
产后泄泻,,,
经闭成痨,,,
,,,
,内热,,小便尿血
,,,噎膈、气多
脏毒、肠风,,,
,,,咳嗽
,,,咳嗽不止
难产,,,
,,,面浮、足肿
虚热,,,
感冒、骨痛、半身不遂,,,发热、头疼、呕吐痰涎
目眩、胎动不安,,下血,呕吐痰水、心中愦闷、头重、恶闻食气、腰腹疼痛
目眩、胎动不安,,下血,呕吐痰水、心中愦闷、头重、恶闻食气、腰腹疼痛
难产,,,
难产、死胎不下、胎衣不下,,,
漏下血,,,
,,,胎孕不安
,,,嗽血
孕痈,,,肿胀
胞衣不下、血晕,,,不省人事、腹中刺痛、败血攻心、痞满、神昏、眼闭、口噤、语言、狂妄、困顿、垂死
,,,腹胀、小水不利、气急、胸闷、身热
产后气虚、寒热、血晕,脾胃不和,,恶食、胸闷、夜睡、多惊、昏眩、泄泻、不省人事
产后乳蒸、乳汁不通,,,发热
产后胞衣不下,,,血闷冲心
产后血枯便秘,,,
经脉不行、自汗、癥瘕,,,脐腹疼痛、面色痿黄、心怯乏力、胁痛、头晕恶心、身热、饮食少减
产后气不调、寒热,,,
,,,发肿
经水不止,,,
,内热,,口舌无皮、大便不实
产后内虚,,,气乏、下痢
劳伤,气弱,,血冷
产后诸疾,,,
,,,腿痛
,,,胀满不下
,,,
无气,血气虚弱,,狂言、乱语、妄见鬼神
寒热,,,
,气血大亏、脾胃亦弱,下血,成片
,风寒,,肺经空虚、气紧咳嗽、痰多
产后饮食冷热不调、痢疾,,,里急后重
产后败血,,,
,,,哮喘
产后恶露、儿枕痛,,,
,,,
黄疸,,,有块
久疟疾,,,痞块
久疟疾,,,痞块
阴痛,湿热,,阴痒
头痛、瘫痪,,,口眼?斜、语言不清
,,,吐泻
,,,饱闷、手足心热、咽中有痰
,,,久嗽
,,,怔忡、惊悸、健忘
,,,眩晕
无子,,,
劳伤、虚损,,,腰腹疼痛
经水或前或后、血崩、瘀血、死胎,,,
崩漏不止,,,
痨疾,经滞不通,,肢体麻木、身疼痛、日渐黄瘦
血虚、自汗,,,体热、脉微
经闭,气血凝滞,,腹中结块、腰腿重疼
白浊,,,带下赤白、五心烦热
虚损、淋沥、赤白带下,,,冲任
虚热,,,咳嗽、喘息急
月水不通,,,腰下冷、气块
痰闭子、痰热,,,月水准信、不受胎、中脘不爽、痰嗽、饱闷
月水准信,,,痰闭子宫、不能受胎、肥白、腹不痛
经闭,,,身热如蒸
经水不调,,,色淡白
经行腹痛,,,
胃气不调、停经,,,饮食减少
痰闭子,,,肥白、腹不痛、不受胎
经水不通、血痨,内热,,
,,,淋漓不断、或前或后、腹中疼痛
,,,汗出不止、大便秘结
瘀血、产后恶露、胞衣不下、月经不调,,,少腹急痛
,痰结,,眩闷、头发干落、头旋、眼昏
妇人血气、无力、痃癖、水气,脾气不足,,冷痢、久不愈、舌上生疮、饮食无味、纵吃食下、小腹雷鸣、心闷、干皮细起、膝胫酸痛、两耳绝声、四肢沉重、忧烦、四肢不举
气逆,,,忧悸
小肠气,,,疼痛、撮痛
经血不行、癥瘕,,,
难产,,,
疟疾、产后有汗,,,
血虚、崩漏、产后失血、脾虚,风邪,,眩晕、吐衄
肾虚、呃逆、妊娠痢疾,,,
,,,
气力,,,胃弱、恶食、怯冷、神疲、带痰嗽
,,,赤肿
,,,脚肿
,,,血疼
无力、经脉不调、无子,,,子宫虚冷、带下白淫、面色萎黄、四肢痠痛、倦怠、饮食减少、血无颜色、肚腹时痛
遗精带浊,诸虚百损,,五劳七伤、形体羸乏、腰背疼痛
气逆、血虚、妇人崩漏、妊娠胎动、血热、血热、头痛、漏血,阴虚、火旺、火证、阴火、肝肾虚热,,咳喘、面色萎黄、脉细、筋挛、热多
寒热、盗汗、劳伤、咯血、寒热、盗汗、虚损、咯血、肺痿、肺痈,虚劳、气血两虚、热邪、诸虚百损,,咳唾脓血、形体羸瘦、羸瘦、困乏、劳复
,,,腹胁、腰痛、失气、血水间下
瘀血,,,
血闭、产后瘀血,,,
,,下血,
,诸虚,,出血
吐血、崩中带下,中满,下血,喘急、痰呕、虚肿
血热,,,出血
血崩,,下血,腹不痛
妇人血风,,,红斑圆点
妇人血风,,,恶疮、红斑圆点、斑肿
妇人血气,气滞,,心气疼痛、攻刺心腹、痛连胸胁
中风、半身不遂、妇人血气、半身不遂、拘急、头痛、不思饮食、霍乱,脾胃不和、脾胃不和、气滞,,肢体颤掉、手足拳挛、口眼?斜、心腹刺痛、肢体颤掉、肩背刺痛、口眼?斜、头目旋晕、痰涎壅盛、语言謇涩、行步艰难、气短、鼻塞、心腹刺痛、少力、精神不爽、呕吐恶心、吐泻、腰痛
中风、半身不遂,,,神昏、语謇、口眼?斜、头风、呕哕、手足麻痹
白浊,,,清浊相干
热结、淋沥,,,
消渴、白浊,,,血海冷、白淫
消渴、血淋、血崩,,,
厥逆,,,胀满、血胀、烦躁、迷忘、小便多、大便黑
白痢,,下血,湿冷、下痢、脓血
,,,上视、涎潮
内钓、胎寒腹痛,,,躽啼
乳积、食积、气积,荣卫不和,,渴泻或呕
,,,惊怖、心宫不守、舌本不通、不能言
热毒、丹毒、阴疮,湿热,,小便淋涩不通
胎惊,,,夜啼、惊惕抽掣
胎惊,,,
胎惊,,,
痰壅,,,
,,,壮热、痰盛、翻眼、口噤、惊积
胎痫,,,
胎惊,,,
经期出痘,,,发热
经水不止,热入血室,,
,,,出痘
,热邪,,发热见疹、血室空虚、夜时谵语、夜热、疹怯
先经后疹,热邪,,发热见疹、血室空虚、夜时谵语、常发夜热、疹怯
不思饮食、痃癖、癥瘕、十膈气、妇人血气,脾积滞气,,饮食不化、恶心呕逆、胸膈、胸腹胀满、脐胁有块、心脾冷痛、口吐酸水、冷痰、发痛、翻胃转食、面黄瘦乏、四肢头面浮肿、脏腑不调、里急后重
不思饮食、痃癖、癥瘕、十膈气、妇人血气,脾积滞气,,饮食不化、恶心呕逆、胸膈、胸腹胀满、脐胁有块、心脾冷痛、口吐酸水、冷痰、翻胃、黄瘦、脏腑不调、里急后重
四时伤寒,血滞,,手足顽麻、腰膝沉重、左瘫右痪、惊搐
经水不止,,,
脾虚、妊娠水肿,湿盛、脉虚,,水肿、面目四肢浮肿、心腹胀满、小便不利
,,,发热
伤寒、癥瘕、痢疾、疟疾、脚气、产后血晕、胎衣不下,,,心腹疼痛、水肿
月经不调,,,流血
月经不调,,,流血
赤白带下,湿热下注,,
感冒、心悸、月经不调,虚劳,,发热、胸腹胀痛、流血
血虚、月经不调,,,手足麻木、关节痠痛
,,,痰中带血
痛经,,,胃痛胀满、消化不良、便秘
月经不调、痛经,,,小腹胀痛、腰腿酸痛
经闭、月经不调、难产、胎盘不下、产后瘀血,,,
月经不调、经期腹痛,气血两虚,,腰腿酸痛、足浮肿
,,,肺热咳嗽、痰中带脓
经闭,气郁,,
霍乱、喉风、中毒、鬼胎、痈疽,暑湿温疫,,颠狂昏乱
风痰癫痫、胎痫、脐风,,,牙关紧闭、痰嗽、上壅、气喘
,,,脚臭
小产,,,
无力、自汗、盗汗、虚损、遗精、阳痿、肾虚、血寒、子宫久冷、赤白崩带、经水不调,体虚、精寒、气弱,,头眩、耳鸣、目花、腰膝酸疼、不能久坚、久不受孕
耳聋、头痛、吐血、溺血、遗精、肺痈、肠痈、痰火、气痛、黄疸、疟疾、食积、痢疾、不思饮食、经痛、经事不调、产后恶露不尽、瘀血、赤白带下、骨蒸、小儿惊风、食积,火郁、湿热、内热,,目赤、鼻疮、唇肿、喉闭、齿痛、齿血、便血、淋浊、昏狂、胸闷、脘胀、噎膈、大小便闭、水肿臌胀、里急、作痛、头晕、气闷、呕恶、发热、便秘、发热、形瘦
气逆,,,久嗽、干呕、咽痛声哑、痰中带血
劳伤、心悸、阳痿,诸虚百损,,身体羸弱、咳嗽、腰膝酸软、头晕、耳鸣
阳痿,诸虚百损,,忧思抑郁、劳倦、阴弱
中暑、绞肠腹痛、中恶、头痛、痧气、伤寒、风寒、中风、疟疾、瘫痪、气痛、水蛊、水泻、白痢、跌扑、痄腮、痈疽、疔疮、恶毒、疔疮、走黄、杨梅疮、虫毒、经闭、子死腹中、产后腹胀、乳积、食积、风寒,,,眩晕、脘闷、饱胀、阴阳反错、不省人事、手足厥冷、恶心呕泻、山岚瘴气、不语、痰涎神昏、口眼?斜、手足麻木、噎膈、胸膈疼痛、恶心嘈杂、牙痛、心胃虫痛、九种胃痛、小便尿血、赤痢、口痢、偏坠、腿足疼痛、昏迷不醒、诸疮、梦与鬼交、惊啼
经水不通、乱经、痛经,气郁、血凝寒滞,,不能受孕、肝血气块作痛
经水不调、经前腹痛、赤白带下、血癥、血瘕、妊娠呕恶、胎气不安、小产、风寒、骨痛、血崩、恶露,,,淋漓、冲逆、腰痠、饮食少进、带下见红、腰痠、偏身发热、不省人事、发热、头热、心烦、腰痛、发热
经水不调、经闭腹痛、经水不止、血证,阳虚,,阴弱、带下淋漓、饮食少思、面黄发脱、肌体消瘦、久不受胎
血虚、经水不调、崩漏带下、骨蒸,,,不能成胎
宫寒、瘀积、经事不调、不孕,,,任脉不荣、冲脉少藏
赤白带下、经水不调、无力、骨蒸,内热,,或先或后、头晕眼花、腰痠、胸闷、饮食减少
遗精白浊、赤白带下,肾水不足,,
崩中带下、产后恶露,气滞,,七情悒郁、食减、口苦、咽干、五心烦热、面黄肌瘦、胸胁刺痛、上攻、败血不止
经水愆期,气血不调,,带下淋浊、不能受孕
血虚、经漏、小产,,,腹痛
月经不调、赤白带下、寒湿脚气、小肠疝气、木子、脾虚、痢疾、瘰疬,,,五劳七伤、筋骨疼痛、左瘫右痪、手足麻木、心胃气痛、肚腹饱胀、鼻塞、偏正头风、冷哮、咳嗽、痰鸣、气急、鹤膝痠软、偏坠、久泻、跌打损伤、流注
吐血、寒劳、遗精白浊、阳事不举、赤白带下,,,劳嗽、久嗽、久喘、下元极弱、精神失常、痰膈、久无生育、子宫极冷
自汗、盗汗、无力、崩漏太多,,,发热、头晕、口干、昏冒不省
瘀证、皮疹、月经提前、血块、痛经、酒渣,肝郁,,斑片、胁胀、脉弦滑、舌薄黄苔、瘀斑
月经不调、赤白带下,,,
,气血两亏,,头晕、心宕、食少胃呆
血虚、经行腹痛、月经不调,气滞,,
血虚、月经不调,气弱,,
赤白带下,,,久不愈
月经不调,血亏,,
血虚、经闭、经少,气滞,,
胎毒、热毒、痈肿,,,疮疖
经行不畅,,,少腹疼痛
月经愆期,,,量少
,,,血不养筋、筋骨痠痛、手足麻木、月事衰少
流产,,,
产后诸病、痈疽疮疡、瘀血、血虚,,,作痛
白痢疾、崩漏带下,,,
月经愆期、自汗,血亏、血枯,,色淡、腹痛腰痠、精神倦怠、日晡潮热、咳嗽
脾虚、白浊、带下、崩漏,湿热下注,,
热毒、乳疮,,,疮疡、疖肿、红肿、疮疖
痰聚,血瘀,,声音嘶哑、痰浊
,,,阴痒
,,,
厥逆、无力,,,拒按、面色苍白、冷汗、淋漓、恶心呕吐、烦躁不安、脉微
,肝风内动,,头目晕眩、四肢抽动、牙关紧闭、口眼?斜、不省人事、面色时红时白、舌淡红、苔黄、脉数
,肝郁,,经血时下、口苦、咽干、胁胀、心烦不寐、手足心发热、舌红苔微黄、脉弦数而滑
月经色红,肝郁,,胁胀、头晕、口苦、量多、有块、苔黄舌质红、脉弦数
无力,,,劳倦、大出血、无块、腹不痛、苔正常
带下、目眩、盗汗,肝肾两虚、脉虚,,色青、久不愈、量少、头晕、耳鸣、咽喉燥痛、腰膝痠软、大便干燥、苔薄质红
暴崩、漏下、血淡,脾气虚弱、脉虚,,少腹胀痛、食少、便溏、舌淡、苔白
肾虚、妊娠中期、无力,,,腰胀、精神疲乏、饮食减少、食后即呕、小便频数、量多、舌淡、苔薄白、脉寸滑尺缓
痛经、太多,瘀滞,,少腹冷痛、腰痠、舌淡、苔白、脉沉紧
肾虚,,,少腹疼痛、小便多、白带较重、舌正常、苔白、脉沉缓
痛经,寒湿凝结,,少腹疼痛、喜热熨、舌润口和、脉沉迟
癥瘕、月经量少,,,胀硬疼痛、面色灰暗、身体畏寒、少腹冷痛、喜热、喜按、舌淡、苔薄白、脉沉涩有力
经行不畅、血块,肝郁气滞,,色淡、量少、嗳气、舌苔黄、脉弦
血热、月经后期,,,色紫、量少、腹胀、烦热、口干、苔黄、脉数
心悸,,,久下不止、面色苍白、精神疲乏、形寒肢冷、头晕眩、气短、腰痛如折、小便频数、五更泄泻
,,,腿膝、步行艰难、胸胁作胀、晚重、食少、苔腻、脉沉弦
产后恶露,,,腹痛、拒按、面赤、唇红、口干、舌燥、便秘、脉弦数
,肝经郁热,,小便黄赤、头昏、耳鸣、咽燥口苦、烦躁
,,,产后发热、头晕而痛、面红、唇燥、手足心热、心烦、口渴、便燥溺短、谵妄、舌红、苔黄、脉数
,,,小便短数、小腹胀满而痛、面色白、四肢面目浮肿、身体疲乏、头眩、腰腿痠软、舌质淡、苔薄白、脉沉滑
,气郁,,乳汁不行、产后乳汁不行、乳房胀痛、胸胁饱满、面色青黯、精神抑郁、食量减少、两胁作痛、腹部胀痛、大便不畅、舌淡、苔白
乳汁停,肝郁气滞,,不畅、乳房硬满胀痛、肿红、恶寒发热、舌淡、苔白、脉弦数
血虚、心悸、自觉胎动不安,,,腰腹痠胀、头晕、出血、脉细滑
心悸、无力,,,小便不通、脐腹胀痛、气短、神倦、食少、舌淡、苔白、脉沉
无力,,,小便频数而痛、尿量不减、呈淡黄色、腰部作胀、舌淡、苔正常、脉缓
,脉虚,,漓不止、色黄质薄、气短、神疲、舌淡、苔白
产后发热、恶露,,,少腹作痛、尿频便结、舌淡、苔细薄、脉弦实
肾虚、心悸,,,面浮、肢肿、面色灰黯、气短、下肢畏寒、腰胀、腹满、舌淡、苔薄白而润、脉迟
肾虚、月经紊乱、无力,,,带下黑色、量多、小腹不痛、面色苍白、喜暖恶寒、大便时溏、小便清长、舌淡、苔白、脉沉
痛证,气滞,,两胁胀痛、暴躁、口苦、头晕、咳嗽、苔白腻、脉弦而滑
血热、月经过多,,,有块、气腥臭、腹有痛感、舌绛、苔黄、脉弦数
痛经,,,口苦、心烦、脉弦数
产后恶露不下,,,拒按、舌淡、苔薄白、脉弦
子痫、风寒、风寒、头痛,,,肢体常痛、面浮、肢肿、胸闷、呕恶、昏闷、不识人、喉间痰鸣、舌淡、苔白而润、脉浮滑
风寒、月经数月不行、头痛,,,面青、四肢作痛、关节不利、少腹冷痛、恶风、腰痠、背寒、胸闷泛噁、舌淡、苔白而润、脉浮紧
经行无定期、心悸,,,色较正常、量少、性情急躁、抑郁、怔仲、多梦、食少、胸闷、舌质淡红、苔薄白、脉沉、弦数
心悸、无力,,,量多、潮热、头晕、苔黄微干、舌红、脉浮
子淋,脉虚,,作痛、尿黄、体瘦、面红、头重、眩晕、潮热、咽燥口渴、心烦、夜寐不安、舌质红、苔黄燥
血虚、风寒、头痛,,,面色淡黄、少腹时痛、恶寒、苔白、脉浮、少力
心悸,气虚,,久下不止、面色苍白、四肢清冷、气短、小便频数、舌苔花白、脉沉微
肾虚、经闭、头痛、无力,,,颜面不润、色带淡黄或白、唇燥、两眼乏神、饮食减少、耳鸣、潮热、手心发热、舌质淡红、苔薄黄、脉数
劳伤、崩漏,,下血,冲任、先红后淡、面色苍白、气短、神疲、舌淡、苔薄、脉大而虚
产后血崩、目眩、无力,,,头晕、精神抑郁、嗳气、心烦、善怒、胸闷、两胁胀痛、血色淡红、食欲减退、大便不调、溏薄不畅、舌苔薄白、脉弦
胎漏,,下血,量较多、精神疲倦、气短、饮食无味、舌淡、脉滑
妊娠、目眩、心悸,阴虚,,血燥、头晕、腰痠、腹胀、大便干燥、舌质红、苔光、黄燥、脉细数而滑
产后恶露不绝、血热,,,量较多、色红、腥臭、腹部偶而作胀、口干、心烦、舌淡、苔黄、脉数
,,,腰腹胀痛、出血、脉滑
恶阻、偏热,痰滞,,口干、烦热、愦闷、夜寐不安、大便干燥、苔黄腻、脉象滑数
肾虚、胎动不安,,,
月经错后、白带、心悸,,,色淡、量少、稠粘、身体肥胖、胸闷脘胀、痰多、胃纳减少、面色苍白、头晕、舌质淡红、脉细滑
经先后无定期,血瘀实证,,小便黄少、脉沉
血虚、心悸,脉虚,,面色苍白、皮肤干燥、形容枯瘦、寐少、腰疲、乏力、带下白色
月经后期、血虚,,,
产后乳汁自出,,,面色苍黄、潮红、心烦易怒、头晕、胁胀、舌黄、脉弦数
妊娠虚寒,,,腰腹疼痛、精神不振、憎寒喜热、少腹冷、小便清长、食少、舌淡、苔白、脉沉迟
痰阻,气郁,,稠粘、时多时少、中脘痞闷、痰多、气喘、呕逆恶心
产后发痉、瘫痪,痰湿,,形体肥胖、言语謇涩、口噤、不语、痰涎壅盛、胸脘痞闷、苔白腻、弦滑、风痰
月经先期、偏寒,血瘀,,
月经先期、经量不多、目眩,,摄血,神倦、短气、头晕
产后血晕、恶露不下,热邪,,面带红色、神昏、口噤、不省人事、胸满、心烦、少腹硬痛、拒按、大便秘结、舌质红、苔薄黄、脉数
咯血,脉虚,,潮热、咳嗽、面热、颧赤、手足心热、头晕、耳鸣、咳嗽痰少、唇燥舌红、苔黄、口干
月经后期、偏寒、血块,气郁,,量正常色黑、腰腹微有胀痛、苔薄白而润、脉沉迟
气逆,,,神昏、角弓反张、口噤、不语、胸脘痞闷、痰鸣、发热、大便秘结、苔黄腻、脉弦滑
妊娠恶阻,痰湿,,胸脘胀闷、不欲食、呕吐涎沫、舌质淡
带下,湿热,,湿邪偏重、量多、稠粘、头胀、胸闷、苔垢腻
妊娠水湿停积、心悸,,,胸满、肢体浮肿、腰痠、腿软、苔白腻、脉沉滑
妊娠子肿、脾虚,湿滞,,面目浮肿、胸闷不食、腰痠、腿软、小便时少、苔白而腻
血虚、漏下血、目眩,脉虚,,量少、色淡、头晕、手心热、心烦、腹微痛、舌质红、苔薄黄
,,,胁胀、口苦、尿黄、舌红苔黄、脉弦数
,,,昏昧、不识人、颈项强直、牙关紧闭、手握不开、身体发热、面色时红时青、呈苦笑状、脉浮弦
妊娠子痫、无力,阳虚,,面浮、肢肿、气促、尿短、不知人事、牙关紧闭、抽搐、舌淡、苔白、脉滑
转胞、妊娠小便不通,湿热、湿盛,,胸中痞闷、头重、苔白腻、脉濡、两尺微滑
血寒、月经后期,,,经来色淡、量多质薄、腰腹或有胀痛、精神不振、大便溏薄、脉迟而虚
血虚、月经量少,气郁,,色紫黑、面色青黄、舌质淡红、苔薄黄、脉沉细而弱
血热、漏下,,,面红、唇赤、手心发烧、咽干、口燥、小便短黄、舌红、苔黄、脉数而滑
漏下血、无力,,,体质较弱、胎气不固、腰痠、腿软、神疲、乏力、尺脉沉滑
脾虚、经行无定期,,,色淡红、量少、腰腹无胀痛、舌淡、苔白润
脾虚,气弱,,消化不良、食少、大便不实、下肢肿胀、气短、神疲、面色萎黄、舌淡、苔白滑、脉濡而虚
血寒、月经后期、太多,气滞,,少腹痛、腰胀、微恶寒、苔白、脉迟
妊娠、胎动不安、无力,气虚下陷,,体质不强、腰酸、腹胀、精神疲乏、出血、脉滑
月经过多,阴虚夹热,,色红、无块、舌红、苔黄、脉弦数
带下、不思饮食,,,质粘稠、臭气、面色苍黄、头胀、眩重、精神疲惫、胸闷、胁痛、舌淡红、苔黄腻、弦数
脾阳不运、带下、月经后期,寒湿下注,,色黑质薄、色淡质清、面色萎黄、四肢浮肿、气短、神疲、手足不温、纳少、便溏、舌淡、苔白、脉沉迟
子淋、带下,热郁、血滞,,小便黄赤、面色微红、口苦、烦躁不安、大便燥结、舌红、苔厚黄而燥、脉滑
产后恶露不下、无力,,,四肢微冷、恶寒、唇淡、苔白底淡、脉沉
月经后期,气郁,,两侧疼痛、拒按、胸胁胀痛、痞满、不思食、拒按、舌淡、苔白、脉弦滑
风寒、妊娠腹痛、无汗,,,头身俱痛、恶寒、胸闷不舒、舌淡、苔白、脉浮
血崩、无力、血虚,气虚,,大量出血、色红、小块、腹无痛苦、面色淡、舌质淡
过多,气虚,,无块、面色淡黄、饮食减少、腰腹胀痛、舌淡、苔白
产后发痉、中风、产后感冒、手足瘈疭,风邪,,头项强痛、恶寒发热、身疼、腰痛、四肢强直、牙关紧闭、舌淡、苔薄色白、脉弦紧
妇人癥瘕痰积证,,,身体肥、多痰、头眩、耳鸣、恍惚不寐、噁心呕吐、舌淡、苔白、灰腻、脉弦细
脾虚、妊娠、胎动不安,气弱,下血,腰痠、气短、神倦、面色浮黄、大便下利、舌淡、苔白滑、脉沉滑
产后血晕、寒热,血瘀、风邪、心下满,,头晕、无汗、拒按、少腹硬痛、神昏、口噤、舌略带青、苔薄白
脾虚、月经量少,,,色淡、口淡、苔白腻、脉缓滑
月经过少,血瘀,,经来色紫、少腹时痛、有块、苔薄黄、尺沉涩
食停,,,胃脘疼痛、口淡、不思食、嗳气、脉弦滑、苔厚腻
妊娠胎气上逆、恶阻,,,头胀、眩晕、心胸愦闷、起坐不安、嗳气、饮食不进、怠惰蜷卧、口淡、苔白、脉濡或缓
妊娠胎动不安,,下血,精神抑郁、心烦善怒、肋胁胀痛、潮热、嗳气、食少、呕苦、吐酸、脉弦而滑
子肿,湿滞,,肿胀、大便溏泻、小便不利、胸闷、不欲食、时呕清水、口淡无味、苔白腻、脉沉
妊娠腹痛、耳聋、热感,肝郁、气滞、湿热,,头目昏眩、胁痛、耳鸣、口苦、咽干、心烦、少腹作痛
月经先期、血块,气滞,,腹胸胀甚、舌淡、脉弦涩
暴崩、血块,肝气郁结,,色紫、少腹胀痛、精神抑郁、胸胁胀满、脉弦数
,阴虚血燥,,发热、颧红、手心发烧、心烦不安、舌质淡、苔薄微黄、脉细数
产后血晕、恶露,气郁,,面色苍黯、胸脘、两肋满闷、腹膨胀而痛、舌淡、苔薄、脉沉弦
,,,小便短黄、小腹胀痛、面色微黄、心烦不安、舌质微红、苔腻、脉滑
恶露、血块,血瘀、气滞,,胸腹胀满、少腹疼痛、硬块、大便秘结、小便微难、舌质淡、脉象沉弦
吐血、衄血,,,头晕、耳鸣、潮热、咳嗽、唇红、口燥、苔黄、脉细
月经先期、血块,血瘀,,经色紫、质稠粘、拒按、舌质淡红、略带紫色、苔黄、脉沉数、弦滑有力
,,,
疱疹、疱疹,,,
,,,
疱疹,,,
,,,
疱疹,,,
疮疹,,,
皮癣、疱疹,,,
疱疹,,,
胎火丹毒,,,
疱疹,,,
,,,
疱疹,,,
,,,
,,,
,,,
疱疹,,,
阳毒、肿毒、丹毒、疱疹,,,
月经不调,,,乏力、胸闷、气促、肢沉、腰脊痠痛、便溏、皮肤紫纹、舌胖质淡、苔薄白、白腻、脉象细弱
,,,出血
崩漏,,,
恶露,血瘀,,
血虚、经闭、月经大都后期、心悸、无力,,,量少、小腹无胀痛、面色萎黄、头晕、便溏、面浮、肢肿、神疲、乏力、舌质正常或淡、脉象细弱
脾虚、无力、不思饮食,,,胸闷、气喘、四肢浮肿
经行后期,肝气郁结,,经色紫红有块、小腹胀痛、胸胁、乳房作胀
肾虚、经行先后无定期,肝郁,,
产后气虚、血崩,,,
胎动不安,气血两虚,,
脾虚、崩漏,,,
闭经,肝气郁结,,下腹作胀、胀痛、少腹疼痛、乳房发胀
脾虚,,,
肾虚,,,
,湿热,,呈凝、乳块、腥秽、搔痒、刺痛、苔薄白、黄腻、脉象濡数
,湿热,,气秽、量多、湿痒、肿痛、小便赤涩、胸闷、心烦、口干、口苦、苔滑腻、脉滑
肾虚、胎漏、漏下,肾气虚,,先天不足、冲任不固、腰脊痠痛、腿软、头晕、耳鸣、尺脉细弱
崩漏,血瘀,,
赤白带下,,,
不孕,血海虚,,
,,,
产后少乳、血虚,经络瘀,,乳少
经闭不行、产后恶露不尽、癥瘕、月闭、劳瘵、癥瘕,血枯、气郁,,满闷、痞胀、不能饮食
经血不调、寒热,,,身体羸弱、咳喘
经闭,血枯,,饮食减少、灼热咳嗽
劳瘵,脉虚、血枯,喘促,饮食减少、身热
痃癖、癥瘕、经痛,气血凝滞、经络湮瘀、血瘀、气滞,,心腹疼痛、腿疼、臂疼、疮疡
血崩,,,
产后受风,,,发搐
滑胎,,,
妊娠恶阻,,,
过期不止、漏下,,,
寒热、月事不调、经水短少,,,先寒后热、汗出、热解
,,,
,肝气虚弱、郁结,,阴挺
产难,,,
劳证,,,痰中带血
闭经,气郁,,冲任
火毒,,,
经行出痘,,,
闭经,,,血海干涸
女劳疸、遗精白浊、崩中带下,,,
胎癞,,,
吐血、干血痨,虚劳、血瘀,,跌打损伤、发热
劳伤、血劳、黄疸,,,肿胀、噎膈
伤寒、风热,,,黄涎、声如蝉噪、两目发黄、身热、体痛、恶寒、无汗、溺短赤涩、脉右濡滞、苔白、边尖色红
劳伤、气逆、劳力,,,失血、胸胁闷痛
赤膈伤寒,,,胸膈赤肿、热疼、外发紫皰、舌胎边红
,,,
遗精、胎漏小产,,,
心悸、痉厥、子痫、产后惊风,肝风上翔、阴虚火旺,,头晕胀痛、耳鸣、手足躁扰、狂乱
,,,营血不足、身疼、无汗、发热、恶寒、脉浮弱
妊娠伤寒,,,
胎疟、阴分,,,夜热、神烦
痎疟、风寒、无汗、寒热,,,恶寒、头身俱痛、发冷、手足皆冷、口唇指甲皆青、皮肤壮热、色赤、呼吸粗、渴欲饮冷、神倦、嗜睡、心烦、灰腻、脉沉弦
妊娠伤寒,热郁,,
劳伤、气逆,,,失血、胸胁闷痛、咳嗽
,,,
肠热,,,喉痒、干咳、痰粘带血、血色鲜红、胸胁串痰、腹热如焚、热痛、苔干
妊娠伤寒、胎动不安,脾气虚馁、虚陷,,
妊娠伤寒、头痛、胎孕不安,,,发热、恶寒、身痛、脉浮紧涩
胎疟,,,
,,,发狂
胎疟、寒热,,,
伤寒汗下,,,虚烦不眠、胎孕不安、脉濡数
中风、寒热,热入血室,,经水适断
经闭,干血内滞,,目暗、腹疼、作痛
经水适断,,,发热、谵语、昏厥、舌干、口臭、便闭、尿短
寒热,,,串痛
耳聋,热入血室,,经水适来或适断、口苦、脉静身凉、发热、脉数
寒阻,,,
妊娠胎堕,,,
癥瘕,,,
产后血晕、血气、癥瘕、头痛、目眩、痨疾,,,滞血不散、面色黄肿、呕逆恶心、口吐清水、四肢萎弱、五脏虚怯、吃食减少、羸瘦
无力、胎脏不安、气痛,,,食欲不振、气喘疾痛、面目萎黄、身体羸瘦、手脚浮肿
痈肿、金疮、瘀血、马鞍,血积,,
月经内塞、无子、风瘙、寒热、瘰疬,,,心腹积聚、胸肋背痛、背痛、脚膝冷痛、头项痛、诸风、腹中积聚
伤寒、头痛、妊娠热病,,,身热、脉浮、吐逆
肠痈、疽痔,,,
急性湿疹、丹毒、疱疹,,,舌红、苔黄腻、脉滑
胎毒、胎(疒敛)疮、湿疹、热毒,,,疖肿、大便干秘
湿疹,,,
胎毒、胎(疒敛)疮、湿疹,,,
失精、瘫痪、半身不遂、寒湿气痹、寒热、肠风、痔瘘、子宫久冷、崩漏、月候不调、血下瘕、血闭,诸虚不足、气血怯弱、脾胃气虚,下血,头目昏晕、肢节倦怠、心志昏愦、夜梦、小便滑数、诸风、语言謇涩、肢体重痛、发疟、下痢赤白、带下五色、腹胁刺痛、羸瘦、乏力
内虚、月事愆期、赤白带下、阴毒、伤寒,心气虚,,虚冷、上热下冷、腰背疼痛、饮食无味、膀胱久冷、夜多小便、血海久冷、恶露不止、四肢厥冷、不省人事
,虚劳,,
脚气,诸虚不足,,梦寐不安、手足疼痛、腰膝拘挛、步履艰难
产后诸虚、寒热、自汗、盗汗,诸虚百损,,
白浊,下元虚弱,,白带淋漓、小便频数
感冒,,,
四时伤寒、风温、拘急、寒热、已经汗下、不服水土、血虚,,,发热恶寒、头疼、项强、肢节疼重、喘嗽、鼻寒声重、目睛眩疼、烦躁、引饮、山岚瘴疟、发热
,,,头风、头目昏暗、睛疼
脚气,诸虚不足、下元虚冷,,头风、吐痰、腰疼
盗汗、脾虚、小肠气、霍乱、风气、产后虚损,阴阳不和、脏腑虚弱,,头目昏眩、腹胁刺痛、呕逆恶心、饮食不进、上喘、四肢厥冷、腰背痠疼、气短、脉沉、耳干焦黑、面黄、体瘦、怠惰、多困、小便频数、吐泻
,,,滞重
黄疸、血蛊、血瘕、血分,脾气横泄,,痞气、气块
,,,血失常经
血虚,,,劳倦
产后虚羸,,进饮食,百节疼痛
妊娠痢疾,,,里急后重
虚损、淋沥,,,或食生冷、心腹疼痛
,,,
,,,出血
寒热,,,心腹刺痛
血刺,,,心腹疼痛
真心痛,,,
月经不调,,,
妇人血气,,,
产后发渴、经血过多,,,发渴
,,,
妊娠胎动不安,,,腰腹疼痛
,,,
头痛,,,恶风发热、脉沉
经脉不匀,气血壅滞、风热,,遍身瘾疹、红紫、成片、肌肉顽痹、皮肤粗涩、瘙痒
产后败血,,,胸满、气喘、命在须臾
胎漏,,,
经脉不通,,,血膈
瘫痪,,,臂疼
,,下血,
冷精带下、耳聋,,,阴挺脱出、青黑黄白、腹下攻痛、胸闷、头旋、眼晕
崩漏,,,脾血不固
血热、经候不通,,,口干、头晕
,,,心膈迷闷、刺痛
血崩,,,
水泻、赤白痢,,,气痛
,,,
月候不通,,,
产后腰痛,,,
妇人血气、经血不通,,,心痛、手足疼痛
产后腹痛,,,
产前产后,,,横逆
赤白带下、月经不调,诸虚不足,,
产后恶露不下,,,心腹刺痛、身体疼痛、产前恶心、疼痛不已
经脉不通,,,
,,,
血崩,,,
产难、死胎,,,横生倒产
,血滞,,胁痛、腰胁痛
,,,
胎毒,,,赤肿
无子,,,
产后恶血未尽、耳聋,,,憎寒发热、小腹剗刺痛、心气膨胀、不纳饮食、面目虚肿、脚手浮肿、眼晕、腰痛
月信退出,,,
妊娠腹痛,,,
,尺虚,,小腹痛、饮食不纳、脉沉紧
,,下血,心腹胀痛、小块
,,,发搐
自痢、脚气,气不升降、脾胃不和、气血不调,,气聚衰弱、饮食不进、呕逆恶心、虚喘、气促、上攻、流注
,,,冷嗽
,,,喘满、痰涎
瘫痪、脚气,,,手足不随、头风
中风、半身不遂、经脉挛缩、风湿相搏、自汗、拘急、风气、虚损,体虚,,左瘫右痪、口眼?斜、手足軃曳、足膝软弱、四肢酷冷、肌肉麻痹、骨间冷疼、行步艰难、关节痠痛、恶风、面目浮肿、头风、头疼、项强、筋紧、头晕、憎寒、呕吐不食、发渴
,,,血疼
拘急,诸虚不足、气不升降、脾胃不和,,瘫中疼痛、痰涎壅盛、饮食不进
脚气,,,
,,,
妊娠白带,,,
胎漏,内热,,
寒热,,,怯弱、脉息和顺、肢体沉重、头目昏眩、呕吐痰水、恍惚
胎动不安,,,烦躁不安、发斑变黑、小便如血
子气,,,两足浮肿、面肿、腿膝、饮食不甘、小便流利
妊娠头痛,风邪、气衰,,
妊娠中寒,,,
荣卫不调,脏腑气虚,,津液枯少、烦躁、舌干、口渴
恶露,,,淋漓不止
难产,气结,,
产后血虚,,,败血攻冲、邪淫于心、乱语
产后阳虚、盗汗,,,
颠倒,,,惊悸
,,,呕吐下利
,,,呕吐、两胁胀满、便血
肠产,,,
太多、肾虚,,,
妇人经水不调、赤白带下,,,久不受孕
无力、不孕,脾胃虚寒,,
经水不调,,,久不受孕
,,,五心烦热、咳嗽、气急
经脉不调、无力,血海虚、气血不足,,腰腹疼痛、鱼脑、米泔、信期不定、淋漓不止、面色青黄、头晕眼花
寒热,,,发热、身体不宁、口苦、面赤、头目晕花
感冒、寒热、头痛,寒邪,,遍身疼痛、手足麻痹、头目昏迷
妇人血气、不思饮食,,,猪肝水、五心烦热、腰腹疼痛、面黄肌瘦
虚损、漏下不止、气逆、自汗、无力、不思饮食,,,色鲜红、气短、身体发热、大便泄泻
血虚、目眩,,,头昏、小腹作痛、鱼腥、恶心吐逆
,气血两虚,,腹中有块疼痛、头晕眼花、饮食不思、恶血不散
不思饮食,胃气不开,,潮热
,血瘀,,攻刺小腹、成块
经水不通、寒热、头痛,,,误食生冷、手足麻痹、恶心呕吐、结块、冲痛
经闭,,,面色青黄、遍身浮肿
月经愆期,脾胃虚弱、气血不足,,冲任损伤、或前或后
,,,面色青黄
过多、经闭,,,血海干枯
经水时下、目眩、崩漏,,,身体困倦、饮食少进、淋漓不止、成片、面色青黄、眼花、四肢痠痛
肾虚、崩漏,,,
,,,满肚疼痛
过多、寒热,,,冲任伤损、腹痛
过多、过多,,,失血、血海干枯、失血
血闭,气血盛实,,脐腹疼痛
崩漏,,,冲任伤损
经脉不调、赤白带下、骨蒸痨瘵,,,或如梅汁、片块、潮热、咳嗽、饮食不思、四肢困倦
崩漏不止,,,
,脾胃虚弱,,形瘦食少
月候不调,气滞,,血海疼痛
崩漏初止,,,
经闭劳嗽,,,
石瘕,,,气力强健、肿胀
经闭,痰滞,,形肥
血闭,气血盛实、热结,,脐腹疼痛
经闭、骨蒸,脉虚,,五心烦热
,,,性躁、冲任
难产,,,滑胎
,心虚,进饮食,
,,,产户不闭
不孕,精寒、元阳不足,,
,,,脐腹冷痛
虫积、痰涎壅滞、食积、气积、肠风、痔漏、脏毒、疮癣、妇人血气、寒热、月经不调、赤白带下、鬼胎、产后诸疾、小儿五疳、虫积,脾胃不和,进饮食,食伤生冷、心膈胀满、呕恶咽酸、吐清水、面色萎黄、山岚瘴气、水肿、蛊胀、咳嗽、酒积、气块、噎膈、呕逆恶心、酒痢、上攻、肌体羸弱
泻痢、产育气虚、脱肛,,,脉濡而弦
走注,,,困弱、肢节肿痛
寒热、痛经不调,气血亏损,,胁胀作痛、胁胀、头眩、发热
走注,,,疼痛
骨蒸,实热,,传尸
风证、半身不遂、疮癣、破伤风,,,左瘫右痪、口眼歪斜、腰腿疼痛、手足顽麻、语言謇涩、行步艰难、上攻、耳内蝉鸣、痰涎不利、皮肤搔痒、偏正头风、角弓反张、血出
客热、不思饮食,,,心胸壅闷、肢节烦疼
风痹、拘急,,,手足不随、身体疼痛、言语謇涩
客热、头痛,,,烦渴、痰涌
妇人血风、无力、口疮、月水不调、寒热,虚劳,,上热下冷、心中烦躁、困乏、不美饮食、肌肉黄瘁、肠鸣、气块、头旋、痰逆、手足麻痹
妇人血风,,,气攻心腹疼痛、四肢不和、食减少、日渐羸瘦
妇人血风、盗汗,,,五心烦躁、心多怔忪、恍惚忧惧、头目昏重
妇人血风,,,冷气、心腹疼痛、四肢不和、食减少、日渐羸瘦
,,,咳嗽
血膈,,,
难产,,,
,,,肺壅、咳嗽喘急
不思饮食,,,腹中（疒丂）痛
难产,,,
胎动不安,,,
不孕,,,
妊娠泄泻,,,
自汗、漏下血,,,
难产,,,
经事不调、妊娠吐衄,肾经虚火,,
妊娠腰痛,,,胯痛
血虚、产后败血,,,多惊
产后失音不语,,,
产后风虚、头痛,,,言语謇涩
四肢筋脉挛急,,,身体麻痹
,,,产后发热、口干作渴、生疮
寒热,,,
,,,狂言、乱语、目见鬼神
,,,面青、浮肿、唇白、气急有汗
产后心气攻痛,,,
恶露,,,带下赤白
血崩,,,
血虚、经水过期不行,气滞,,
经水先期,,,
妊娠白带,,,
白浊,,,阴户疼痛、白淫、胸痞虚浮、面色黄、多眠少食
月候愆期、崩漏不止、赤白带下,冲任虚弱、气满,,或前或后、小腹急痛、头眩、饮食减少、肌肉不泽
妇人血风,,,打扑伤损、左瘫右痪、手足顽麻
妇人血气,,,
寒热,,,肌肉渐瘦、带疟
,,,红紫
,,,发热、烦躁、谵语、腹疼呕吐、痰喘、恶渴
热毒,,,两目不开
胎惊,,,
胎惊,,,
胎毒、头疳,,,脓血、腥臭、滋水淋漓
吐血、寒劳、遗精白浊、阳事不起、无子、赤白带下,下元冷弱、痰火,,久嗽、久喘
干血痨,,,
中风、喉闭、小儿惊风,,,痰厥、牙关紧闭、不能言、痰迷不省
半身不遂、疥疮、肠风、痔漏、白癜风、寒湿脚气、疝气、十膈五噎、无力、耳聋、淋沥、经脉不调、盗汗、气毒、赤白带下,诸虚百损,,五劳七伤、左瘫右痪、偏正头风、口眼歪斜、语言謇涩、筋脉拘挛、手足麻木、身体羸瘦、腰腿疼痛、皮肤生疮、眼昏、下部虚冷、脐腹疼痛、胁背臌胀、黄瘦、面肌、口苦、舌干、呕逆恶心、饮食无味、四肢倦怠、神鬼惊悸、潮热、或多或少、或前或后、心中闷塞、子宫积冷、虚瘵
阴痿、无力、赤白带下、经水愆期、无孕,诸虚不足、气弱、肾气不和,,五劳七伤、心肾不交、小便频数、腰膝疼痛、起居倦怠、脚冷麻痹、不能久立、脐腹疼痛
脚气、乳汁不通,,,小便不利
妊娠心痛,,,
风寒咳嗽,,,
小儿胎风,,,牙衄、口臭
肺痿、寒热,气虚,,气急、烦闷
热病、寒热,,,狂妄
热病、寒热,,,狂妄
,,,两足痛
,肝经湿热,,腹不痛
经水未行疼痛,,,
月经后期,,,
脾虚、月经后期,,,血不化生
经水或前或后,,,时多时少
产后血崩、血块,,,
产难,,,
,,,大便日久不通
经水过多,,,五心烦热、潮热
,,,
,,,潮热有汗、大便不通、口燥舌干、汗出、谵语、便秘
产后腰痛、风寒,,,劳伤
血块,,,痛止而厥
过多,阴虚内热,,
妊娠恶呕,,,
,,,心胃胀满
血虚,,,堕胎
头痛,阴阳不和,,胁痛
带下、血虚,,,
,,,心惊胆怯、烦闷不安
妊娠咳血,,,
,,,口渴、小便不利
血虚,,,
,气血两虚,,妄言妄见、神魂无依
,,,腰脚肿
,,,脐腹痛
,,,发热
血病、寒热,,,
,,,
产后拘挛转胞、淋闭,,,尿胞
小儿疟疾、妊娠疟疾,,,
经候不调、小儿疳、乳癖,心火上盛、肾水下虚、气血壅滞,,肢体憔悴、面色萎黄、胸膈痞闷
经闭、产后诸疾,,,
血气、吐血、骨蒸、失精、赤白带下,虚劳,,咳嗽、潮热、梦遗
寒热,,,不痛
,阴火上炎,,情志不逐、忧郁内伤
小核,,,体质羸弱
,,,
妊娠恶阻、胎动不安,,下血,常憎饮食、心神倦怠
妊娠恶阻,,,
