group8,group7,group6,group5
"['肝燥碍肺', '咳而无痰']","['肝燥碍肺', '咳而无痰']","['月经后期', '色淡']","['月经后期', '色淡']"
"['手足挛急', '口吐涎沫']","['手足挛急', '口吐涎沫']","['肝燥碍肺', '咳而无痰']","['肝燥碍肺', '咳而无痰']"
"['冲脉少藏', '腹多病']","['冲脉少藏', '腹多病']","['产后', '遍身壮热']","['产后', '遍身壮热']"
"['头目眩晕', '血风劳']","['阳微', '汗多不止']","['吐血不止', '衄血']","['吐血不止', '衄血']"
"['阳微', '汗多不止']","['湿毒阴痒', '阴疼']","['命门不禁', '液脱阳离']","['气息欲绝', '冷汗']"
"['湿毒阴痒', '阴疼']","['狂言', '妄言']","['气息欲绝', '冷汗']","['饮食不下', '肌体羸瘦']"
"['凝结不散', '脚丫作痒']","['脾气受伤', '脾转运滞']","['饮食不下', '肌体羸瘦']","['妊娠', '动胎']"
"['狂言', '妄言']","['便利常涩', '两脚不仁']","['风湿脚气', '寒湿']","['月经不通', '寒热']"
"['脾气受伤', '脾转运滞']","['急性湿疹', '过敏性皮炎']","['产后咳嗽', '心胸不和']","['湿毒阴痒', '阴疼']"
"['便利常涩', '两脚不仁']","['关窍不固', '水不济火']","['冲脉少藏', '腹多病']","['大寒', '多悲']"
"['急性湿疹', '过敏性皮炎']","['下利赤白', '种种带下']","['内劳无度', '液脱阳离']","['不调', '冷热']"
"['关窍不固', '水不济火']","['羞明', '视物不明']","['妊娠', '动胎']","['血风劳', '身疼']"
"['下利赤白', '种种带下']","['胁痛潮热', '咳而无痰']","['舌质红', '量多']","['眼黄', '汗黄']"
"['吐血不止', '咯血']","['心阳内耗', '液脱阳离']","['脾气受伤', '痞塞嗳酸']","['月经不调', '赤白带下']"
"['羞明', '视物不明']","['多倦', '多睡']","['月经不通', '寒热']","['无津以润', '血流如经水']"
"['胁痛潮热', '咳而无痰']","['女子血衰', '容色枯瘁']","['湿毒阴痒', '阴疼']","['虚惊', '心气不安']"
"['心阳内耗', '液脱阳离']","['疮疥', '痈疽发背']","['大寒', '多悲']","['心腹绞急切痛', '不可按摩']"
"['多倦', '多睡']","['烦愦', '不安']","['不调', '冷热']","['惊胎', '惊风']"
"['女子血衰', '容色枯瘁']","['小便如血', '斑出黑色']","['血风劳', '身疼']","['腹胀胎腐', '腰重不能屈伸']"
"['疮疥', '痈疽发背']","['怒郁伤肝', '忧思伤脾']","['眼黄', '汗黄']","['产后', '肚腹痛']"
"['阳微', '牙噤发搐']","['气力疲乏', '停息']","['月经不调', '赤白带下']","['脾气受伤', '脾转运滞']"
"['烦愦', '不安']","['头皮光急', '鬓有疮痍']","['无津以润', '血流如经水']","['小便利数', '耳内虚鸣']"
"['小便如血', '斑出黑色']","['肿硬', '脓血淋漓']","['阴痒', '阴肿']","['痰闭子宫', '肥盛']"
"['怒郁伤肝', '忧思伤脾']","['颧红', '经行乳胀']","['虚惊', '心气不安']","['痈', '疖']"
"['气力疲乏', '停息']","['脉弦数', '舌质红']","['心腹绞急切痛', '不可按摩']","['虚羸', '产后气短']"
"['头皮光急', '鬓有疮痍']","['血气未定', '心下痞闷']","['惊胎', '惊风']","['脾转运滞', '多食厚味']"
"['肿硬', '脓血淋漓']","['上冲心腹', '卵痛']","['腹胀胎腐', '腰重不能屈伸']","['急性湿疹', '过敏性皮炎']"
"['颧红', '经行乳胀']","['多倦', '少力']","['产后', '肚腹痛']","['关窍不固', '水不济火']"
"['脉弦数', '舌质红']","['难产', '涩']","['脾气受伤', '脾转运滞']","['血风攻注', '赤肿疼痛']"
"['血气未定', '心下痞闷']","['瘀血作痛', '肠痈']","['小便利数', '耳内虚鸣']","['下利赤白', '种种带下']"
"['上冲心腹', '卵痛']","['产后气虚', '伤损经络']","['饮食不下', '月经不调']","['言语謇涩', '半身不遂']"
"['多倦', '少力']","['肌肤赤肿', '大头时肿']","['便利常涩', '两脚不仁']","['妊娠血痢', '黄水不绝']"
"['难产', '涩']","['腹苦', '生不乳']","['痰闭子宫', '肥盛']","['上气', '咳逆']"
"['瘀血作痛', '肠痈']","['痢不止', '疟']","['痈', '疖']","['胁痛潮热', '咳而无痰']"
"['产后气虚', '伤损经络']","['肚腹痛', '动胎']","['虚羸', '产后气短']","['胎衣不下', '死胎']"
"['筋脉失养', '痛如行痹']","['羞明', '翳膜']","['腹内成块', '腿胫或肿']","['遍身壮热', '阴寒']"
"['肌肤赤肿', '大头时肿']","['妊娠血痢', '注下不止']","['急性湿疹', '过敏性皮炎']","['腹多病', '气食生冷']"
"['腹苦', '生不乳']","['阴蚀疮', '下肢溃疡']","['脾转运滞', '多食厚味']","['恶肉突出', '趾甲生疮']"
"['痢不止', '疟']","['大便后下血', '衄血']","['关窍不固', '水不济火']","['带下', '崩中漏下']"
"['肚腹痛', '动胎']","['腮虚肿', '鬓有疮痍']","['血风攻注', '赤肿疼痛']","['血衰', '气盛']"
"['羞明', '翳膜']","['小便如血', '胎欲落']","['下利赤白', '种种带下']","['脉紧涩', '恶露纯水']"
"['腹大如妊', '相狎']","['血冲上昏闷', '暴血下']","['言语謇涩', '半身不遂']","['发作抽掣', '眼目反张']"
"['妊娠血痢', '注下不止']","['瘾疹丹起', '筋脉肌肉疼痛']","['阴中生疮', '阴蚀几尽']","['命门不禁', '命门失守']"
"['肚腹痛', '月经过多']","['产后伤寒并痢', '瘦不能食']","['羞明', '视物不明']","['心血虚弱', '含糊謇涩']"
"['带下', '血崩']","['命门失守', '液脱阳离']","['妊娠血痢', '黄水不绝']","['恶疮癣', '野鸡痔']"
"['妇人血气', '冷气']","['悲泣不止', '歌詠言笑']","['上气', '咳逆']","['女子血衰', '容色枯瘁']"
"['阴蚀疮', '下肢溃疡']","['肝脏壅热', '腮颈颐项发肿']","['胁痛潮热', '咳而无痰']","['发脑', '发鬓']"
"['大便后下血', '衄血']","['血热', '月经先期']","['血冲上昏闷', '血暴下']","['心阳内耗', '内劳无度']"
"['腮虚肿', '鬓有疮痍']","['肠风', '痔漏']","['胎衣不下', '死胎']","['疮疥', '痈疽发背']"
"['小便如血', '胎欲落']","['难产', '胎衣不下']","['心阳内耗', '液脱阳离']","['成淋', '小便痛而数']"
"['血冲上昏闷', '暴血下']","['口急', '身如角弓反张']","['遍身壮热', '阴寒']","['阴中肿痛', '带下黑色']"
"['瘾疹丹起', '筋脉肌肉疼痛']","['呻吟', '下瘀']","['腹多病', '气食生冷']","['头皮光急', '鬓有疮痍']"
"['产后伤寒并痢', '瘦不能食']","['胸膈停痰', '痈疽未破']","['恶肉突出', '趾甲生疮']","['气闭肚疼', '白泻']"
"['命门失守', '液脱阳离']","['齿皆恶热饮', '大恶汤饮']","['带下', '崩中漏下']","['咯痰带血', '气怒肺热']"
"['悲泣不止', '歌詠言笑']","['痒涩起赤障', '妊娠目赤肿痛']","['妊娠呕恶冲逆', '不下食']","['肿硬', '脓血淋漓']"
"['言语謇涩', '恍惚']","['瘀血不散', '风滞']","['血衰', '气盛']","['心阳内耗', '命门失守']"
"['肝脏壅热', '腮颈颐项发肿']","['两乳细小', '胃血干燥']","['脉紧涩', '恶露纯水']","['凝结有块', '肿中']"
"['血热', '月经先期']","['阴虚', '内热']","['产门', '结毒']","['飞尸', '鬼疰']"
"['肠风', '痔漏']","['乍作乍止', '气血俱实']","['发作抽掣', '眼目反张']","['结毒', '脓血淋漓']"
"['难产', '胎衣不下']","['妊娠', '伤寒']","['命门不禁', '命门失守']","['风入胞中', '寒凝浊瘀']"
"['口急', '身如角弓反张']","['产后', '头痛']","['心血虚弱', '含糊謇涩']","['阻滞', '溺窍不通']"
"['呻吟', '下瘀']","['小儿胎寒', '大便色黑']","['恶疮癣', '野鸡痔']","['中脘宿冷', '冷血侵脾']"
"['胸膈停痰', '痈疽未破']","['皮聚', '毛落']","['女子血衰', '容色枯瘁']","['胎元久冷', '下部阴湿']"
"['齿皆恶热饮', '大恶汤饮']","['痈', '疮疥']","['发脑', '发鬓']","['内劳无度', '命门不禁']"
"['痒涩起赤障', '妊娠目赤肿痛']","['寒热', '口干']","['心阳内耗', '内劳无度']","['心神恐惧', '啼泣不止']"
"['瘀血不散', '风滞']","['血晕', '昏迷不省']","['疮疥', '痈疽发背']","['痈', '痈疽发背']"
"['两乳细小', '胃血干燥']","['瘙痒', '瘾疹']","['气食生冷', '经准不孕']","['脉弦数', '舌质红']"
"['阴虚', '内热']","['流血不止', '脓血淋漓']","['成淋', '小便痛而数']","['结毒', '肿硬']"
"['侵损荣卫', '精血攻冲']","['带下黄色', '任脉湿热']","['咯痰带血', '衄血']","['血气未定', '心下痞闷']"
"['乍作乍止', '气血俱实']","['啼泣不止', '歌笑无度']","['阴中肿痛', '带下黑色']","['惊泻', '粪稠若胶']"
"['妊娠', '伤寒']","['小儿胎寒', '躽啼']","['头皮光急', '鬓有疮痍']","['上冲心腹', '卵痛']"
"['产后', '头痛']","['舌质红', '舌苔黄腻']","['脚手痹顽', '偏正头风']","['瘀血作痛', '肠痈']"
"['口急', '背项强直']","['侵损荣卫', '病患相感']","['气闭肚疼', '白泻']","['遍身壮热', '伤寒']"
"['小儿胎寒', '大便色黑']","['带下', '不育']","['咯痰带血', '气怒肺热']","['白带腥臭', '任脉湿热']"
"['月经不调', '眩晕']","['遍身壮热', '头痛']","['肿硬', '脓血淋漓']","['口干', '口苦']"
"['皮聚', '毛落']","['脾气受伤', '多食厚味']","['腹多病', '经准不孕']","['身体拘急', '反张']"
"['痈', '疮疥']","['血晕', '胎衣不下']","['心阳内耗', '命门失守']","['气淋', '劳淋']"
"['寒热', '口干']","['腹皮宽胀', '忧乐不常']","['凝结有块', '肿中']","['冬月感寒', '脱衣受风']"
"['血晕', '昏迷不省']","['胞胎寒冷', '胞胎寒冷']","['飞尸', '鬼疰']","['气蛊', '水蛊']"
"['瘙痒', '瘾疹']","['产后', '遍身壮热']","['结毒', '脓血淋漓']","['子宫发育不良', '不排卵']"
"['流血不止', '脓血淋漓']","['产后咳嗽', '心胸不和']","['瘀而为毒', '血衰血阻']","['欲结成痈', '肿痛此热']"
"['带下黄色', '任脉湿热']","['风湿脚气', '寒湿']","['风入胞中', '寒凝浊瘀']","['乳痈', '痈疽发背']"
"['啼泣不止', '歌笑无度']","['舌质红', '量多']","['阻滞', '溺窍不通']","['堕胎', '血结']"
"['小儿胎寒', '躽啼']","['月经不通', '寒热']","['热毒', '上攻']","['手足不遂', '风痹']"
"['舌质红', '舌苔黄腻']","['血风劳', '身疼']","['中脘宿冷', '冷血侵脾']","['痛痒不休', '飞红无靥']"
"['侵损荣卫', '病患相感']","['惊胎', '惊风']","['胎元久冷', '下部阴湿']","['患疟', '素虚']"
"['带下', '不育']","['肝气郁结', '乳房发胀']","['内劳无度', '命门不禁']","['羞明', '翳膜']"
"['遍身壮热', '头痛']","['腰痛下血', '情欲相扰']","['心神恐惧', '啼泣不止']","['腿胫或肿', '肚上筋脉']"
"['脾气受伤', '多食厚味']","['妊娠血痢', '黄水不绝']","['痈', '痈疽发背']","['肚腹痛', '月经不调']"
"['血晕', '胎衣不下']","['烦乱', '腹中拘痛']","['脉弦数', '舌质红']","['妊娠血痢', '注下不止']"
"['腹皮宽胀', '忧乐不常']","['上气', '咳逆']","['结毒', '肿硬']","['肠胃多痰', '血闭带下']"
"['胞胎寒冷', '胞胎寒冷']","['血冲上昏闷', '血暴下']","['血气未定', '心下痞闷']","['关窍不固', '房事过度']"
"['产后', '遍身壮热']","['胎衣不下', '死胎']","['惊泻', '粪稠若胶']","['居处失宜', '偶然顿仆']"
"['产后咳嗽', '心胸不和']","['羞明', '赤眼肿痛']","['上冲心腹', '卵痛']","['胎风', '搐搦']"
"['风湿脚气', '寒湿']","['带下', '崩中漏下']","['多倦', '少力']","['月经不调', '不育']"
"['饮食不下', '月经不通']","['腹苦', '冻如葵汁']","['瘀血作痛', '肠痈']","['中风', '口急']"
"['舌质红', '量多']","['子淋', '热痛']","['遍身壮热', '伤寒']","['赤白带下', '不育']"
"['月经不通', '寒热']","['血衰', '气盛']","['白带腥臭', '任脉湿热']","['阴蚀疮', '下肢溃疡']"
"['血风劳', '身疼']","['产门', '结毒']","['口干', '口苦']","['月经过多', '胎漏']"
"['五劳', '寒湿']","['心血虚弱', '含糊謇涩']","['身体拘急', '反张']","['小儿胎寒虚', '躽啼']"
"['惊胎', '惊风']","['心阳内耗', '内劳无度']","['气淋', '劳淋']","['胎动胎痛', '居处失宜']"
"['肝气郁结', '乳房发胀']","['咯痰带血', '衄血']","['产道干涩', '萎顿']","['腮虚肿', '鬓有疮痍']"
"['难产', '死胎不出']","['寒热', '头痛']","['冬月感寒', '脱衣受风']","['大寒', '白带腥臭']"
"['胞胎肥厚', '腹皮宽胀']","['脚手痹顽', '偏正头风']","['气蛊', '水蛊']","['脏腑虚渴', '脱血过多']"
"['腰痛下血', '情欲相扰']","['气闭肚疼', '白泻']","['子宫发育不良', '不排卵']","['产后', '饮食不下']"
"['妊娠血痢', '黄水不绝']","['结毒', '脓血淋漓']","['松悸不定', '精神恍惚不主']","['脉弦数', '舌苔黄腻']"
"['烦乱', '腹中拘痛']","['阻滞', '溺窍不通']","['欲结成痈', '肿痛此热']","['血溢', '中脘宿冷']"
"['上气', '咳逆']","['中脘宿冷', '冷血侵脾']","['乳痈', '痈疽发背']","['妊娠', '干呕']"
"['血冲上昏闷', '血暴下']","['胎元久冷', '下部阴湿']","['腹苦', '生不乳']","['小便涩', '子淋']"
"['胎衣不下', '死胎']","['饮食不下', '头目眩晕']","['痢不止', '疟']","['饮食不下', '寒热']"
"['羞明', '赤眼肿痛']","['痈', '痈疽发背']","['皮聚', '心肺俱损']","['下痢', '脓血']"
"['带下', '崩中漏下']","['结毒', '肿硬']","['肚腹痛', '动胎']","['房事过度', '水不济火']"
"['腹苦', '冻如葵汁']","['遍身壮热', '伤寒']","['堕胎', '血结']","['血冲上昏闷', '暴血下']"
"['子淋', '热痛']","['口干', '口苦']","['手足不遂', '风痹']","['精冲血管', '贪欢交感']"
"['血衰', '气盛']","['气淋', '劳淋']","['痛痒不休', '飞红无靥']","['白带腥臭', '多悲']"
"['产门', '结毒']","['产道干涩', '萎顿']","['患疟', '素虚']","['产后伤寒并痢', '瘦不能食']"
"['心血虚弱', '含糊謇涩']","['松悸不定', '精神恍惚不主']","['羞明', '翳膜']","['乳上湿疮', '飞红无靥']"
"['心阳内耗', '内劳无度']","['乳痈', '痈疽发背']","['腿胫或肿', '肚上筋脉']","['头痛', '伤寒']"
"['六脉乍大乍小', '相狎']","['月经过多', '血崩']","['肚腹痛', '月经不调']","['口急', '昏迷不省']"
"['咯痰带血', '衄血']","['皮聚', '心肺俱损']","['妊娠血痢', '注下不止']","['心阳内耗', '命门不禁']"
"['寒热', '头痛']","['喘促', '大小便不通']","['肠胃多痰', '血闭带下']","['脓血', '里急后重']"
"['脚手痹顽', '偏正头风']","['患疟', '素虚']","['关窍不固', '房事过度']","['半身不遂', '脚手痹顽']"
"['面色乍赤乍白', '相狎']","['肠胃多痰', '血闭带下']","['中风', '言语不得']","['结毒', '流血不止']"
"['气闭肚疼', '白泻']","['关窍不固', '房事过度']","['中脘宿冷', '嗳闻血腥']","['攀睛胬肉', '拳毛倒睫']"
"['结毒', '脓血淋漓']","['居处失宜', '偶然顿仆']","['胎风', '搐搦']","['悲泣不止', '歌詠言笑']"
"['阻滞', '溺窍不通']","['胎风', '搐搦']","['居处失宜', '偶然顿仆']","['口烂', '眼赤']"
"['中脘宿冷', '冷血侵脾']","['赤白带下', '不育']","['月经不调', '不育']","['腹内壅塞', '疾恶']"
"['胎元久冷', '下部阴湿']","['月经过多', '胎漏']","['中风', '口急']","['心火不静', '热传于脾']"
"['饮食不下', '头目眩晕']","['疮疥', '瘰疬']","['腰痛下血', '侵损荣卫']","['咳嗽', '喘促']"
"['痈', '痈疽发背']","['大寒', '白带腥臭']","['赤白带下', '不育']","['半身不遂', '左瘫右痪']"
"['结毒', '肿硬']","['痰饮', '壅盛']","['阴蚀疮', '下肢溃疡']","['丹疹', '斑']"
"['衄血', '咳血']","['产后', '饮食不下']","['月经过多', '胎漏']","['痈疽发背', '疖']"
"['遍身壮热', '伤寒']","['肉烂', '皮损']","['小儿胎寒虚', '躽啼']","['死胎不出', '横生逆产']"
"['口干', '口苦']","['干呕', '痢不止']","['胎动胎痛', '居处失宜']","['肝脏壅热', '腮颈颐项发肿']"
"['气淋', '劳淋']","['妊娠', '干呕']","['腮虚肿', '鬓有疮痍']","['遍身壮热', '口干']"
"['产道干涩', '萎顿']","['饮食不下', '寒热']","['大寒', '白带腥臭']","['便利常涩', '小腹顽痹']"
"['松悸不定', '精神恍惚不主']","['下痢', '脓血']","['痰饮', '壅盛']","['血热', '月经先期']"
"['乳痈', '痈疽发背']","['精冲血管', '贪欢交感']","['产后', '饮食不下']","['胎欲落', '斑出黑色']"
"['月经过多', '血崩']","['干呕', '眩晕']","['脉弦数', '舌苔黄腻']","['难产', '死胎']"
"['皮聚', '心肺俱损']","['肝气郁结', '色紫']","['血溢', '中脘宿冷']","['眩晕', '头目眩晕']"
"['喘促', '大小便不通']","['结毒', '流血不止']","['小便如血', '胎欲落']","['四肢肿', '头面肿满']"
"['患疟', '素虚']","['腹内壅塞', '疾恶']","['肉烂', '皮损']","['肠风', '痔漏']"
"['吞酸', '噫气']","['咳嗽', '喘促']","['脏腑虚渴', '脱血过多']","['妊娠', '肚腹痛']"
"['肠胃多痰', '血闭带下']","['翳膜', '拳毛倒睫']","['妊娠', '干呕']","['难产', '胎衣不下']"
"['关窍不固', '房事过度']","['丹疹', '斑']","['小便涩', '子淋']","['口急', '身如角弓反张']"
"['居处失宜', '偶然顿仆']","['死胎不出', '横生逆产']","['饮食不下', '寒热']","['气息急', '血露不绝']"
"['头痛', '头目眩晕']","['偏枯', '手足不遂']","['下痢', '脓血']","['干呕', '头痛']"
"['胎风', '搐搦']","['痈疽发背', '疔疮']","['房事过度', '水不济火']","['饮食不下', '干呕']"
"['赤白带下', '不育']","['四肢肿', '头面肿满']","['血冲上昏闷', '暴血下']","['牙关紧闭', '手足挛急']"
"['月经过多', '胎漏']","['气息急', '血露不绝']","['瘾疹丹起', '筋脉肌肉疼痛']","['骨弱', '弦急']"
"['疮疥', '瘰疬']","['妊娠', '肚腹痛']","['精冲血管', '贪欢交感']","['脚手痹顽', '左瘫右痪']"
"['大寒', '白带腥臭']","['饮食不下', '干呕']","['干呕', '眩晕']","['乳上湿疮', '脓血淋漓成片']"
"['痰饮', '壅盛']","['侵损荣卫', '情欲相扰']","['白带腥臭', '多悲']","['痒涩起赤障', '妊娠目赤肿痛']"
"['肉烂', '皮损']","['脉两尺沉涩', '硬而有块']","['产后伤寒并痢', '瘦不能食']","['白带腥臭', '带下黄色']"
"['产后', '饮食不下']","['肥白', '月信准']","['乳上湿疮', '飞红无靥']","['肥白', '月信准']"
"['干呕', '痢不止']","['痰闭子宫', '肥白']","['头痛', '伤寒']","['产门', '不闭']"
"['妊娠', '干呕']","['舌质淡', '舌苔花白']","['口急', '昏迷不省']","['痰闭子宫', '肥白']"
"['饮食不下', '寒热']","['肿硬', '流血不止']","['心阳内耗', '命门不禁']","['子悬', '胎气不和']"
"['下痢', '脓血']","['腮虚肿', '头皮光急']","['脓血', '里急后重']","['过敏性皮炎', '皮炎']"
"['精冲血管', '贪欢交感']","['肝郁化火', '经行乳胀']","['半身不遂', '脚手痹顽']","['干呕', '恶心']"
"['干呕', '眩晕']","['中风', '四肢急掣']","['结毒', '流血不止']","['妊娠', '伤寒']"
"['肝气郁结', '色紫']","['乳上湿疮', '痛痒不休']","['命门失守', '液脱阳离']","['不育', '阴中冷']"
"['结毒', '流血不止']","['病温', '脉静身凉']","['攀睛胬肉', '拳毛倒睫']","['乍作乍止', '气血俱实']"
"['腹内壅塞', '疾恶']","['屡产', '生而不寿']","['悲泣不止', '歌詠言笑']","['腹大如妊', '面色乍赤乍白']"
"['咳嗽', '喘促']","['月经不调', '肌体羸瘦']","['口烂', '眼赤']","['闭目不省', '血厥']"
"['翳膜', '拳毛倒睫']","['月经不通', '结生瘕聚']","['腹内壅塞', '疾恶']","['血脉不荣', '冲脉少藏']"
"['丹疹', '斑']","['痈疽发背', '瘰疬']","['心火不静', '热传于脾']","['舌质淡', '舌苔花白']"
"['胯痛', '臀酸痛']","['足下热', '额黑']","['脾转运滞', '痞塞嗳酸']","['妊而数堕', '屡产']"
"['死胎不出', '横生逆产']","['肝郁化火', '颧红']","['阴中冷', '小便浊败']","['小儿胎寒', '大便色黑']"
"['偏枯', '手足不遂']","['心神惊悸', '恍惚']","['咳嗽', '喘促']","['衄血', '咯血']"
"['痈疽发背', '疔疮']","['生不乳', '冻如葵汁']","['半身不遂', '左瘫右痪']","['经水如黄浆汁', '经水如黄浆汁']"
"['吐泻', '手足厥寒']","['唯喜干食', '大恶汤饮']","['翳膜', '拳毛倒睫']","['肿硬', '流血不止']"
"['四肢肿', '头面肿满']","['毛落', '心肺俱损']","['丹疹', '斑']","['腮虚肿', '头皮光急']"
"['妊娠', '肚腹痛']","['热入血室', '经水忽来忽断']","['痈疽发背', '疖']","['涩', '热毒']"
"['气息急', '血露不绝']","['腿膝', '闷喘']","['死胎不出', '横生逆产']","['雀斑', '面上细疮']"
"['饮食不下', '干呕']","['吐血不止', '大便后下血']","['肝脏壅热', '腮颈颐项发肿']","['内劳无度', '命门失守']"
"['侵损荣卫', '情欲相扰']","['月经后期', '脉沉而迟']","['腰重不能屈伸', '眼胞肿']","['中风', '四肢急掣']"
"['冲脉少藏', '经准不孕']","['少腹胀满', '月事不']","['遍身壮热', '口干']","['舌肿', '重舌']"
"['多睡', '四肢痠痛']","['齿皆恶热饮', '唯喜干食']","['便利常涩', '小腹顽痹']","['皮聚', '毛落']"
"['脉两尺沉涩', '硬而有块']","['久痢', '久疟']","['血热', '月经先期']","['霍乱', '吐泻']"
"['肥白', '月信准']","['产后', '中风']","['胎欲落', '斑出黑色']","['恶气熏人', '腋臭狐臊']"
"['痰闭子宫', '肥白']","['昏迷不省', '牙关紧闭']","['难产', '死胎']","['产后', '干呕']"
"['胎燥萎', '心中急痛']","['产后中气不足', '胸膈窒滞']","['痈疽发背', '疔疮']","['乳上湿疮', '痛痒不休']"
"['舌质淡', '舌苔花白']","['胎衣不下', '堕胎']","['眩晕', '头目眩晕']","['痈', '疮疥']"
"['肿硬', '流血不止']","['月经后期', '色淡']","['四肢肿', '头面肿满']","['妊娠', '饮食不下']"
"['腮虚肿', '头皮光急']","['吐血不止', '衄血']","['肠风', '痔漏']","['血晕', '昏迷不省']"
"['肝郁化火', '经行乳胀']","['命门不禁', '液脱阳离']","['妊娠', '肚腹痛']","['毒结肠胃', '血气未充']"
"['中风', '四肢急掣']","['气息欲绝', '冷汗']","['难产', '胎衣不下']","['屡产', '生而不寿']"
"['乳上湿疮', '痛痒不休']","['内劳无度', '液脱阳离']","['口急', '身如角弓反张']","['中风', '言语謇涩']"
"['病温', '脉静身凉']","['脾气受伤', '痞塞嗳酸']","['呻吟', '下瘀']","['急性湿疹', '皮炎']"
"['屡产', '生而不寿']","['大寒', '多悲']","['气息急', '血露不绝']","['赤白带下', '血崩']"
"['产后', '恶露未尽']","['不调', '冷热']","['干呕', '头痛']","['满腹行走', '古怪异物']"
"['月经不调', '肌体羸瘦']","['无津以润', '血流如经水']","['饮食不下', '干呕']","['流血不止', '脓血淋漓']"
"['月经不通', '结生瘕聚']","['虚惊', '心气不安']","['妊娠', '头痛']","['带下黄色', '任脉湿热']"
"['痈疽发背', '瘰疬']","['腹胀胎腐', '腰重不能屈伸']","['牙关紧闭', '手足挛急']","['两乳忽长', '细小如肠']"
"['足下热', '额黑']","['产后', '肚腹痛']","['脚手痹顽', '左瘫右痪']","['肾气不旺', '两腿虚浮']"
"['肝郁化火', '颧红']","['经水将行', '气滞血实']","['骨弱', '弦急']","['啼泣不止', '歌笑无度']"
"['心神惊悸', '恍惚']","['小便利数', '耳内虚鸣']","['乳上湿疮', '脓血淋漓成片']","['脓血淋漓成片', '飞红无靥']"
"['生不乳', '冻如葵汁']","['饮食不下', '月经不调']","['齿皆恶热饮', '大恶汤饮']","['言语謇涩', '四肢急掣']"
"['唯喜干食', '大恶汤饮']","['血风劳', '四肢急掣']","['侵损荣卫', '情欲相扰']","['舌质红', '舌苔黄腻']"
"['毛落', '心肺俱损']","['痈', '疖']","['白带腥臭', '带下黄色']","['腹大如妊', '六脉乍大乍小']"
"['热入血室', '经水忽来忽断']","['阴中生疮', '阴蚀几尽']","['痒涩起赤障', '妊娠目赤肿痛']","['六脉乍大乍小', '面色乍赤乍白']"
"['腿膝', '闷喘']","['遍身壮热', '阴寒']","['咯痰带血', '咯血']","['痛痒不休', '脓血淋漓成片']"
"['腰痛下血', '病患相感']","['腹多病', '气食生冷']","['脉两尺沉涩', '硬而有块']","['头面生癞', '痒痛不安']"
"['吐血不止', '大便后下血']","['命门不禁', '命门失守']","['阴虚', '内热']","['胁痛潮热', '肝燥碍肺']"
"['月经后期', '脉沉而迟']","['恶疮癣', '野鸡痔']","['肥白', '月信准']","['遍身壮热', '头痛']"
"['少腹胀满', '月事不']","['发脑', '发鬓']","['产门', '不闭']","['吐血不止', '大便后下血']"
"['齿皆恶热饮', '唯喜干食']","['气食生冷', '经准不孕']","['痰闭子宫', '肥白']","['腿漆浮肿', '脚面足趾水出']"
"['久痢', '久疟']","['咯痰带血', '气怒肺热']","['子悬', '胎气不和']","['动胎', '月经过多']"
"['产后', '中风']","['瘀而为毒', '血衰血阻']","['过敏性皮炎', '皮炎']","['月经后期', '脉沉而迟']"
"['昏迷不省', '牙关紧闭']","['心神恐惧', '歌笑无度']","['干呕', '恶心']","['胎动胎痛', '偶然顿仆']"
"['产后中气不足', '胸膈窒滞']","['风入胞中', '寒凝浊瘀']","['妊娠', '伤寒']","['脾气受伤', '多食厚味']"
"['睡中呢喃', '视听言动虚妄']","['心神恐惧', '啼泣不止']","['不育', '阴中冷']","['齿皆恶热饮', '唯喜干食']"
"['胎衣不下', '堕胎']","['中风', '身如角弓反张']","['乍作乍止', '气血俱实']","['久痢', '久疟']"
"['月经后期', '色淡']","['口急', '言语不得']","['壅热', '渴逆']","['产后', '中风']"
"['遍身壮热', '咳嗽']","['白带腥臭', '任脉湿热']","['腹大如妊', '面色乍赤乍白']","['血晕', '胎衣不下']"
"['吐血不止', '衄血']","['身体拘急', '反张']","['产后', '头痛']","['赤白带下', '阴中冷']"
"['命门不禁', '液脱阳离']","['欲结成痈', '肿痛此热']","['闭目不省', '血厥']","['阴门瘙痒', '内外生疮']"
"['气息欲绝', '冷汗']","['产后', '寒热']","['血脉不荣', '冲脉少藏']","['胞胎寒冷', '胞胎寒冷']"
"['内劳无度', '液脱阳离']","['堕胎', '血结']","['舌质淡', '舌苔花白']","['胎衣不下', '堕胎']"
"['脾气受伤', '痞塞嗳酸']","['手足不遂', '风痹']","['妊而数堕', '屡产']","['胁痛潮热', '肝燥碍肺', '咳而无痰']"
"['大寒', '多悲']","['腿胫或肿', '肚上筋脉']","['小儿胎寒', '大便色黑']","['结毒', '流血不止', '脓血淋漓']"
"['不调', '冷热']","['肚腹痛', '月经不调']","['衄血', '咯血']","['痛痒不休', '脓血淋漓成片', '飞红无靥']"
"['无津以润', '血流如经水']","['中脘宿冷', '嗳闻血腥']","['经水如黄浆汁', '经水如黄浆汁']","['腹大如妊', '六脉乍大乍小', '面色乍赤乍白']"
"['虚惊', '心气不安']","['月经不调', '不育']","['肿硬', '流血不止']","['心阳内耗', '内劳无度', '命门失守']"
"['腹胀胎腐', '腰重不能屈伸']","['腰痛下血', '侵损荣卫']","['腮虚肿', '头皮光急']","['结毒', '肿硬', '流血不止']"
"['产后', '肚腹痛']","['生而不寿', '服气不安']","['涩', '热毒']","['肿硬', '流血不止', '脓血淋漓']"
"['经水将行', '气滞血实']","['胎动胎痛', '居处失宜']","['多食厚味', '痞塞嗳酸']","['半身不遂', '脚手痹顽', '左瘫右痪']"
"['小便利数', '耳内虚鸣']","['小儿胎寒虚', '躽啼']","['雀斑', '面上细疮']","['关窍不固', '房事过度', '水不济火']"
"['饮食不下', '月经不调']","['情欲相扰', '病患相感']","['内劳无度', '命门失守']","['脉弦数', '舌质红', '舌苔黄腻']"
"['血风劳', '四肢急掣']","['小便涩', '子淋']","['中风', '四肢急掣']","['白带腥臭', '带下黄色', '任脉湿热']"
"['痈', '疖']","['血溢', '嗳闻血腥']","['舌肿', '重舌']","['产后', '饮食不下', '干呕']"
"['子痫', '倒错不识人']","['白带腥臭', '多悲']","['皮聚', '毛落']","['中风', '言语謇涩', '四肢急掣']"
"['畏风', '脑痛如破']","['头痛', '伤寒']","['霍乱', '吐泻']","['大寒', '白带腥臭', '多悲']"
"['干呕', '妊娠呕恶冲逆']","['心阳内耗', '命门不禁']","['恶气熏人', '腋臭狐臊']","['痈', '疮疥', '痈疽发背']"
"['阴中生疮', '阴蚀几尽']","['脓血', '里急后重']","['产后', '干呕']","['赤白带下', '不育', '阴中冷']"
"['遍身壮热', '阴寒']","['口烂', '眼赤']","['乳上湿疮', '痛痒不休']","['胎动胎痛', '居处失宜', '偶然顿仆']"
"['腹多病', '气食生冷']","['痈', '瘰疬']","['痈', '疮疥']","['内劳无度', '命门不禁', '命门失守']"
"['命门不禁', '命门失守']","['心火不静', '热传于脾']","['妊娠', '饮食不下']","['脾气受伤', '脾转运滞', '多食厚味']"
"['恶疮癣', '野鸡痔']","['脾转运滞', '痞塞嗳酸']","['寒热', '口干']","['妊娠', '饮食不下', '干呕']"
"['发脑', '发鬓']","['阴中冷', '小便浊败']","['血晕', '昏迷不省']","['心阳内耗', '内劳无度', '命门不禁']"
"['气食生冷', '经准不孕']","['半身不遂', '左瘫右痪']","['毒结肠胃', '血气未充']","['乳上湿疮', '痛痒不休', '脓血淋漓成片']"
"['咯痰带血', '气怒肺热']","['心摇', '奇脉亏损']","['屡产', '生而不寿']","['月经不调', '赤白带下', '不育']"
"['瘀而为毒', '血衰血阻']","['遍身壮热', '口干']","['冷血侵脾', '嗳闻血腥']","['难产', '胎衣不下', '死胎']"
"['心神恐惧', '歌笑无度']","['胎欲落', '斑出黑色']","['中风', '言语謇涩']","['乳上湿疮', '痛痒不休', '飞红无靥']"
"['风入胞中', '寒凝浊瘀']","['难产', '死胎']","['急性湿疹', '皮炎']","['遍身壮热', '头痛', '伤寒']"
"['心神恐惧', '啼泣不止']","['眩晕', '头目眩晕']","['痈', '乳痈']","['乳上湿疮', '脓血淋漓成片', '飞红无靥']"
"['中风', '身如角弓反张']","['白带腥臭', '带下黄色']","['赤白带下', '血崩']","['结毒', '肿硬', '脓血淋漓']"
"['口急', '言语不得']","['咳血', '咯血']","['满腹行走', '古怪异物']","['痈', '痈疽发背', '疖']"
"['妊娠咳嗽', '子嗽']","['产门', '不闭']","['流血不止', '脓血淋漓']","['心阳内耗', '命门不禁', '命门失守']"
"['白带腥臭', '任脉湿热']","['子悬', '胎气不和']","['带下黄色', '任脉湿热']","['急性湿疹', '过敏性皮炎', '皮炎']"
"['身体拘急', '反张']","['过敏性皮炎', '皮炎']","['两乳忽长', '细小如肠']","['腮虚肿', '头皮光急', '鬓有疮痍']"
"['欲结成痈', '肿痛此热']","['不育', '阴中冷']","['肾气不旺', '两腿虚浮']","['结毒', '肿硬', '流血不止', '脓血淋漓']"
"['产后', '寒热']","['冲脉少藏', '气食生冷']","['血溢', '冷血侵脾']","['乳上湿疮', '痛痒不休', '脓血淋漓成片', '飞红无靥']"
"['堕胎', '血结']","['翻胃', '气膈']","['身体俱黄', '额黑']","['心阳内耗', '内劳无度', '命门不禁', '命门失守']"
"['手足不遂', '风痹']","['壅热', '渴逆']","['痈疽发背', '瘰疬']",
"['腿胫或肿', '肚上筋脉']","['腹大如妊', '面色乍赤乍白']","['乳痈', '肿痛']",
"['肚腹痛', '月经不调']","['衄血', '咯血']","['啼泣不止', '歌笑无度']",
"['中脘宿冷', '嗳闻血腥']","['涩', '热毒']","['小儿胎寒', '躽啼']",
"['月经不调', '不育']","['雀斑', '面上细疮']","['小腹顽痹', '两脚不仁']",
"['腰痛下血', '侵损荣卫']","['舌肿', '重舌']","['脓血淋漓成片', '飞红无靥']",
"['生而不寿', '服气不安']","['霍乱', '吐泻']","['言语謇涩', '四肢急掣']",
"['胎动胎痛', '居处失宜']","['毒结肠胃', '血气未充']","['舌质红', '舌苔黄腻']",
"['小儿胎寒虚', '躽啼']","['中风', '言语謇涩']","['腹大如妊', '六脉乍大乍小']",
"['水道涩痛', '脚膝痿缓']","['急性湿疹', '皮炎']","['六脉乍大乍小', '面色乍赤乍白']",
"['情欲相扰', '病患相感']","['赤白带下', '血崩']","['肝郁化火', '颧红']",
"['小便涩', '子淋']","['产门', '肿硬']","['头面生癞', '痒痛不安']",
"['血溢', '嗳闻血腥']","['血溢', '冷血侵脾']","['痛痒不休', '脓血淋漓成片']",
"['心热', '面色发红']","['乳痈', '肿痛']","['唯喜干食', '大恶汤饮']",
"['淋', '淋证']","['脓血淋漓成片', '飞红无靥']","['带下', '不育']",
"['白带腥臭', '多悲']","['腹大如妊', '六脉乍大乍小']","['热入血室', '经水忽来忽断']",
"['头痛', '伤寒']","['六脉乍大乍小', '面色乍赤乍白']","['毛落', '心肺俱损']",
"['心阳内耗', '命门不禁']","['痛痒不休', '脓血淋漓成片']","['遍身壮热', '头痛']",
"['脓血', '里急后重']","['头面生癞', '痒痛不安']","['月经不调', '带下']",
"['胎气有伤', '腮项肿核']","['胁痛潮热', '肝燥碍肺']","['吐血不止', '大便后下血']",
"['汗多不止', '牙噤发搐']","['月经不调', '带下']","['胁痛潮热', '肝燥碍肺']",
"['口烂', '眼赤']","['腿漆浮肿', '脚面足趾水出']","['动胎', '月经过多']",
"['痈', '瘰疬']","['胎动胎痛', '偶然顿仆']","['月经后期', '脉沉而迟']",
"['心火不静', '热传于脾']","['心神恐惧', '悲思愁忧']","['少腹胀满', '月事不']",
"['妊娠', '口干']","['乳上湿疮', '脓血淋漓成片']","['腿漆浮肿', '脚面足趾水出']",
"['脾转运滞', '痞塞嗳酸']","['阴门瘙痒', '内外生疮']","['胎动胎痛', '偶然顿仆']",
"['阴中冷', '小便浊败']","['眩晕', '耳内虚鸣']","['脾气受伤', '多食厚味']",
"['半身不遂', '左瘫右痪']","['妊娠', '月经过多']","['齿皆恶热饮', '唯喜干食']",
"['心摇', '奇脉亏损']","['赤白带下', '小便浊败']","['久痢', '久疟']",
"['遍身壮热', '口干']","['饮食不下', '肌体羸瘦']","['食积', '食滞']",
"['胎欲落', '斑出黑色']","['妊娠', '动胎']","['昏迷不省', '牙关紧闭']",
"['难产', '死胎']","['眼黄', '汗黄']","['产后', '中风']",
"['眩晕', '头目眩晕']","['月经不调', '赤白带下']","['血晕', '胎衣不下']",
"['白带腥臭', '带下黄色']","['阴痒', '阴肿']","['产后中气不足', '胸膈窒滞']",
"['咳血', '咯血']","['心腹绞急切痛', '不可按摩']","['心神恐惧', '悲思愁忧']",
"['产门', '不闭']","['痰闭子宫', '肥盛']","['腹胀胎腐', '眼胞肿']",
"['子悬', '胎气不和']","['虚羸', '产后气短']","['赤白带下', '阴中冷']",
"['手足壮热', '额黑']","['脾转运滞', '多食厚味']","['阴门瘙痒', '内外生疮']",
"['过敏性皮炎', '皮炎']","['腹内成块', '腿胫或肿']","['胞胎寒冷', '胞胎寒冷']",
"['不育', '阴中冷']","['血风攻注', '赤肿疼痛']","['胎衣不下', '堕胎']",
"['冲脉少藏', '气食生冷']","['言语謇涩', '半身不遂']","['内劳无度', '命门失守', '液脱阳离']",
"['眩晕', '眼目昏花']","['肚腹痛', '痢不止']","['胁痛潮热', '肝燥碍肺', '咳而无痰']",
"['翻胃', '气膈']","['恶肉突出', '趾甲生疮']","['结毒', '流血不止', '脓血淋漓']",
"['壅热', '渴逆']","['精冷', '痿弱']","['痛痒不休', '脓血淋漓成片', '飞红无靥']",
"['腹大如妊', '面色乍赤乍白']","['妊娠呕恶冲逆', '不下食']","['月经不调', '带下', '不育']",
"['衄血', '咯血']","['脉紧涩', '恶露纯水']","['中脘宿冷', '冷血侵脾', '嗳闻血腥']",
"['产门', '流血不止']","['发作抽掣', '眼目反张']","['腹大如妊', '六脉乍大乍小', '面色乍赤乍白']",
"['涩', '热毒']","['成淋', '小便痛而数']","['心阳内耗', '内劳无度', '命门失守']",
"['雀斑', '面上细疮']","['阴中肿痛', '带下黑色']","['腹胀胎腐', '腰重不能屈伸', '眼胞肿']",
"['舌肿', '重舌']","['腹多病', '经准不孕']","['内劳无度', '命门不禁', '液脱阳离']",
"['霍乱', '吐泻']","['心阳内耗', '命门失守']","['结毒', '肿硬', '流血不止']",
"['肌体羸瘦', '元气虚惫']","['凝结有块', '肿中']","['肿硬', '流血不止', '脓血淋漓']",
"['白带腥臭', '浊淫']","['飞尸', '鬼疰']","['产后', '干呕', '头痛']",
"['毒结肠胃', '血气未充']","['内劳无度', '命门不禁']","['心阳内耗', '内劳无度', '液脱阳离']",
"['中风', '言语謇涩']","['热毒', '上攻']","['半身不遂', '脚手痹顽', '左瘫右痪']",
"['急性湿疹', '皮炎']","['虚胀', '冷癖']","['关窍不固', '房事过度', '水不济火']",
"['赤白带下', '血崩']","['横生逆产', '倒生']","['脉弦数', '舌质红', '舌苔黄腻']",
"['不乳出', '脉涩不行']","['惊泻', '粪稠若胶']","['白带腥臭', '带下黄色', '任脉湿热']",
"['情欲相扰', '精血攻冲']","['月经后期', '血下少']","['妊娠', '头痛', '伤寒']",
"['产门', '肿硬']","['五心如炙', '脉弦大有力']","['产后', '饮食不下', '干呕']",
"['血溢', '冷血侵脾']","['冬月感寒', '脱衣受风']","['心阳内耗', '命门不禁', '液脱阳离']",
"['乳痈', '肿痛']","['气蛊', '水蛊']","['心阳内耗', '命门失守', '液脱阳离']",
"['脓血淋漓成片', '飞红无靥']","['子宫发育不良', '不排卵']","['中风', '言语謇涩', '四肢急掣']",
"['腹大如妊', '六脉乍大乍小']","['痛痒不休', '飞红无靥']","['便利常涩', '小腹顽痹', '两脚不仁']",
"['六脉乍大乍小', '面色乍赤乍白']","['中风', '言语不得']","['产后', '遍身壮热', '头痛']",
"['痛痒不休', '脓血淋漓成片']","['中风', '口急']","['大寒', '白带腥臭', '多悲']",
"['头面生癞', '痒痛不安']","['脏腑虚渴', '脱血过多']","['血溢', '中脘宿冷', '冷血侵脾']",
"['胁痛潮热', '肝燥碍肺']","['血溢', '中脘宿冷']","['咯痰带血', '衄血', '咯血']",
"['渐渐羸瘦', '面色黄青']","['脉弦数', '舌苔黄腻']","['痈', '疮疥', '痈疽发背']",
"['月经不调', '带下']","['难产', '血晕']","['痈', '乳痈', '痈疽发背']",
"['腿漆浮肿', '脚面足趾水出']","['腹内成块', '肚上筋脉']","['脾气受伤', '脾转运滞', '痞塞嗳酸']",
"['胎动胎痛', '偶然顿仆']","['房事过度', '水不济火']","['妊娠', '干呕', '头痛']",
"['心神恐惧', '悲思愁忧']","['乳上湿疮', '飞红无靥']","['赤白带下', '不育', '阴中冷']",
"['乳上湿疮', '脓血淋漓成片']","['口急', '昏迷不省']","['胎动胎痛', '居处失宜', '偶然顿仆']",
"['阴门瘙痒', '内外生疮']","['半身不遂', '脚手痹顽']","['齿皆恶热饮', '唯喜干食', '大恶汤饮']",
"['眩晕', '耳内虚鸣']","['攀睛胬肉', '拳毛倒睫']","['内劳无度', '命门不禁', '命门失守']",
"['妊娠', '月经过多']","['痈疽发背', '疖']","['脾气受伤', '脾转运滞', '多食厚味']",
"['赤白带下', '小便浊败']","['腰重不能屈伸', '眼胞肿']","['妊娠', '饮食不下', '干呕']",
"['饮食不下', '肌体羸瘦']","['便利常涩', '小腹顽痹']","['心阳内耗', '内劳无度', '命门不禁']",
"['妊娠', '动胎']","['咳嗽', '口干']","['乳上湿疮', '痛痒不休', '脓血淋漓成片']",
"['眼黄', '汗黄']","['舌质淡', '苔薄']","['腹多病', '气食生冷', '经准不孕']",
"['月经不调', '赤白带下']","['干呕', '头痛']","['脾转运滞', '多食厚味', '痞塞嗳酸']",
"['阴痒', '阴肿']","['牙关紧闭', '手足挛急']","['难产', '胎衣不下', '死胎']",
"['心腹绞急切痛', '不可按摩']","['妊娠', '头痛']","['月经不调', '赤白带下', '不育']",
"['身如角弓反张', '口眼歪斜']","['骨弱', '弦急']","['乳上湿疮', '痛痒不休', '飞红无靥']",
"['病患相感', '精血攻冲']","['脚手痹顽', '左瘫右痪']","['妊娠', '肚腹痛', '动胎']",
"['痰闭子宫', '肥盛']","['咯痰带血', '咯血']","['脾气受伤', '多食厚味', '痞塞嗳酸']",
"['虚羸', '产后气短']","['干呕', '恶心']","['遍身壮热', '头痛', '伤寒']",
"['脾转运滞', '多食厚味']","['闭目不省', '血厥']","['皮聚', '毛落', '心肺俱损']",
"['流血不止', '精冲血管']","['血脉不荣', '冲脉少藏']","['乳上湿疮', '脓血淋漓成片', '飞红无靥']",
"['腹内成块', '腿胫或肿']","['妊而数堕', '屡产']","['结毒', '肿硬', '脓血淋漓']",
"['恶露未尽', '血晕']","['口眼抽动', '陡然抽风']","['痈', '痈疽发背', '疖']",
"['血风攻注', '赤肿疼痛']","['经水如黄浆汁', '经水如黄浆汁']","['心阳内耗', '命门不禁', '命门失守']",
"['言语謇涩', '半身不遂']","['多食厚味', '痞塞嗳酸']","['急性湿疹', '过敏性皮炎', '皮炎']",
"['肚腹痛', '痢不止']","['内劳无度', '命门失守']","['命门不禁', '命门失守', '液脱阳离']",
"['恶肉突出', '趾甲生疮']","['恶气熏人', '腋臭狐臊']","['腮虚肿', '头皮光急', '鬓有疮痍']",
"['精冷', '痿弱']","['产后', '干呕']","['内劳无度', '命门不禁', '命门失守', '液脱阳离']",
"['妊娠呕恶冲逆', '不下食']","['妊娠', '饮食不下']","['心阳内耗', '内劳无度', '命门失守', '液脱阳离']",
"['脉紧涩', '恶露纯水']","['冷血侵脾', '嗳闻血腥']","['心阳内耗', '内劳无度', '命门不禁', '液脱阳离']",
"['发作抽掣', '眼目反张']","['痈', '乳痈']","['乳上湿疮', '痛痒不休', '脓血淋漓成片', '飞红无靥']",
"['成淋', '小便痛而数']","['满腹行走', '古怪异物']","['脾气受伤', '脾转运滞', '多食厚味', '痞塞嗳酸']",
"['阴中肿痛', '带下黑色']","['两乳忽长', '细小如肠']","['心阳内耗', '命门不禁', '命门失守', '液脱阳离']",
"['气滞', '经前腹痛']","['肾气不旺', '两腿虚浮']","['结毒', '肿硬', '流血不止', '脓血淋漓']",
"['腹多病', '经准不孕']","['身体俱黄', '额黑']","['心阳内耗', '内劳无度', '命门不禁', '命门失守']",
"['心阳内耗', '命门失守']","['小腹顽痹', '两脚不仁']","['心阳内耗', '内劳无度', '命门不禁', '命门失守', '液脱阳离']",
"['凝结有块', '肿中']","['言语謇涩', '四肢急掣']",,
"['飞尸', '鬼疰']","['胎毒疮', '脓疥']",,
"['内劳无度', '命门不禁']","['霍乱', '小腿转筋']",,
"['热毒', '上攻']","['风湿脚气', '疝气']",,
"['虚胀', '冷癖']","['动胎', '月经过多']",,
"['横生逆产', '倒生']","['食积', '食滞']",,
"['惊泻', '粪稠若胶']","['胎毒疮', '头面生癞']",,
"['月经后期', '血下少']","['白带腥臭', '虚寒带下']",,
"['五心如炙', '脉弦大有力']","['腹胀胎腐', '眼胞肿']",,
"['赤眼肿痛', '翳膜']","['赤白带下', '阴中冷']",,
"['冬月感寒', '脱衣受风']","['内劳无度', '命门失守', '液脱阳离']",,
"['气蛊', '水蛊']","['胁痛潮热', '肝燥碍肺', '咳而无痰']",,
"['子宫发育不良', '不排卵']","['结毒', '流血不止', '脓血淋漓']",,
"['瘀血未尽', '攻痛成疾']","['痛痒不休', '脓血淋漓成片', '飞红无靥']",,
"['痛痒不休', '飞红无靥']","['月经不调', '带下', '不育']",,
"['中风', '言语不得']","['中脘宿冷', '冷血侵脾', '嗳闻血腥']",,
"['中风', '口急']","['腹大如妊', '六脉乍大乍小', '面色乍赤乍白']",,
"['脏腑虚渴', '脱血过多']","['心阳内耗', '内劳无度', '命门失守']",,
"['血溢', '中脘宿冷']","['腹胀胎腐', '腰重不能屈伸', '眼胞肿']",,
"['脉弦数', '舌苔黄腻']","['内劳无度', '命门不禁', '液脱阳离']",,
"['难产', '血晕']","['产门', '结毒', '肿硬']",,
"['腹内成块', '肚上筋脉']","['结毒', '肿硬', '流血不止']",,
"['房事过度', '水不济火']","['血溢', '中脘宿冷', '嗳闻血腥']",,
"['乳上湿疮', '飞红无靥']","['赤白带下', '阴中冷', '小便浊败']",,
"['口急', '昏迷不省']","['肿硬', '流血不止', '脓血淋漓']",,
"['半身不遂', '脚手痹顽']","['难产', '血晕', '胎衣不下']",,
"['攀睛胬肉', '拳毛倒睫']","['产后', '干呕', '头痛']",,
"['痈疽发背', '疖']","['心阳内耗', '内劳无度', '液脱阳离']",,
"['腰重不能屈伸', '眼胞肿']","['饮食不下', '月经不调', '肌体羸瘦']",,
"['便利常涩', '小腹顽痹']","['半身不遂', '脚手痹顽', '左瘫右痪']",,
"['血壅不流', '血聚下焦']","['腹苦', '生不乳', '冻如葵汁']",,
"['咳嗽', '口干']","['关窍不固', '房事过度', '水不济火']",,
"['舌质淡', '苔薄']","['脉弦数', '舌质红', '舌苔黄腻']",,
"['干呕', '头痛']","['白带腥臭', '带下黄色', '任脉湿热']",,
"['牙关紧闭', '手足挛急']","['妊娠', '头痛', '伤寒']",,
"['妊娠', '头痛']","['产后', '饮食不下', '干呕']",,
"['骨弱', '弦急']","['心阳内耗', '命门不禁', '液脱阳离']",,
"['脚手痹顽', '左瘫右痪']","['心阳内耗', '命门失守', '液脱阳离']",,
"['咯痰带血', '咯血']","['中风', '言语謇涩', '四肢急掣']",,
"['干呕', '恶心']","['便利常涩', '小腹顽痹', '两脚不仁']",,
"['闭目不省', '血厥']","['产后', '遍身壮热', '头痛']",,
"['血脉不荣', '冲脉少藏']","['吐血不止', '大便后下血', '衄血']",,
"['妊而数堕', '屡产']","['痈', '痈疽发背', '瘰疬']",,
"['口眼抽动', '陡然抽风']","['冲脉少藏', '腹多病', '气食生冷']",,
"['经水如黄浆汁', '经水如黄浆汁']","['血溢', '中脘宿冷', '冷血侵脾']",,
"['寒热', '头目眩晕']","['大寒', '白带腥臭', '多悲']",,
"['多食厚味', '痞塞嗳酸']","['咯痰带血', '衄血', '咯血']",,
"['内劳无度', '命门失守']","['痈', '疮疥', '痈疽发背']",,
"['恶气熏人', '腋臭狐臊']","['痈', '乳痈', '痈疽发背']",,
"['产后', '干呕']","['脾气受伤', '脾转运滞', '痞塞嗳酸']",,
"['妊娠', '饮食不下']","['妊娠', '干呕', '头痛']",,
"['冷血侵脾', '嗳闻血腥']","['赤白带下', '不育', '阴中冷']",,
"['痈', '乳痈']","['心神恐惧', '啼泣不止', '歌笑无度']",,
"['满腹行走', '古怪异物']","['齿皆恶热饮', '唯喜干食', '大恶汤饮']",,
"['两乳忽长', '细小如肠']","['胎动胎痛', '居处失宜', '偶然顿仆']",,
"['肾气不旺', '两腿虚浮']","['内劳无度', '命门不禁', '命门失守']",,
"['身体俱黄', '额黑']","['脾气受伤', '脾转运滞', '多食厚味']",,
"['小腹顽痹', '两脚不仁']","['小便如血', '胎欲落', '斑出黑色']",,
"['言语謇涩', '四肢急掣']","['妊娠', '饮食不下', '干呕']",,
"['胎毒疮', '脓疥']","['心阳内耗', '内劳无度', '命门不禁']",,
"['霍乱', '小腿转筋']","['乳上湿疮', '痛痒不休', '脓血淋漓成片']",,
"['风湿脚气', '疝气']","['产后', '寒热', '头痛']",,
"['动胎', '月经过多']","['腹多病', '气食生冷', '经准不孕']",,
"['不睡', '心神恍惚']","['腮虚肿', '头皮光急', '鬓有疮痍']",,
"['食积', '食滞']","['月经不调', '赤白带下', '不育']",,
"['胎毒疮', '头面生癞']","['难产', '胎衣不下', '死胎']",,
"['白带腥臭', '虚寒带下']","['脾转运滞', '多食厚味', '痞塞嗳酸']",,
"['腹胀胎腐', '眼胞肿']","['乳上湿疮', '痛痒不休', '飞红无靥']",,
"['赤白带下', '阴中冷']","['疮疥', '痈疽发背', '瘰疬']",,
"['内劳无度', '命门失守', '液脱阳离']","['妊娠', '肚腹痛', '动胎']",,
"['侵损荣卫', '病患相感', '精血攻冲']","['脾气受伤', '多食厚味', '痞塞嗳酸']",,
"['内劳无度', '命门不禁', '液脱阳离']","['妊娠', '动胎', '月经过多']",,
"['衄血', '咳血', '咯血']","['中风', '口急', '身如角弓反张']",,
"['难产', '血晕', '胎衣不下']","['痈', '疮疥', '瘰疬']",,
"['半身不遂', '脚手痹顽', '左瘫右痪']","['皮聚', '毛落', '心肺俱损']",,
"['腹大如妊', '六脉乍大乍小', '相狎']","['侵损荣卫', '情欲相扰', '病患相感']",,
"['六脉乍大乍小', '面色乍赤乍白', '相狎']","['遍身壮热', '头痛', '伤寒']",,
"['妊娠', '头痛', '伤寒']","['产后', '饮食不下', '寒热']",,
"['产后', '饮食不下', '干呕']","['乳上湿疮', '脓血淋漓成片', '飞红无靥']",,
"['中风', '言语謇涩', '四肢急掣']","['结毒', '肿硬', '脓血淋漓']",,
"['便利常涩', '小腹顽痹', '两脚不仁']","['中风', '口急', '言语不得']",,
"['咯痰带血', '衄血', '咯血']","['腰痛下血', '侵损荣卫', '情欲相扰']",,
"['痈', '乳痈', '痈疽发背']","['腹内成块', '腿胫或肿', '肚上筋脉']",,
"['赤白带下', '不育', '阴中冷']","['痈', '痈疽发背', '疖']",,
"['心神恐惧', '啼泣不止', '歌笑无度']","['心阳内耗', '命门不禁', '命门失守']",,
"['小便如血', '胎欲落', '斑出黑色']","['急性湿疹', '过敏性皮炎', '皮炎']",,
"['腹大如妊', '面色乍赤乍白', '相狎']","['命门不禁', '命门失守', '液脱阳离']",,
"['心阳内耗', '内劳无度', '命门不禁']","['血溢', '冷血侵脾', '嗳闻血腥']",,
"['遍身壮热', '咳嗽', '口干']","['肝郁化火', '颧红', '经行乳胀']",,
"['腹多病', '气食生冷', '经准不孕']","['内劳无度', '命门不禁', '命门失守', '液脱阳离']",,
"['腰痛下血', '情欲相扰', '病患相感']","['心阳内耗', '内劳无度', '命门失守', '液脱阳离']",,
"['肚腹痛', '动胎', '月经过多']","['血溢', '中脘宿冷', '冷血侵脾', '嗳闻血腥']",,
"['腰痛下血', '侵损荣卫', '病患相感']","['心阳内耗', '内劳无度', '命门不禁', '液脱阳离']",,
"['产门', '肿硬', '流血不止']","['乳上湿疮', '痛痒不休', '脓血淋漓成片', '飞红无靥']",,
"['大寒', '白带腥臭', '多悲']","['痈', '疮疥', '痈疽发背', '瘰疬']",,
"['命门不禁', '命门失守', '液脱阳离']","['脾气受伤', '脾转运滞', '多食厚味', '痞塞嗳酸']",,
"['血溢', '冷血侵脾', '嗳闻血腥']","['心阳内耗', '命门不禁', '命门失守', '液脱阳离']",,
"['中脘宿冷', '冷血侵脾', '嗳闻血腥']","['结毒', '肿硬', '流血不止', '脓血淋漓']",,
"['心阳内耗', '内劳无度', '命门失守']","['心阳内耗', '内劳无度', '命门不禁', '命门失守']",,
"['肿硬', '流血不止', '脓血淋漓']","['心阳内耗', '内劳无度', '命门不禁', '命门失守', '液脱阳离']",,
"['产后', '干呕', '头痛']",,,
"['心阳内耗', '内劳无度', '液脱阳离']",,,
"['腹苦', '生不乳', '冻如葵汁']",,,
"['关窍不固', '房事过度', '水不济火']",,,
"['心阳内耗', '命门失守', '液脱阳离']",,,
"['吐血不止', '大便后下血', '衄血']",,,
"['痈', '痈疽发背', '瘰疬']",,,
"['冲脉少藏', '腹多病', '气食生冷']",,,
"['脾气受伤', '脾转运滞', '痞塞嗳酸']",,,
"['妊娠', '干呕', '头痛']",,,
"['产门', '结毒', '流血不止']",,,
"['寒热', '头痛', '头目眩晕']",,,
"['内劳无度', '命门不禁', '命门失守']",,,
"['脾气受伤', '脾转运滞', '多食厚味']",,,
"['阳微', '汗多不止', '牙噤发搐']",,,
"['难产', '胎衣不下', '死胎']",,,
"['妊娠', '动胎', '月经过多']",,,
"['妊娠', '肚腹痛', '动胎']",,,
"['中风', '口急', '身如角弓反张']",,,
"['产后', '饮食不下', '寒热']",,,
"['侵损荣卫', '情欲相扰', '病患相感']",,,
"['冲脉少藏', '腹多病', '经准不孕']",,,
"['中风', '口急', '言语不得']",,,
"['痈', '痈疽发背', '疖']",,,
"['心阳内耗', '命门不禁', '命门失守']",,,
"['皮聚', '毛落', '心肺俱损']",,,
"['急性湿疹', '过敏性皮炎', '皮炎']",,,
"['腮虚肿', '头皮光急', '鬓有疮痍']",,,
"['胁痛潮热', '肝燥碍肺', '咳而无痰']",,,
"['腹大如妊', '六脉乍大乍小', '面色乍赤乍白']",,,
"['腹胀胎腐', '腰重不能屈伸', '眼胞肿']",,,
"['产门', '结毒', '肿硬']",,,
"['饮食不下', '月经不通', '寒热']",,,
"['赤白带下', '阴中冷', '小便浊败']",,,
"['白带腥臭', '带下黄色', '任脉湿热']",,,
"['吐血不止', '衄血', '咯血']",,,
"['产后', '遍身壮热', '头痛']",,,
"['冲脉少藏', '气食生冷', '经准不孕']",,,
"['胎动胎痛', '居处失宜', '偶然顿仆']",,,
"['妊娠', '饮食不下', '干呕']",,,
"['乳上湿疮', '痛痒不休', '脓血淋漓成片']",,,
"['产后', '寒热', '头痛']",,,
"['饮食不下', '寒热', '头目眩晕']",,,
"['疮疥', '痈疽发背', '瘰疬']",,,
"['脾气受伤', '多食厚味', '痞塞嗳酸']",,,
"['痈', '疮疥', '瘰疬']",,,
"['遍身壮热', '头痛', '伤寒']",,,
"['乳上湿疮', '脓血淋漓成片', '飞红无靥']",,,
"['血溢', '中脘宿冷', '嗳闻血腥']",,,
"['肝郁化火', '颧红', '经行乳胀']",,,
"['羞明', '赤眼肿痛', '翳膜']",,,
"['结毒', '流血不止', '脓血淋漓']",,,
"['痛痒不休', '脓血淋漓成片', '飞红无靥']",,,
"['月经不调', '带下', '不育']",,,
"['侵损荣卫', '情欲相扰', '精血攻冲']",,,
"['结毒', '肿硬', '流血不止']",,,
"['饮食不下', '月经不调', '肌体羸瘦']",,,
"['妊娠', '肚腹痛', '月经过多']",,,
"['脉弦数', '舌质红', '舌苔黄腻']",,,
"['情欲相扰', '病患相感', '精血攻冲']",,,
"['心阳内耗', '命门不禁', '液脱阳离']",,,
"['血溢', '中脘宿冷', '冷血侵脾']",,,
"['痈', '疮疥', '痈疽发背']",,,
"['齿皆恶热饮', '唯喜干食', '大恶汤饮']",,,
"['月经不调', '赤白带下', '不育']",,,
"['脾转运滞', '多食厚味', '痞塞嗳酸']",,,
"['乳上湿疮', '痛痒不休', '飞红无靥']",,,
"['结毒', '肿硬', '脓血淋漓']",,,
"['腰痛下血', '侵损荣卫', '情欲相扰']",,,
"['腹内成块', '腿胫或肿', '肚上筋脉']",,,
"['内劳无度', '命门不禁', '命门失守', '液脱阳离']",,,
"['心阳内耗', '内劳无度', '命门失守', '液脱阳离']",,,
"['腰痛下血', '侵损荣卫', '情欲相扰', '病患相感']",,,
"['腹大如妊', '六脉乍大乍小', '面色乍赤乍白', '相狎']",,,
"['血溢', '中脘宿冷', '冷血侵脾', '嗳闻血腥']",,,
"['心阳内耗', '内劳无度', '命门不禁', '液脱阳离']",,,
"['冲脉少藏', '腹多病', '气食生冷', '经准不孕']",,,
"['乳上湿疮', '痛痒不休', '脓血淋漓成片', '飞红无靥']",,,
"['侵损荣卫', '情欲相扰', '病患相感', '精血攻冲']",,,
"['妊娠', '肚腹痛', '动胎', '月经过多']",,,
"['痈', '疮疥', '痈疽发背', '瘰疬']",,,
"['产门', '结毒', '肿硬', '流血不止']",,,
"['脾气受伤', '脾转运滞', '多食厚味', '痞塞嗳酸']",,,
"['心阳内耗', '命门不禁', '命门失守', '液脱阳离']",,,
"['结毒', '肿硬', '流血不止', '脓血淋漓']",,,
"['心阳内耗', '内劳无度', '命门不禁', '命门失守']",,,
"['心阳内耗', '内劳无度', '命门不禁', '命门失守', '液脱阳离']",,,
