,功效词根,亲友团
0,解毒,消肿、止血、止痛、活血、祛风、利湿、凉血
1,清热,利湿、消肿、止血、止痛、凉血、活血、利尿
2,止痛,祛风、活血、消肿、清热、除湿、散瘀、行气
3,消肿,清热、止痛、活血、祛风、散瘀、止血、利湿
4,祛风,止痛、解毒、活血、消肿、清热、通络、散寒
5,活血,止痛、祛风、清热、消肿、除湿、止血、散瘀
6,止血,清热、凉血、消肿、活血、止痛、散瘀、利湿
7,止咳,解毒、化痰、平喘、止血、消肿、润肺、活血
8,除湿,活血、止痛、解毒、清热、消肿、止血、散瘀
9,利湿,解毒、消肿、止血、活血、祛风、止痛、凉血
10,散瘀,消肿、止痛、清热、活血、止血、祛风、除湿
11,凉血,解毒、止血、消肿、利湿、止咳、止痛、散瘀
12,利尿,解毒、消肿、通淋、止血、活血、止痛、祛风
13,杀虫,清热、止痒、祛风、止痛、消肿、燥湿、止血
14,化痰,清热、解毒、消肿、祛风、散结、止痛、止血
15,利水,解毒、清热、通淋、活血、祛风、止痛、止血
16,健脾,利湿、益气、清热、消食、活血、祛风、和胃
17,行气,活血、祛风、解毒、消肿、除湿、清热、温中
18,散寒,止痛、温中、除湿、活血、解毒、消肿、行气
19,理气,活血、解毒、祛风、清热、散寒、化痰、消肿
20,散结,清热、消肿、化痰、软坚、止痛、祛风、活血
21,明目,清肝、解毒、祛风、退翳、止血、止痛、消肿
22,调经,清热、止痛、解毒、止血、祛风、止咳、利湿
23,止痒,祛风、解毒、清热、消肿、止痛、除湿、燥湿
24,通络,活血、止痛、解毒、除湿、清热、消肿、利湿
25,舒筋,活血、祛风、除湿、止痛、解毒、清热、消肿
26,活络,祛风、止痛、除湿、解毒、清热、通经、散寒
27,燥湿,解毒、杀虫、止血、止痒、祛风、泻火、化痰
28,通淋,利尿、解毒、利水、止血、活血、消肿、利湿
29,解表,清热、解毒、止痛、止咳、发汗、疏风、散寒
30,消食,清热、解毒、健胃、止痛、化积、行气、活血
31,生肌,解毒、清热、止痛、敛疮、消肿、活血、散瘀
32,消积,清热、杀虫、健脾、止痛、利湿、行气、化痰
33,祛瘀,解毒、止痛、消肿、清热、止血、祛风、除湿
34,益气,补中、解毒、活血、补肾、祛风、消肿、补虚
35,敛疮,止血、清热、生肌、止痛、祛风、消肿、活血
36,止泻,解毒、清热、收敛、涩肠、止痛、止咳、健脾
37,平喘,解毒、清热、止痛、祛风、化痰、活血、消肿
38,润肺,清热、解毒、化痰、生津、消肿、止血、滋阴
39,补肾,活血、止血、健脾、益气、滋阴、止痛、益精
40,祛风湿,活血、解毒、强筋骨、通经络、消肿、止咳、清热
41,安神,养心、解毒、止血、活血、宁心、镇惊、止咳
42,收敛,解毒、清热、止泻、止痛、生肌、止咳、消肿
43,化瘀,解毒、清热、止血、止痛、消肿、祛风、除湿
44,祛痰,解毒、清热、消肿、平喘、止痛、止血、活血
45,清肺,解毒、止血、化痰、消肿、凉血、利咽、清热
46,温中,散寒、行气、祛风、理气、活血、除湿、消食
47,生津,清热、润肺、解毒、滋阴、止血、养阴、养胃
48,接骨,止痛、解毒、续筋、活血、消肿、清热、祛风
49,和胃,解毒、止痛、理气、清热、止咳、消肿、祛风
50,消炎,解毒、清热、止血、活血、祛风、止咳、利尿
51,健胃,止痛、清热、解毒、理气、消肿、行气、温中
52,通经,活络、解毒、祛风、除湿、消肿、清热、止痛
53,疏风,解毒、解表、止咳、止痛、活血、消肿、利湿
54,止痢,清热、止血、凉血、活血、止咳、燥湿、消肿
55,补虚,清热、祛风、健脾、活血、益气、消肿、止血
56,平肝,解毒、潜阳、熄风、活血、止血、祛风、明目
57,滋阴,润肺、补肾、生津、止血、养血、润燥、解毒
58,通便,润肠、清热、杀虫、消肿、利水、利尿、止痛
59,截疟,清热、活血、杀虫、止痛、祛风、消肿、除湿
60,止渴,清热、除烦、解毒、滋阴、润燥、止血、润肺
61,清肝,解毒、清热、凉血、消肿、止血、泻火、利胆
62,泻火,清热、燥湿、凉血、消肿、止血、清肝、止痛
63,祛湿,止痛、解毒、活血、止血、止痒、消肿、散寒
64,益肾,健脾、解毒、活血、补肺、祛风、滋阴、补肝
65,利咽,清热、消肿、止血、清肺、止咳、凉血、生津
66,养血,滋阴、调经、解毒、益气、润燥、祛风、补肾
67,镇痛,解毒、止血、清热、活血、消肿、除湿、止咳
68,补血,止血、调经、补气、益气、解毒、止痛、祛风
69,化湿,清热、行气、理气、消肿、活血、和中、祛风
70,驱虫,清热、止血、祛风、止咳、消肿、活血、消积
71,软坚,化痰、清热、解毒、利水、消肿、止痛、活血
72,补气,健脾、固表、生肌、解毒、利尿、敛疮、生津
73,除烦,止渴、利尿、生津、解毒、止咳、清心、消肿
74,涩肠,止血、敛肺、解毒、止痛、止咳、止痢、敛疮
75,养阴,润肺、生津、益气、解毒、清肺、止血、止咳
76,壮阳,温肾、祛风、止血、解毒、活血、止痛、除湿
77,强筋骨,补肝肾、活血、补血、解毒、祛风、止血、补肾
78,疗疮,祛风、清热、除湿、杀虫、止血、利尿、止痛
79,透疹,清热、祛风、解表、发表、止咳、利尿、疏风
80,镇惊,解毒、安神、平肝、止血、熄风、消肿、止咳
81,开胃,解毒、清热、消食、消肿、止痛、止血、化痰
82,润燥,清热、滋阴、滑肠、养血、活血、生津、止渴
83,消痈,清热、活血、消肿、祛风、利湿、止血、排脓
84,和中,解毒、清热、祛风、理气、止痛、解表、止血
85,排脓,清热、消肿、生肌、止痛、活血、止血、利尿
86,散风,散热、解毒、清热、散寒、活血、止咳、除湿
87,止带,活血、解毒、清热、调经、祛风、除湿、健脾
88,润肠,解毒、活血、止咳、化痰、消肿、补肾、平肝
89,下气,温中、化痰、散寒、解毒、止痛、止血、止咳
90,发表,止痛、清热、散寒、祛风、透疹、消肿、和中
91,宣肺,解表、消肿、止痛、解毒、清热、化痰、活血
92,发汗,止痛、祛风、利尿、除湿、解毒、消肿、清热
93,定惊,解毒、祛风、化痰、平肝、止痛、消肿、止血
94,止呕,和胃、止咳、清热、化痰、行气、温中、消肿
95,强筋,活血、祛风、健骨、补肾、除湿、止血、活络
96,补中,解毒、消肿、活血、健脾、止咳、杀虫、生肌
97,补脾,益气、解毒、益肾、止咳、生津、补胃、止痛
98,安胎,清热、解毒、理气、补肝肾、止痛、祛风湿、消肿
99,续筋,活血、止血、止痛、续骨、解毒、消肿、清热
100,退黄,清热、解毒、利尿、利胆、止咳、消肿、止血
101,壮骨,活血、祛风、补肾、壮筋、止血、止痛、除湿
102,拔毒,清热、生肌、止痛、止痒、杀虫、散结、排脓
103,疏肝,止痛、解郁、解毒、和胃、和解、清热、行气
104,降压,解毒、利尿、祛风、平肝、消肿、止痛、止咳
105,解暑,消肿、解毒、利湿、化湿、止血、利尿、发汗
106,温肾,止痛、行气、活血、止血、散寒、助阳、解毒
107,通乳,清热、利尿、活血、祛风、益气、排脓、止咳
108,降逆,止咳、化痰、行气、和胃、止痛、清热、解毒
109,补肝肾,祛风湿、活血、安胎、强腰膝、止痛、止血、解毒
110,养心,止咳、活血、清热、止血、解毒、益气、祛风
111,散热,解毒、止痛、祛风、消肿、明目、活血、化痰
112,固精,缩尿、止血、健脾、涩肠、止带、祛风、益气
113,定痛,消肿、活血、散瘀、解毒、清热、止咳、化痰
114,清湿热,止痛、活血、解疮毒、杀虫、泻火、消肿毒、解热毒
115,熄风,平肝、解毒、镇惊、止痉、止血、止痛、活血
116,解热,止痛、祛风、散瘀、生津、除湿、疏风、止渴
117,定喘,止咳、清热、祛痰、止痛、祛风、生津、截疟
118,镇咳,解毒、止痛、平喘、止血、清热、止泻、活血
119,导滞,行气、消积、健脾、解毒、清热、消肿、泻下
120,益精,养血、解毒、止血、明目、消肿、止咳、润肺
121,化积,解毒、清热、健脾、祛风、消肿、活血、散瘀
122,镇静,解毒、清热、止痛、止血、止咳、活血、祛痰
123,破血,行气、消肿、通经、逐瘀、解毒、消积、攻毒
124,温经,散寒、止血、通络、活血、祛风、除湿、行气
125,息风,解毒、止痉、平肝、消肿、止痛、活血、止咳
126,下乳,清热、解毒、活血、消肿、止咳、利水、止痛
127,退热,和解、清热、疏肝、解郁、解毒、消炎、升提
128,止痉,息风、清热、通络、解毒、熄风、止痛、化痰
129,补肺,益肾、止血、健脾、解毒、清热、消肿、利湿
130,退翳,清热、解毒、祛风、消肿、止痒、透疹、利湿
131,潜阳,滋阴、散结、安神、清热、止血、软坚、明目
132,利胆,解毒、清肝、退黄、疏肝、止痛、止咳、利尿
133,降气,止咳、平喘、清热、祛痰、消肿、祛风、解毒
134,行水,解毒、清热、活血、止咳、散瘀、消食、下气
135,敛肺,涩肠、活血、止泻、解毒、止痛、止血、平喘
136,解郁,理气、安神、退热、和解、活血、化痰、舒肝
137,宁心,解毒、止咳、祛痰、清热、消肿、散瘀、益气
138,和血,调经、祛风、止血、止咳、理气、安神、止痢
139,利小便,解毒、祛风湿、活血、止痛、凉血、散结、补血
140,胜湿,止痛、散寒、解毒、发表、消肿、活血、散瘀
141,消疳,清热、止痛、止血、除湿、解毒、活血、散瘀
142,泻下,逐水、解毒、杀虫、导滞、清热、通便、散瘀
143,通经络,止痛、活血、健脾、消肿、祛风、止咳、消积
144,益胃,生津、养阴、解毒、清肺、清神、清热、润肺
145,清心,润肺、安神、清热、生津、养阴、解毒、明目
146,涩精,补肾、健脾、益气、敛疮、止带、解毒、清热
147,补益,解毒、止血、利水、脾胃、活血、生肌、平喘
148,润肤,祛风、生肌、杀虫、润肌、清热、止痛、补虚
149,疗伤,化瘀、接骨、清热、祛风、止血、除湿、止痛
150,滋补强壮,止咳、祛风、止血、解毒、活血、除湿、消肿
151,行瘀,解毒、止血、止痛、消肿、凉血、化痰、破血
152,缩尿,补肾、健脾、解毒、活血、明目、止带、益气
153,收涩,止痛、清热、活血、止痢、消肿、敛疮、止泻
154,开窍,解毒、祛痰、清热、消肿、祛风、化痰、醒神
155,收湿,清热、止血、解毒、止痒、杀虫、生肌、止痛
156,降血压,清热、消肿、止血、止痛、祛风、止咳、除湿
157,消痰,软坚、解毒、利水、散结、止痛、祛风、活血
158,抗癌,消肿、止咳、清热、活血、止血、健脾、消积
159,助阳,祛风、除湿、温肾、散寒、温中、活血、止血
160,温肺,祛风、止咳、散寒、化痰、化饮、除湿、健脾
161,催吐,杀虫、祛痰、止痛、止血、泻下、消肿、利尿
162,养胃,滋阴、润肺、除热、止咳、清热、健脾、补肾
163,消瘀,清热、止痛、解毒、活血、消肿、除湿、凉血
164,宽中,化痰、行气、下气、散寒、消食、解毒、消肿
165,清暑,利湿、利尿、解表、和胃、止渴、止痛、消肿
166,攻毒,止痛、散结、破血、逐瘀、祛风、祛瘀、通便
167,顺气,化痰、祛风、活血、清热、止血、消食、泻火
168,续伤,止痛、祛风、解毒、活血、止血、除湿、消肿
169,止汗,固表、止血、利水、解毒、生肌、益气、敛疮
170,驱风,解毒、清热、止痛、活血、行气、消肿、散寒
171,逐水,解毒、泻下、杀虫、散结、散瘀、利尿、破瘀
172,行血,消肿、祛风、除湿、调经、解毒、活血、活络
173,滑肠,活血、通便、利水、清热、调经、止痛、化痰
174,破瘀,消积、消肿、清热、止痛、祛风、活血、散结
175,解痉,祛风、镇痛、解毒、清热、止血、消肿、活血
176,滋补,活血、消肿、解毒、止痛、祛风、除湿、健脾
177,强心,活血、解毒、消肿、调经、止痛、清热、祛瘀
178,催乳,清热、利湿、止痛、消肿、活血、利尿、祛风
179,祛寒,理气、祛风、健胃、消肿、除湿、散瘀、燥湿
180,凉肝,解毒、止血、明目、止咳、定惊、止痛、消肿
181,降火,滋阴、生津、解毒、化痰、润肺、止痢、止痛
182,强壮,止痛、消肿、活血、健脾、补虚、益肝、解毒
183,驱蛔,解毒、杀虫、止痛、止血、利湿、行气、散结
184,去腐,清热、解毒、消肿、截疟、拔毒、杀虫、活血
185,舒肝,理气、和胃、解毒、清热、解郁、利胆、化痰
186,补肝,益肾、健脾、养血、清热、消肿、益气、解毒
187,宽胸,化痰、理气、利气、止痛、止咳、解毒、散结
188,渗湿,清热、解毒、止痛、消肿、活血、利尿、祛瘀
189,解蛇毒,祛风、散瘀、活血、止咳、消肿、止血、除湿
190,健脾胃,补气、安神、强筋骨、解毒、清热、活血、调经
191,去翳,清热、止血、解毒、止痛、杀虫、生肌、安神
192,辟秽,解毒、理气、活血、消肿、止血、杀虫、行气
193,养肝,解毒、健脾、滋肾、止咳、调经、安神、清热
194,益肺,健脾、止咳、解毒、润燥、活血、补脾、祛风
195,续骨,祛风、活血、祛风湿、止痛、除湿、解毒、清热
196,调中,止痛、散寒、理气、益肾、解毒、止血、明目
197,解疮毒,止痛、祛风湿、消肿、祛风、活血、杀虫、利水
198,固脱,收敛、止血、益气、收涩、清热、消肿、止咳
199,托毒,益气、利尿、固表、补气、排脓、消肿、敛疮
200,肝肾,滋养、明目、平喘、滋补、纳气、止痛、祛风
201,除热,滋阴、养胃、止渴、解毒、止血、凉血、燥湿
202,固涩,益气、止泻、清热、补肾、生津、宁心、止血
203,消热,利湿、祛风、止痛、消肿、活血、止咳、化痰
204,敛汗,解毒、清热、止痛、消肿、化痰、健脾、止泻
205,滋肾,养肝、解毒、利水、润肺、补肺、消肿、祛风
206,化滞,消食、止痛、解毒、消积、行气、行水、消肿
207,制酸,解毒、化痰、散结、敛疮、软坚、清热、止血
208,风热,解毒、清热、散结、明目、透疹、消肿、宣肺
209,壮腰,益肾、止痛、祛风、活血、除湿、散瘀、舒筋
210,泻热,通便、解毒、清热、散瘀、导滞、行瘀、止血
211,升阳,清热、益气、解毒、调经、解表、生肌、补气
212,固表,生肌、托毒、利尿、止汗、敛疮、排脓、止血
213,暖胃,祛风、止咳、健脾、除湿、和中、祛寒、消肿
214,补益肝肾,止血、除湿、凉血、健脾、解毒、清热、活血
215,清利湿热,止痛、活血、止咳、解毒、止血、除湿、凉血
216,疏散,解毒、清热、明目、透疹、散结、宣肺、止痉
217,消瘿,解毒、软坚、止血、利咽、补血、清热、活血
218,排石,利湿、利尿、通淋、解毒、活血、止咳、利胆
219,消胀,止痛、祛风、利水、理气、除湿、导滞、活血
220,疗癣,解毒、除湿、利水、燥湿、杀疥、清热、消肿
221,去瘀,解毒、止血、止痛、消肿、清热、化痰、通经
222,逐瘀,攻毒、解毒、清热、祛风、活血、散结、通经
223,消肿毒,止痛、祛风、清湿热、除湿、解毒、活血、止血
224,镇痉,清热、止痛、祛风、活血、发汗、解表、息风
225,止泻痢,祛风、活血、止血、强筋骨、解毒、清热、利湿
226,涌吐,杀虫、止痛、消肿、除湿、止痒、毒物、痰涎
227,解热毒,清湿热、除烦渴、利二便、清热、止痛、消炎、利小便
228,消暑,清热、化湿、凉血、健脾、和胃、止渴、除烦
229,催产,消肿、行气、解毒、活血、利湿、助生、清热
230,追风,舒筋、活络、补肾、壮阳
231,舒筋络,止痛、止血、散寒、祛风、活血、利湿、散瘀
232,清凉,解表、活血、止血、止咳、清热、止痛、消肿
233,通脉,清热、止痛、解毒、利湿、散寒、温中、回阳
234,解酒,醒脾、止咳、生津、涩肠、祛风、解表、除湿
235,清虚热,除湿、凉血、祛风湿、止痛、止咳、利湿、明目
236,散血,止血、清热、消肿、凉血、止咳、化痰、止痛
237,益肠胃,理气、解毒、消肿、抗癌、养肝肾、利肝脏、明目
238,醒脾,理气、消食、解毒、化痰、温中、止痛、止血
239,强腰膝,止痛、解毒、活血、祛风湿、祛风、除湿、杀虫
240,填精,壮阳、温肾、止咳、散结、补肾、益肾、补脾
241,通利,小便、解毒、散结、凉血、二便、活血、利湿
242,除风湿,强筋骨、清热、止痛、理气、明目、利小便、消肿
243,祛腐,解毒、杀虫、消肿、清热、止痛、止血、止痒
244,祛暑,化湿、清热、活血、止血、理气、解表、和中
245,益气血,补脾、补胃、利水、祛风湿、安神、补肝肾、补五脏
246,消症,通经、破血、解毒、利水、通淋、截疟、软坚
247,清火,化痰、软坚、消肿、祛风、凉血、杀虫、散结
248,强腰,止痛、消肿、止咳、理气、润肺、解毒、清热
249,温胃,散寒、祛风、杀虫、理气、活血、止咳、化痰
250,逐饮,消肿、杀虫、化痰、散结、祛痰、通便、破积
251,去湿,清热、止痛、活血、祛风、止血、敛疮、止咳
252,镇心,解毒、平肝、清热、活血、明目、消肿、祛风
253,醒神,开窍、活血、清热、健脾、散结、催生、解毒
254,益阴,解毒、利水、润肺、通经、通便、补血、和血
255,通窍,解毒、活血、止血、散风、清热、祛风、利湿
256,健骨,祛风、活血、通络、滋阴、潜阳、解毒、止痛
257,破积,解毒、祛瘀、通便、攻毒、逐饮、泻水、止痛
258,清肠,解毒、清热、止痛、消肿、活血、止咳、利湿
259,泻肺,消肿、利水、清热、祛痰、降气、行水、解毒
260,和解,退热、解郁、升提、中气、理气、少阳、燥湿
261,豁痰,解毒、清热、止痛、开窍、行气、镇惊、定喘
262,拔脓,清热、散瘀、解毒、止痛、活血、镇咳、利湿
263,缓急,解毒、止咳、益气、润肺、润肤、散寒、生肌
264,解渴,利尿、生津、除烦、化痰、解毒、消肿、止血
265,益精血,补肾阳、补肝肾、解毒、消肿、止血、健脾、消食
266,醒酒,消食、生津、解毒、清热、开胃、宽胸、利尿
267,益肝,明目、滋补、强壮、解毒、清热、祛风、除湿
268,滋养,肝肾、止痛、消肿、解毒、祛风、活血、止咳
269,调气,祛风、和血、解毒、清热、止咳、除湿、止痒
270,固肾,明目、止渴、补脾、涩精、解毒、止痛、祛风
271,泄热,凉血、利尿、通淋、解毒、利水、安神、通腑
272,温脾,理气、开胃、安胎、止血、化湿、温经、止痛
273,生新,活血、安神、调经、益肾、解毒、止痛、消肿
274,散肿,清热、止痛、止血、凉血、消瘀、解毒、利尿
275,补肾阳,强筋骨、壮腰膝、益精气、消肿、祛风湿、行血、调冲任
276,利气,解毒、清热、祛风、止咳、除湿、化痰、消肿
277,消滞,清热、消肿、利湿、化湿、凉血、杀虫、行气
278,清肺热,止血、通淋、利小便、凉血、祛风湿、解疮毒、散瘀血
279,除痹,利湿、解毒、清热、消肿、止血、利尿、杀虫
280,生发,解毒、消肿、清热、活血、凉血、杀虫、明目
281,益血,止痛、止血、利湿、补脾、化痰、行气、明目
282,止遗,益肾、涩精、活血、温肾、固精、清热、健脾
283,退虚热,清疳热、解毒、燥湿、止咳、利湿、化痰、生津
284,纳气,补肾、安神、益肾、镇惊、潜阳、补益、肝肾
285,蚀疮,截疟、去腐、生肌、祛痰、攻毒、解毒、止痛
286,开郁,止痛、祛风、活血、止痒、辟秽、宽胞、利痰
287,辛凉解表,解毒、利湿、消肿、止咳、利尿、清肺、续筋
288,散毒,止痛、消肿、生肌、活血、除湿、凉血、化痰
289,补心,滋阴、益肾、养血、益精、潜阳、益肺、固气
290,散积,解毒、化痰、行瘀、利尿、化瘀、接骨、消疳
291,止嗽,散寒、解毒、清热、散瘀、解表、益气、平喘
292,壮筋,止痛、活血、止血、散瘀、健脾、祛风湿、温中
293,杀菌,解毒、清热、止痛、止咳、生肌、消肿、杀虫
294,补虚损,健脾胃、祛风、杀虫、通络、消积、润肺、生津
295,消痞,止咳、清热、祛风、利湿、杀虫、化痰、散结
296,泻水,解毒、杀虫、破积、清热、消肿、止咳、散结
297,通阳,散寒、散结、解表、温经、消肿、散瘀、杀虫
298,回阳,救逆、温中、助阳、通脉、补火、止痛、除湿
299,退肿,生肌、软坚、补气、固表、解毒、凉血、杀虫
300,除风,除湿、和血、止痛、消肿、祛风、利湿、散瘀
301,补益气血,止咳、健脾、消食、益气、润肺、益肾、导滞
302,补五脏,益气血、解毒、祛风、健胃、止渴、强筋骨、续筋
303,清胃,止痒、解毒、消肿、止血、化痰、明目、燥湿
304,解酒毒,除烦、清热、解毒、止咳、利尿、生津、止呕
305,化饮,止痛、散寒、祛风、活血、止血、健脾、理气
306,鲜毒,燥湿、消食、祛风、止血、利湿、凉血、利水
307,小便,清热、解毒、散结、凉血、活络、通经、滋阴
308,散淤,活血、解毒、清热、消肿、舒筋、祛风、止血
309,止泄,清热、止痛、明目、消食、补肾、生津、止痢
310,泻肝,燥湿、泻火、定惊、清湿热、解毒、凉血、散结
311,疗痔,解毒、消肿、活血、止血、止咳、健脾、舒筋
312,温补肾阳,消肿、散寒、润肠、止痛、活血、止痒、通络
313,温阳,补肾、益气、祛风、活血、健脾、散寒、明目
314,化浊,除湿、和胃、解毒、消肿、活血、利水、散寒
315,益损,滋阴、清热、利湿、强筋、壮骨、活血、止血
316,壮筋骨,止痛、消肿、除湿、益气力、解毒、清热、止咳
317,除蒸,解毒、凉血、消肿、祛风、除湿、散结、滋阴
318,敛伤,清热、利尿、生肌、解毒、消肿、祛风、除湿
319,升提,退热、和解、中气、解郁、益气、祛风、理气
320,消食积,解毒、活血、止血、杀虫、调经、发表、通乳
321,抗肿,祛风、顺气、解毒、清热、止咳、除湿、利湿
322,除痰,祛风、止血、止咳、利湿、散结、消食、益气
323,行滞,消肿、止血、散寒、清热、止痛、祛风、活血
324,止惊,熄风、解毒、清热、止痛、消肿、活血、除湿
325,抗瘤,祛风、顺气、解毒、清热、止咳、除湿、利湿
326,举陷,解毒、清热、益气、活血、调经、疏风、透疹
327,利喉,止血、清肺、解毒、清咽、止痛、散瘀、理气
328,降逆气,止痛、祛风、活血、除湿、消积、安神、清湿热
329,利咽喉,解毒、清热、止痛、消肿、清肺、生津、止渴
330,防腐,解毒、止痒、疏风、解热、抑菌、清热、止痛
331,抗痨,消肿、消食、消炎、健胃、止血、健脾、润肺
332,搜风,消肿、散寒、通经、胜湿、开痰、解毒、除湿
333,强骨,祛风、止血、除湿、止痛、活血、止咳、安神
334,除湿热,利尿、补肾、散风、发汗、解郁、利小便、退目翳
335,利窍,消肿、通络、降火、解毒、活血、散寒、明目
336,厚肠,清热、止痛、活血、利湿、止泻、开胃、润燥
337,滋补肝肾,平喘、清肺、平肝、潜阳
338,散瘀血,解毒、清热、除湿、敛疮、续筋、利小便、续骨
339,抗疟,清热、止咳、行气、消积、解热、破血、退热
340,补胃,益气血、杀虫、利水、解毒、清热、消肿、强筋骨
341,除温,解毒、活血、止痛、消肿、利水、止痒、通络
342,疗疳,止咳、化积、消肿、祛风、除湿、散瘀、杀虫
343,角毒,止咳、利湿、利尿、止痛、除湿、杀虫、止痒
344,脾胃,补益、固精、滋肾、清热、止痛、活血、止咳
345,玫毒,止痛、杀虫、散结、消肿、活血、止痒、通络
346,强身,延缓衰老、化痰、理气、补肾、接骨、补虚、止带
347,止疼,行气、调经、解毒、清热、祛风、止咳、除湿
348,利关节,祛风湿、解毒、活血、强筋骨、壮骨、除风湿、壮筋
349,清神,止痛、活血、行气、消痔、开窃
350,蠲痹,清热、祛风、止咳、利湿、舒筋、活络、益气
351,利肺,消肿、散瘀、利尿、化痰、理气、散结、和胃
352,开音,止痛、消肿、止血、止咳、凉血、解表、润肺
353,宁神,降压、解毒、活血、和胃、补虚、化湿、开胃
354,润肌,解毒、补血、补气、祛风、杀虫、消积、疗疮
355,托疮,解毒、利水、益气、止汗、消肿、利尿、止痒
356,清头目,散热、除烦渴、解毒、利尿、化痰、消食、透疹
357,除烦渴,清头目、利二便、解毒、利尿、化痰、健脾、消食
358,除疳,清热、利尿、健脾、通淋、解表、补肾、疏风
359,麻醉,活血、散瘀、止血、止咳、生肌、镇痛、解热
360,理肺,止咳、解毒、消肿、散瘀、化痰、平喘、接骨
361,清暑热,消肿、调经、祛风湿、健胃、补肺、利小便、清心
362,消斑,清热、凉血、祛风
363,除胀,行气、定痛、泻下、逐水、破瘀、解毒、活血
364,收敛固涩,止痛、活血、止血、止咳、除湿、杀虫、散结
365,袪风湿,解毒、消肿、消痈、通经络
366,中气,退热、和解、升提、解郁、理气
367,利膈,开胃、止痛、止咳、行气、消积、祛痰、滋阴
368,益脾,解毒、消肿、止血、散瘀、调经、润肺、补肾
369,催生,止痛、破血、开窍、醒神、散瘀、散结、舒筋
370,坠痰,镇惊、消食、敛疮、平肝、下气、攻积、止血
371,祛除,风湿、解毒、消肿、止血、除湿、温中、温肾
372,消翳,解毒、止血、敛疮、清肺、接骨、消炎、截疟
373,缓泻,解毒、止痛、祛风、化痰、止痒、燥湿、通便
374,败毒,止痛、清热、活血、散瘀、杀虫、通络、消痈
375,风湿,止痛、解毒、消肿、止血、温经、症瘕、皮肤病
376,抗菌,镇痛、镇静、清热、止痛、祛风、活血、除湿
377,利肝胆,凉血、清热毒、活血、安神、化瘀、清湿热、健脾胃
378,利温,清热、活血、止痛、消肿、祛风、止咳、理气
379,消种,活血、祛风、利湿、利水、健脾、消食、祛瘀
380,透表,解毒、除湿、凉血、疏风、疏肝、解郁、泄热
381,宽肠,解毒、除湿、利水、健脾、消积、敛疮、润肺
382,清肝火,解毒、清热、杀虫、理气、明目、止痒、通络
383,温寒,祛风、除湿、调经、补虚、补益肝肾、止泄、消瘕
384,通血脉,消肿、祛风、利水、健脾、润肺、和胃、止渴
385,定痫,祛风、止血、散寒、敛疮、滋阴、镇惊、温肾
386,舒经,止痛、消肿、祛风、除湿、清热、活血、散瘀
387,养颜,涩精、散结、和中、下气、泽发
388,消疮,解毒、止痛、消肿、祛风、止痒、止泻、收敛
389,去斑,止咳、行气、敛疮、温中、润肤、化骨鲠、去面
390,消瘰,清热、活血、化痰、调经、通络、舒筋、化瘀
391,祛邪,除湿、解毒、清热、止痛、祛风、利尿、健脾
392,宽胞,行气、止痒、开郁、利痰、清热、化痰、散结
393,救逆,散寒、助阳、补火、止痛、除湿
394,退目翳,利尿、止渴、散风、散热、利小便、清暑、解热毒
395,聪耳,平喘、补肾、安神、平肝、清肝、镇惊、潜阳
396,强壮筋骨,活血、除湿、解毒、解表、祛瘀、补肾、安神
397,通乳汁,补血、补气、利小便、润肤、行瘀、消肿毒、润肌
398,祛热,祛风、清热、利尿、消食、止渴、强筋、补肝
399,蚀腐,解毒、止血、止痒、消积、敛疮、截疟、软坚
400,补精,解毒、活血、温中、养血、通乳、填髓、固气
401,理湿,下气、定喘、清热、止痛、散瘀、健脾、行气
402,填髓,清热、散寒、解表、益气、润肺、补肾、温中
403,灭虱,解毒、消肿、止咳、润肺
404,和络,止痛、祛风、解毒、养血
405,暖肾,止血、敛疮、止泻、涩肠、壮阳、固精、益精
406,补虚劳,清热、止咳、止痛、祛风、止血、除湿、散瘀
407,固气,益肺、补心、活血、益气、补精、补心益肺
408,利二便,除烦渴、止渴、除烦、消肿毒、解酒毒、吐风、吐痰
409,去积,消肿、解毒、祛风、除湿、散瘀、杀虫、燥湿
410,痛经,消肿、利尿、散寒、祛瘀、破血、行血
411,清热毒,凉血、利肝胆
412,解肌,清热、除烦、理气、止泻、温中、生津、发表
413,安心,益气血、补脾、健脾胃、补心、定痫、解泾昌涌、和脾胃
414,通鼻窍,疏风、散寒、散风
415,乌须发,止泻、强筋骨、补肝肾、益精血
416,寒湿,舒筋、止痛、消肿、活血、活络、温肾、祛除
417,通利二便,清热、消肿、活血、散结、调经、敛疮、逐水
418,蚀恶肉,利水、止血、通便、攻毒、祛寒湿、消冷积
419,温通经脉,行气、散寒、解表、通阳、化气
420,除臭,杀虫、止呕、降逆、辟秽
421,清血,清热、止血、除湿、利尿
422,调和气血,
423,攻积,平肝、下气、坠痰、清热、止血、敛疮、泻火
424,收口,止血、祛风、止咳、除湿、利尿、益肺
425,除疟,消食、化积、退热
426,补阳,化痰、滋阴、益肾、益阴
427,心肾,解毒、清热、祛风、敛疮、通经、镇痛、定喘
428,退烧,消肿、止血、利尿、生肌、收敛、镇痛、疗疮
429,栽疟,祛风、散瘀、杀虫、理气、止痒、健胃、补虚
430,化食,止痛、祛风、止咳、除湿、散结、通络、消积
431,肺肾,解毒、消肿、活血、止血、利尿、益精、滋补
432,柔肝,清热、止痛、补肾、和胃、健胃、养阴
433,少阳,理气、疏肝、解郁、舒肝
434,抑菌,消炎、疏风、解热、防腐、解毒、清热、止痛
435,敛带,清热、祛风、止血、除湿、利湿、利尿、杀虫
436,安蛔,解毒、活血、止咳、散瘀、杀虫、通络、消积
437,清疳热,
438,剑疮,解毒、清热、消肿、利湿、凉血、杀虫、退黄
439,凉心,定惊、化痰、豁痰
440,敛阴,解毒、止痛、除湿、杀虫、润肺、安神、平肝
441,破瘀血,消积、续筋、续骨、通大便
442,涩尿,解毒、益肾
443,开痰,止痛、消肿、散寒、搜风、解毒、祛风、壮阳
444,止吐,清热、消肿、利湿、杀虫、利水、止痒、止泻
445,止搐,解毒、止痛、消肿、止咳、解痉、麻醉、平顺
446,和脾,明目、清肝、止痢
447,通窃,消肿、祛风、止痛、除湿、杀虫、利水、排脓
448,益肾气,散瘀、祛风湿、强筋骨、壮骨、壮筋
449,湿中,止痛、理气、解表、消积、和胃、健胃、化湿
450,宣散风热,明目、祛痰、利咽、透疹、止痉、退翳、降气
451,助消化,解表、安神、止痢、下乳、健脾胃、厚肠胃
452,大补元气,益气、和胃、固脱、益精血、摄血、复脉、补肾气
453,和瘀,解毒、止痛、祛风、活血、止血、除湿、健脾
454,抗结核,消食、补肾、健胃、镇痛、镇静、催吐
455,理血,解毒、祛风、止咳、利湿、化痰、止痒、消食
456,补火,回阳、救逆、除湿、杀虫、散寒、止痒、通便
457,清泄肺热,通淋
458,能络,活血、除湿
459,涤痰,清热、杀虫、散结、润燥、泻下、逐水、滑肠
460,提神,利尿、目渴、健脾、平肝、开胃
461,补阴,散结、安神、软坚、除烦、潜阳、重镇、除虚热
462,通痹,止痛、除湿、利湿、散寒、舒筋、活络、去浊
463,束带,活血、止咳、散瘀、化痰、健脾、消食、生肌
464,驳骨,止血、清热、止痛、活血、散瘀、通络、生肌
465,升举阳气,解毒、清热、透疹、发表、疏肝、退热、舒肝
466,通林,消肿、活血、止咳、凉血、利水、散结、调经
467,益气力,行气、补虚、强筋骨、补脾、调中、消胀、补胃
468,健脑,清热、活血、利尿、化痰、通经、补虚、润肤
469,生津液,清虚热、除烦热、益胃阴
470,止咳喘,行气、祛湿浊、益肺
471,重镇,散结、安神、平肝、软坚、止血、凉血、降逆
472,温补,固精、缩尿、助阳、肝肾、清火、功效
473,消毒,利湿、解毒、清热、散瘀、杀虫、消积、下气
474,目咳,止痛、杀虫、散寒、祛痰、清肺
475,化石,清热、利湿、健脾、消食、涩精、消症、止遗
476,芳香,祛风、解表、化湿、开窍
477,清心火,止血、通络、固精、利小便、平肝火
478,止呃,止咳、健脾、散寒、消食、温中、下气、降逆
479,消痔,平喘、清肺、疗疮、降气、益胃、清肠、清神
480,解蛇虫毒,祛风、止血、止咳、除湿、散瘀、利水、散结
481,清燥,平肝、潜阳、清热、明目、生津、养阴、益胃
482,利湿热,行水、解疮毒、清肺热、通乳汁、益心
483,目渴,利尿、提神、解毒、健脾、除烦、益胃
484,清咽,解毒、清热、止痛、消肿、利湿、散瘀、理气
485,益脑,健胃、清心、补肾、清暑热
486,消结,除湿、散寒、解表、散瘿
487,化症,活血、止血、杀虫、健脾、散结、消积、止泻
488,醒脑,安神、生津、利咽、清心
489,摄血,止痛、活血、舒筋、活络、益气、补肾、滋阴
490,去浊,祛风、止咳、利尿、通淋、除痹、通痹、宜肺
491,益肝肾,止痒、强筋骨、清虚热
492,解鱼毒,消食、化积、消食积、杀痨
493,峻下,利咽、开窍、逐水、豁痰、积滞、通关、寒积
494,泄火,清热、止痛、止咳、化痰、燥湿、退虚热
495,补益脾胃,柔筋
496,消坚,止血、镇痛、破瘀、散血
497,益髓,生肌、清肺、滋阴、填精
498,滋补壮阳,活络、安神、镇静
499,壮肾阳,强筋骨、益精血、托疮毒
500,止痰,止痛、活血、调经、消炎
501,补中气,止泻痢、调血脉、益肾精
502,消骨鲠,清热、祛风、活血、除湿、调经、固精、缩尿
503,疗虚,活血、利水、续伤、渗湿
504,活血脉,强筋骨、补肝肾
505,生血,散瘀、调经、补气、和血
506,益精髓,补气、强筋骨、补虚损、壮元阳
507,吐风,止痛、祛寒、消肿毒、利二便
508,麻疹,通络、解表、消食、下气、发汗、宣透、透发
509,和营,止痛、消肿、止血、祛瘀、平肝、养血、定痛
510,镇肝,活血、散瘀、散结、祛瘀、软坚、熄风、潜阳
511,调和诸药,止咳、益气、润肺、止痛、泻火、补中、补脾
512,破气,化痰、疏肝、化滞、除痞
513,止漏,解毒、消肿、燥湿、固崩
514,海血,止痛、消肿、消积
515,泻炎,清热、燥湿
516,下乳汁,托痘疮、温肺气、壮阳道
517,柔筋,祛风、养血、补益脾胃、利骨
518,和湿,解毒、消肿、祛风、散瘀、止痒、通淋
519,散滞,理气、祛寒
520,助运,健脾、行气、消食、清肝、利胆
521,通腑,消食、化积
522,利骨,祛风、舒筋、柔筋、益气养
523,益肺肾,退虚热、补胃
524,除垢,止痛、消肿、祛风、止血、杀虫、涤痰
525,托疮毒,补气、强筋骨、润肤、益精血、润肌、通乳汁、壮肾阳
526,收敛固脱,消肿、除湿
527,止咳嗽,清热、利小便、除风湿、清肺热
528,清胃热,止血、降逆、补虚弱
529,调胃,散风、散热、宣肺气、调肠、理脾助气
530,续溺,益气、接骨、补血
531,杀疥,疗癣、活血、除湿、行气、泻火、疗疮、疗痈
532,延缓衰老,强身
533,调血脉,补肝肾、补中气、止崩漏、益肾精
534,止痹痛,
535,肋运,清肺、养阴
536,生精,调经、补血、壮阳、润燥、温肾、补阳益服
537,坚骨,祛风、活络、补肾、行血
538,利大小便,除烦、止呕、通乳、解酒毒
539,破聚,明目、消积、除烦、益清、养胃、益阴
540,去风湿,化痰、敛疮、补肝肾、顺气
541,上血,凉血、清热、利湿
542,消风,活血、止血、散瘀、理气、明目、安神、开胃
543,破积滞,消痈、泻热、泻实、行瘀血、下瘀血、泻实热
544,宣肠,解表、透疹、透发麻疹、散血热
545,濡筋,祛风、祛湿、续骨、缓急
546,平肝明,镇惊
547,疔疮,
548,通便秘,生津、补中、和血、宽肠胃
549,泻肝胆火,燥湿、止血
550,开郁结,杀虫、消积、祛风湿、降逆气
551,化脓,除疳
552,袪风,活血、利尿、利水
553,补虚赢,敛疮、强筋骨、健脾胃、止泻痢、除风湿
554,益清,明目、消积、除烦、破聚、养胃、益阴
555,补虚弱,止血、清胃热
556,和肝,健脾、生肌、养血、导滞
557,淡渗,清热、利尿、利水
558,益气阴,调经、润肺燥
559,防裂,解毒、止痛、消肿、缓急
560,宽肠胃,生津、补中、和血、通便秘
561,扶正,补虚、解毒、祛风、化痰、理气、益气、透疹
562,退黄疸,催吐
563,养肝肾,
564,透发麻疹,宣肠、散血热
565,消疮毒,补肝肾、强腰膝
566,治疟,消肿、驱虫、治疾
567,透脓,止痢、透疹、搜风、消毒、透痈
568,厚肠胃,助消化、御风寒、填精髓
569,提脓,燥湿、生肌、拔毒、去腐、祛腐
570,壮腰膝,强筋骨、益精血
571,化滞瘀,
572,兴阳,消肿、生肌、补肾、益肾、润肤
573,除痞,化痰、健脾、开胃、破气
574,发散,清热、祛风、利湿、止痒、解表、透疹、升阳
575,通利肠胃,生津、止渴、除烦、和中、解热、利小便、消痰
576,利肝脏,抗癌
577,化腐,散结、生肌、消积、祛痰、软坚、破瘀
578,解毒散,消肿、活血、利尿、益气、安神
579,清痰,止咳、益气、健胃、消瘀、补五脏、开膈、长腰力
580,润五脏,补肝肾、止消渴、软坚散肿
581,疗痹,理气、舒筋、活络、和胃
582,解毒肿,润皮、破瘕积聚
583,清利肝胆,清热
584,缩小便,
585,收敛止痢,清肝
586,吐痰,止痛、祛寒、消肿毒、利二便
587,泄浊,清热、消肿、活血、除湿、通淋、化瘀、通利关节
588,疗痈,活血、行气、疗癣、杀疥
589,清利咽喉,解毒、清热、活血、行气
590,益气养,祛风、止血、散结、舒筋、利骨
591,敛创,舒筋、活络
592,散瘀痛,消肿、祛风、止咳、除湿、利水、宣肺
593,除虚热,补阴
594,下骨鲠,清热、止痛、止血、散瘀
595,化痞,消食、通经、补脾、消症、宽筋
596,逐寒,止痛、祛风、利水、行气、祛湿、壮阳、温肾
597,下胎,行气、催产
598,除烦热,润肺、安神、利小便、生津液
599,藤瘀,祛风、胜湿
600,乌发,明目、润肠
601,化斑,清热、祛风、利湿、养血、润肤
602,平肝阳,安神、养血、养心、清湿热
603,暖肝,行气、散寒、理气、和胃、开胃、温肾、温脾
604,缓肝,解毒、消肿、散瘀、补中、补脾、和瘀
605,化气,解表、消食、通阳、温通经脉、肺结核、肺炎、失眠
606,祛斑,
607,利痰,行气、止痒、开郁、宽胞
608,消毒肿,散热、清湿热
609,去火,止痒、清湿热、解疮毒、去痰
610,润喉,理气、明目、生津、疏肝、解暑、辟秽、醒脾
611,长骨,祛风、活血、止血、除湿、散瘀、生肌、消炎
612,敛血,止痛、止泻、润肺、养阴、固精、缩尿
613,隆压,清热、止痛、化瘀、疏风
614,化毒,消肿、活血、生肌、祛风湿
615,理伤,祛风、止血、利湿、行气、接骨
616,毒物,祛风、止咳、除湿、化痰、强筋、壮骨
617,疗虫蛇伤,燥湿、敛疮、化瘀
618,解鱼蟹毒,消食、疏风、宣肺、降逆、宽胸、消瘿、醒酒
619,通结,散瘀、泻热
620,散瘀肿,续筋、续骨、解热毒
621,目血,解毒、清热、止痛、消肿、活血、敛疮
622,适血,祛风、除湿、散寒、舒筋、温经
623,拔疔,敛疮
624,固齿,敛疮、镇惊
625,开痹,止咳、平喘、祛痰、润肠、下气
626,复脉,和胃、补脾、固脱、大补元气、摄血
627,燥湿收敛,清热、止带、固涩
628,温脾胃,消肿、散瘀、祛风湿、祛寒、暖肝肾
629,定心,化痰、安神
630,缓下,清热、散结、化瘀、润肠、驱蛔
631,健肾,止痛、除湿、壮腰、强腰
632,活箅,止血、行气、调经、舒筋、活络
633,下痢,止血、散瘀、消积、促催咳嗽
634,祛湿浊,行气、止咳喘
635,祛寒湿,利尿、杀虫、强筋骨、蚀恶肉、消冷积
636,运脾,消食、安神、和胃、补气、止泄
637,目痛,解毒、消肿、祛风、除湿、散瘀、舒筋
638,芳香化浊,燥湿、解表、开胃、和中、发表、止呕、解暑
639,润皮,解毒、祛风、祛寒、通血脉、解毒肿
640,性津,化瘀、止渴、通乳、角暑
641,固崩,杀虫、燥湿、润肺、止带、止漏
642,芳香健胃,温中、驱风
643,能淋,通经、滋阴、止渴、泻火、除烦、下乳、清心
644,助生,
645,愈疮,生肌、益气、补肾、和胃、壮阳
646,清肝热,消炎、滋阴、利小便
647,痰涎,涌吐、解毒、清热、生肌、润肤、收湿、疗癣
648,劫痰,杀虫、去腐、蚀疮、蚀腐
649,止呕吐,祛热、消骨鲠、散寒湿
650,接筋骨,消肿、补血、补气、除风湿
651,固冲,祛风、止血、除湿、杀虫、健脾、益气、补虚
652,二便,解毒、清热、明目、清肝
653,回乳,清热、止血、散瘀、凉血、利尿、消食、安胎
654,长肉,益气、消炎、补中、杀菌
655,活血祛,通络
656,祛淤,清热、止痛、消肿、利湿
657,补髓,温肾、填精、强筋骨、益血脉
658,降脂,降压、降血
659,秀疹,清热、止痛、散风、升阳、举陷
660,活轿,止痛、祛风、除湿、开窍
661,通闭,止咳、杀虫、散结、祛痰、开窍
662,排浓,消肿、化痰、润肺、生津
663,消积滞,清湿热、健脾胃、泻肝
664,益卫,固表、生肌、益气、补气、托毒
665,补心阳,利尿
666,清泻肝火,清热、止咳、利湿、凉血、消炎、退肿
667,清积,散结、祛湿、驱虫、导滞、利胆、消痞
668,益精气,
669,除疣,燥湿、软坚
670,壮元阳,补气、强筋骨、益精髓、下乳汁、温肺气
671,止消渴,清热、止咳、除湿、利尿、润五脏、软坚散肿
672,止痈,清热、消肿、息风、止惊
673,逐湿,壮骨、驱风、辟秽、疗疟、宣壅
674,散热毒,下气、清湿热、泻湿热
675,退贡,
676,补筋骨,清热、生津、解渴、解酒毒
677,暖肝肾,消肿、散瘀、祛寒、温脾胃
678,托痘疮,壮阳道
679,敛气,补脾、补肺
680,调冲任,补肾阳
681,解犬毒,清胃
682,滑痰,降火、利窍
683,透痈,透疹、透脓
684,破滞,行瘀、泻热
685,缓筋急,补血、除风湿
686,除积,止咳、利湿、消食、祛痰
687,泄肺,定喘、行水
688,利肠,
689,定风痫,壮筋
690,暖冲任,益精、补命门
691,补益脾肾,
692,破宿血,补虚、调中、消胀、壮筋骨、益气力、去死肌
693,功毒,祛风、杀虫
694,疗疟,逐湿、宣壅
695,除风毒,
696,下焦,强筋、补肝肾、固涩
697,润泽脑髓,疏风、补益
698,护肤,退黄、剑疮
699,宣透,消食、下气、发汗、麻疹
700,支翳,消肿、祛风
701,清散风热,
702,消疣赘,
703,滋补养血,润肺、滋阴、安胎
704,风利湿,清热、消肿、活血
705,化瘀血,
706,平喘咳,生肌、祛风湿
707,清泄暑热,消食、健胃
708,治反胃,
709,逐滞,
710,消肿收敛,散寒
711,肃肺,消肿、利尿、通便、清肝
712,搜风祛湿,镇痛
713,益心肝,补气
714,补腰肾,舒筋、益气、补中
715,利湿浊,
716,调所,止咳、化痰、平肝、和中
717,芳香醒胃,消胀
718,昌渴,杀虫、止痢
719,行血气,散寒、散风
720,托举,益气、补中、托毒、升阳
721,解百草毒,降逆
722,利滞气,消肿、杀虫、止痒、辟秽、辟浊、通关窍
723,化积滞,消食、开胃、和中
724,清肺气,利水、除烦
725,除黄,益肝、补心
726,避浊,利水、化湿
727,种湿,杀虫、通淋
728,脾肺,生津、补益
729,平肝火,固精、清心火
730,逐寒湿,祛痰
731,解泾昌涌,安心
732,隆气化痰,
733,功效,温补
734,续断接骨,行气
735,锊毒,止痛、利尿、杀虫、止痒、通淋、化瘀
736,调中利膈,消食
737,宁心神,通络、降血压、清肝火
738,摄精,补肾、镇咳
739,消水,活血、化瘀、滋补
740,破坚,消肿、利尿、泻下、散积
741,澡湿,清热、泻火
742,滋肝,清热、止咳、化痰、健脾、明目、和中
743,杀鱼蟹毒,消食、和胃、降逆、解酲、快气利隔
744,除劳热,通淋、消胀
745,暖宫,补血、壮阳
746,宁咳,泄热、除蒸
747,宣鼻窃,
748,平肝潜,
749,暖子宫,镇心、降逆气
750,清肿,清热、利水、通淋、排脓
751,风。,润燥
752,止胃痛,除湿、强筋
753,补养强壮,
754,固脾,止泻、降火
755,止崩漏,补肝肾、调血脉
756,驱鞭,驱蛲、驱蛔虫
757,种中,益气、生津、泻火、润燥
758,干用,补血、和血、熟用
759,止泪,
760,定痉,祛风湿
761,益心,行水、利湿热
762,凉散瘀,清热、消肿、利水
763,养肺,益精、固肾
764,清抻头目,强壮、风热、疏散
765,补益精气,通乳
766,涌吐风痰,疗疮
767,解酲,消食、和胃、降逆、杀鱼蟹毒、快气利隔
768,利痹,消肿、祛风、化痰、行气、化湿、开窍
769,泻湿热,
770,泽肽,补虚、益精
771,散寒湿,祛热、止呕吐
772,腰膝,补血、强壮
773,疗疖,清热、解暑
774,通鼻,杀虫、祛湿、散风、宣肺
775,芳香化湿,
776,散血热,宣肠、透发麻疹
777,凉热,祛风、止血
778,退虚弱,祛风、利湿、活络
779,止烦,消食、和胃、除热、醒脾
780,祛风温,止血、强筋骨
781,祉中湿肺,健脾
782,镇吐,健脾、理气
783,悦神,理气、调经、清心、辟秽
784,拨刺,
785,温补脾肾,止血、散瘀、散寒
786,养肺阴,开胃
787,润腩,消肿、祛风
788,破症块,
789,退蒸,
790,解素,祛风、利湿、凉血、解暑
791,去疣,和胃、止艾
792,化瘀滞,
793,积滞,利咽、逐水、豁痰、峻下
794,定惊痫,止血、散瘀、补虚劳
795,调味,调药、驱药、芳香药
796,解血热,降炎火
797,补脑,止渴、消痞
798,止腹痛,
799,宣开毛窍,通经
800,角暑,止渴、性津
801,附疳,消肿、杀虫、明目、去翳
802,升发清阳,止血、散瘀、解暑
803,温肠止脱,
804,清心胃火,
805,补坚硬,祛风湿、制酸
806,泻下寒积,祛痰、利咽、逐水、蚀疮、退肿
807,镇疼,祛风、除湿
808,阳固精,肝肾
809,御风寒,厚肠胃、填精髓
810,止鼻血,降炎火
811,治血,解表、疏风
812,泄逐邪,利水、平喘、祛痰、降气、泻肺
813,肺结核,化气、肺炎、失眠
814,化痢,
815,消胃,清热、止痛
816,清利头目,疏散
817,除瘴,辟秽、蚀疮
818,调理,和胃、脾胃
819,祛风定,活血、杀虫
820,症瘕,温经、祛除、风湿
821,催奶,
822,泻实,消痈、泻热、破积滞、下瘀血
823,缩宫,止血
824,温肺气,壮元阳
825,濡目,活络、通经、清肝、养血
826,理毛,宽胸、消瘿、醒酒、解鱼蟹毒
827,散表寒,祛风湿、利关节
828,舒郁,和中、补中、疏肝
829,宣通经络,祛风、除湿、发汗
830,补骨髓,
831,通虚热,凉血
832,表风,止血、表热
833,蚀肉,
834,除疳热,
835,根截疟,退热
836,化骨,
837,壮肾止浊,辛温发表
838,通气,利尿、下乳
839,入络,消肿、通经
840,驱杀绦虫,清热
841,辛散止痛,行气、解表、止泻、和胃、透疹
842,缓解止痛,除湿
843,水利,止血
844,养肤,疗疮、润肌
845,宣表,燥湿、解表、和中、驱风、芳香化浊
846,散瘀结,
847,泽发,养颜
848,益五脏,生津、止渴、养阴、清肺胃
849,润肠道,补肾阳
850,辟恶除秽,活血、除湿、散毒、降逆气
851,清泻火毒,
852,辛凉,
853,除腐,拔毒、生新
854,妥毒,安神、养心
855,消积聚,
856,湿肾,暖胃
857,润肺燥,
858,益气补益,
859,精热,抗癌
860,驱邪,截疟、透疹
861,怯痰,清热、杀虫
862,消障翳,清热
863,痔疮下血,止血、祛湿
864,消癥,破血、逐水
865,清温,
866,祛谈,消肿、活血、止咳、调经
867,止淋,止痢、祛湿
868,益智,
869,视风,除湿、调经
870,固下,补肾、涩精
871,定搐,消肿、止咳、平喘、镇惊
872,愈伤,消肿、接骨
873,争毒,祛风湿、通经络
874,有剧毒,
875,治疥,泻下、催吐、治疮
876,润澡,通窍
877,分散,降压、风热
878,暖脾,
879,调养气血,舒筋、祛瘀、生新
880,除寒,清热、止咳、利水、通淋
881,气血,温中、补益
882,除皲,温寒蠲饮
883,润泽肌肤,
884,散气,止痛、止泻、温中、开胃、下气
885,清泄湿热,舒肝
886,痰食,退黄、涌吐
887,促催咳嗽,
888,筋骨,除湿、强壮
889,行药势,
890,生肥肌,除湿
891,软坚破积,活血、除湿、补血
892,升阳发表,强心
893,化痔,
894,滋养强壮,
895,补益脾肺,
896,泽肌肤,润肺、止带
897,解暑热,活血、止血、止咳、润肺、清凉
898,腐蚀疣痣,止痒
899,祛痢,利尿、催吐、下泻
900,消冷积,蚀恶肉、祛寒湿
901,缓解药毒,
902,化痰饮,祛风湿、散风、消肿毒
903,破瘕积聚,
904,杀早,化痰、消积
905,通大便,
906,清络,明目、化湿、祛暑、益肝
907,精气,生肌、补益
908,定志,祛风、止血、除湿、安神、镇痛、养阴
909,暖腰膝,
910,镇呕,行气
911,散头风,
912,活瘀,清热、止痛、消肿、散结
913,益肺胃,生津、养血、润燥、补虚损
914,续盘骨,祛风湿、驱虫
915,定抽,
916,消疝,杀虫、行气、疗疮、驱蛔
917,镇逆,杀虫、坠痰
918,利血,清热、活血、利尿
919,消瘤去瘢,行气、透疹、发表
920,助相火,开胃
921,抑制分泌,解痉
922,去眼赤,止渴、除热
923,杀痨,消食积、解鱼毒
924,驱瘴,消食、辟寒
925,风痰,杀虫、明目、止痒、退翳、涌吐、祛腐
926,疏表,清热、散瘀
927,去痛,止痛、消肿、祛风、活血、止痒
928,消食和,益胃
929,宽筋,消症、化痞
930,能便,行水、化滞
931,辟浊,消肿、杀虫、止痒、辟秽、利滞气、通关窍
932,灭鼠,
933,能乳,散结、疏肝、解酒
934,通关,峻下、寒积
935,化骨硬,祛风、驱虫
936,消瘕,止泄、温寒
937,醒脾气,下气、醒脾、消谷食、消谷
938,利消肿,
939,枝偏头痛,
940,理肠,止渴、除烦
941,补肾虚,
942,宣发郁热,除烦
943,防治流感,清热、止血、凉血、驱虫、乙脑
944,拔异物,散瘀、止痒
945,寒积,峻下、通关
946,表热,止血、表风
947,破痰,
948,益火,散寒、助阳
949,益肠,通便、壮阳
950,定喘咳,散热、利水湿
951,补钙,
952,散瘰疬,除湿
953,截疾,接骨
954,接骨疗,活血、化瘀
955,助颜,疏风、润肤
956,利担,消痈、退黄
957,郐盘,活血、通络
958,透诊,生津、止渴、发表、退热、升阳、解肌
959,散风湿,补肾、强筋骨
960,舒经络,补气、强筋骨
961,透托斑疹,
962,通肠,消肿、明目、清肝、利胆
963,益神,顺气、抗肿、抗瘤
964,清泻肺热,凉血
965,湿止痒,
966,经止血,利湿
967,治疾,
968,被肾壮阳,健脾、舒筋、益肺
969,清势,活络、平喘、通经、平肝、熄风、止痉
970,降血,降脂
971,润操,滋阴、益损
972,利筋骨,
973,涤络,杀虫、止痒
974,收肠止脱,祛风
975,利水湿,散热、定喘咳
976,除显,健脾、通络、化瘀
977,能经,活血、祛瘀
978,去油垢,
979,涩带,止痛、调经
980,润肝,止咳、凉血
981,降肺,利肺水
982,袪风热,通经络
983,解烦竭,
984,宽隔,和中、行水、除热
985,利悄,清热、消肿
986,降低血脂,
987,补肺肾,止嗽
988,清退虚热,滋阴
989,止咳逆,杀虫、催吐、逐水、破积
990,调和,清热、脾胃
991,消痞积,
992,益阴气,
993,甘缓解毒,壮阳
994,行血脉,补肝肾、续骨
995,被肾,开胃、缩尿
996,通阳气,散风
997,解食毒,开胃
998,透骨蒸,凉血、生津、养阴、镇咳、舒肝
999,疗瘀化伤,通络
1000,保气,益精、实腠理、保肺
1001,化痒,止咳、止痒、驱蛔
1002,解食肉毒,化痰
1003,脾肾,利水、补益
1004,解热截疟,止血
1005,摄唾涎,固精、缩尿、温脾、暖肾
1006,散肿毒,凉血、祛风湿
1007,消谷食,下气、醒脾、醒脾气、消谷
1008,降平,凉血、止带
1009,滋润,益精、填髓
1010,气阴,利水、补益
1011,除满,燥湿、消积、平喘、降逆
1012,宣肺气,散热、调胃、调肠
1013,洗疥疮,
1014,托脓,生肌、补气、固表、退肿
1015,养髓,益肾、润肠
1016,固筋脉,
1017,补益精血,催乳
1018,利肺水,降肺
1019,补肾气,大补元气
1020,固胎,补肾、益精、养肝、止泄
1021,燥温,散寒、止痒、温中、驱虫
1022,实肠,健脾、行气、消食、止泻
1023,降血糖,
1024,助肾阳,壮筋、补虚损
1025,消肿痛,续骨
1026,定风,
1027,通关窍,消肿、杀虫、止痒、辟秽、利滞气、辟浊
1028,解毒消,凉血
1029,肺炎,化气、肺结核、失眠
1030,固经,益气、补肾、和胃、补血、壮阳、止带
1031,腐蚀赘疣,
1032,赋形剂,润肠、润滑
1033,精血,安胎、补益
1034,清毒散火,消积
1035,祛风显,化瘀、强筋骨
1036,调肠,散热、调胃、宣肺气
1037,理脾助气,调胃
1038,行气破积,杀虫
1039,解烦渴,清暑热
1040,接筋,除湿、续骨
1041,祛瘀血,
1042,愈创,消肿
1043,补益肾阴,除烦
1044,失眠,化气、肺结核、肺炎
1045,益肾精,补中气、调血脉
1046,散瘀拔弹,止痛、消肿、除湿
1047,刮湿,清热、祛风、活血、止血
1048,疏利肝胆,清热、补气、益肺
1049,消癓,活血、散瘀
1050,强腰脚,止咳、祛风湿、通经络
1051,填精髓,厚肠胃、御风寒
1052,疗疹,
1053,调药,调味、驱药、芳香药
1054,入肝,强筋骨、滋养温补
1055,助产,消肿、行气、催产
1056,辛温解表,祛风、胜湿
1057,益胃阴,
1058,强艋骨,通经络
1059,利耳目,下气、降压
1060,除燥,通便、润肠
1061,消带,通淋、健胃
1062,清热泄浊,分清
1063,化湿降,和胃
1064,驱杀蛔虫,收敛
1065,缩溺,益肾、填精
1066,固缩,补益肝肾
1067,辛温发表,壮肾止浊
1068,调补,止痛、止咳、生肌、润肺、通便、润肠、润肤
1069,治补,强筋骨、安胎、肝肾
1070,升清降浊,行气、益肾、和中
1071,湿里,祛风、除湿
1072,清风,清热、消肿、利湿、散瘀
1073,发散外邪,和胃
1074,升散透疹,止咳、除湿、散寒、解表、疏风、解酒、消痞
1075,美容,
1076,隆逆,杀虫、健脾
1077,调元,益肾、填精
1078,益血脉,强筋骨、温肾、填精、补髓
1079,逐瘀血,
1080,补元,益肾、下气
1081,解鱼虾毒,化积
1082,收敛滋补,止渴、止汗
1083,破结,散瘀、利水、通淋
1084,清肝胆,除湿热
1085,保肝,安神、宁心
1086,退疹,
1087,祛内,活血、止血、杀虫、敛疮、收敛固涩
1088,补心益肺,固气
1089,除痛,祛风、利水、通淋、泻火
1090,开膈,健胃、补五脏、清痰、长腰力
1091,健腰脚,利关节
1092,泽皱,补虚、润肤
1093,散痕,接骨、散血
1094,热解毒,
1095,益脾胃,补气
1096,止津,利尿、醒酒
1097,祛翳,明目
1098,避秽,
1099,爆湿,杀虫、去瘀
1100,祛浊,活血、理气、辟秽、调中
1101,角鱼蟹毒,行气、散寒、解表、和中、宣肺、安胎
1102,和肠胃,行气、祛风湿
1103,止疾,
1104,治哮喘,
1105,交通,定喘、下乳、温肺、心肾
1106,表汗,
1107,通血闭,
1108,攻癣,截疟
1109,收敛消肿,
1110,血止血,散瘀、补肝肾
1111,清烦热,散瘀、凉血、利尿、通淋
1112,止吐泻,
1113,消酒食毒,下气
1114,补劳,开胃、止汗
1115,除疾,消肿、祛风、除湿、散瘀、消积、截疟、疗疮
1116,得尿,清热、通淋
1117,外出,养阴、托毒
1118,化淤,止咳、润肺
1119,散瘿,
1120,消肺,通乳
1121,软坚散肿,润五脏、止消渴
1122,滋养温补,强筋骨、入肝
1123,坠胎,活血、通经、消瘀、化症
1124,升举清阳,清热、透疹、发表
1125,水道,消积、通利
1126,涩脾,消食、消积、止痢、导滞
1127,水肿,调经、祛风湿
1128,经痰,
1129,实腠理,益精、保气、保肺
1130,除邪,止咳、行气、散结、通淋、益气、镇惊、降逆
1131,宣阳,补肝肾
1132,止烦渴,解热
1133,收敛制酸,
1134,健腺,清热、止咳、舒筋、活络、消食、润肺
1135,平补,健胃、止渴、补脾、肝肾
1136,感冒,清热、消肿、散结、风热
1137,行水气,通经络
1138,延年,
1139,强精,活血、安神、补气、滋肾
1140,强盘骨,活血、祛风湿
1141,解烦,消食、生津、涩肠、和中、解酒
1142,化骨鲠,去面
1143,被风,活血、明目、疏肝
1144,消谷,下气、醒脾、醒脾气、消谷食
1145,固肠,利水、补益、收涩、脾胃
1146,保肺,益精、保气、实腠理
1147,散郁开结,活血、凉血、祛瘀
1148,下泻,利尿、催吐、祛痢
1149,消散痈肿,清热
1150,降胃气,
1151,祛署,杀虫、化湿
1152,温寒蠲饮,除皲
1153,辟寒,消食、驱瘴
1154,发散表邪,止呕
1155,补阳益服,生精
1156,通秘,止血、凉血、利尿、泄热
1157,散寒表汗,
1158,避孕,杀虫、散寒、温中
1159,用不着喘,利水、益阴
1160,健脾助运,
1161,驱早,健脾、行气、和胃
1162,阳壮,祛除、寒湿
1163,治疮,泻下、催吐、治疥
1164,催生断片,清热、生津、止渴
1165,附温,舒筋、活络
1166,做瘀,消肿、活血
1167,清化,利气、热痰
1168,止艾,和胃、去疣
1169,清泄肝火,
1170,化温,调经、止带
1171,止头痛,散风、降血压
1172,被虚被痰,益气
1173,去痰,解疮毒、去火
1174,消积驱蛔,润肺、安神、养心
1175,去死肌,补虚、调中、消胀、壮筋骨、益气力、破宿血
1176,强阴秘精,壮阳
1177,皮肤病,
1178,通利关节,清热、除湿、泄浊
1179,血脉,利湿、下乳、通利
1180,迸食,清湿热、清心、涩精、止泄、宁神
1181,分清,清热泄浊
1182,别浊,化痰、理气、舒筋、活络
1183,排毒药,解热
1184,定通,止血、散瘀、散寒、生肌
1185,消瘰疬,泻下
1186,和解表里,升阳
1187,开窃,活血、行气、清神
1188,血消肿,
1189,宣气,
1190,养筋,消肿、接骨
1191,蚀疣,
1192,经瘀,
1193,润滑,润肠、赋形剂
1194,行瘀血,泻实热
1195,清头热,
1196,除病毒,祛风湿
1197,祛民,消肿、活血、理气、通络
1198,散瞳升压,平喘、发汗、祛寒
1199,祛火,
1200,去痪,行水
1201,解疮痛,
1202,排痈,消肿、化痰、宽胸、利气
1203,凉营,
1204,下瘀血,消痈、泻热、破积滞、泻实
1205,有毒,
1206,健中,消肿、和胃
1207,结湿,和中、发汗、解暑、行水
1208,散痈,清热、消肿
1209,解素养,消肿
1210,愈溃,清热、活血、散瘀、生肌
1211,宜肺,利湿、利尿、通淋、去浊
1212,镇病,止咳、利尿
1213,壮阳道,托痘疮
1214,下热毒,利膈
1215,驱药,调味、调药、芳香药
1216,行气血,消肿毒
1217,升阳发散,透疹
1218,祛民热,退翳、清肝火
1219,和脾胃,安心、消谈饮
1220,除瘀,顺气
1221,快气利隔,消食、和胃、降逆、杀鱼蟹毒、解酲
1222,泻实热,行瘀血
1223,止能,凉血、行气、疏肝、利胆、解郁、清心
1224,除翳,清热、活血、平喘、清肝、降气、破瘀
1225,长腰力,健胃、补五脏、清痰、开膈
1226,怡神,生津、开胃、宽胸、醒酒
1227,芳香药,调味、调药、驱药
1228,热痰,利气、清化
1229,疗咽,
1230,补命门,益精、暖冲任
1231,调肝,止痛、利尿、理气、补虚
1232,是肾,明目、消疳、补肝
1233,益阳,补肾
1234,消谈饮,安心、和脾胃
1235,清肺火,通淋、软坚
1236,消气,
1237,兴奋健胃,消肿毒
1238,驱蛲,驱鞭、驱蛔虫
1239,涤热,明目、清暑
1240,泽肤,清热、润肺、益阴、填髓
1241,止务,清热
1242,清炎,祛风、除湿、接骨、续筋
1243,涩汤止痢,
1244,化刺,
1245,干肝,清热、利咽
1246,乙脑,清热、止血、凉血、驱虫、防治流感
1247,透发,通络、麻疹
1248,去面,化骨鲠
1249,定癎,镇惊、清火
1250,平顺,止咳、解痉、麻醉、止搐
1251,庋显,止痒
1252,宣壅,逐湿、疗疟
1253,化痞截疟,消食、健胃、镇痛
1254,排毒,利尿、镇痛、疗疮、退烧
1255,开噤,止泻、生津、利咽、涩肠、除痰、消疮
1256,消中,活血、利湿、健脾、调经
1257,清肺胃,生津、止渴、养阴、益五脏
1258,驱蛔虫,驱鞭、驱蛲
1259,降炎火,止鼻血
1260,宣湿,化痰、安神、开窍、醒脾
1261,收效,消肿、止血、除湿、止痢、涩肠
1262,溃脓,消痈、蚀腐
1263,下痰,泻肺、止嗽
1264,散湿毒,祛风
1265,滋补肾阴,
1266,祛湿热,
1267,固摄脾肾,行滞
1268,填骨髓,止渴、通血脉
1269,缓中,补虚、润燥
1270,截疙,降压
1271,情热,止血、凉血
1272,解毒性,止咳、化痰、行瘀
1273,发胎,养血、润燥
1274,息风止疫,清热
1275,熟用,补血、和血、干用
1276,托毒外出,养阴
